battery_id,cycle_index,discharge_index,ambient_temperature,elapsed_time_sec,capacity_ahr,soh,health_status,voltage_mean,voltage_min,voltage_max,voltage_std,current_mean,current_min,current_max,current_std,temperature_mean,temperature_min,temperature_max,temperature_std
B0005,2,1,24.0,3690.234,1.8564874208181574,0.9282437104090787,Healthy,3.5298286688693397,2.612467347907089,4.191491807505295,0.2359570706808563,-1.8187019641679727,-2.0180146876333027,0.000728585272845447,0.593546181674474,32.572328114029,24.325993424022467,38.98218133148803,3.4869204762216834
B0005,4,2,24.0,3672.344,1.846327249719927,0.9231636248599635,Healthy,3.5373201277859714,2.587208728940726,4.189773213846608,0.23476492928592219,-1.8175598506612867,-2.016820542901454,0.002927403359080335,0.5951796218062511,32.72523522519307,24.685948163596,39.033397966787035,3.4267342264664666
B0005,6,3,24.0,3651.641,1.8353491942234077,0.9176745971117038,Healthy,3.5437367282719,2.6519168938437794,4.188186735991303,0.22752543549673088,-1.8164865418840956,-2.016573862170142,0.0014836763652280672,0.5964980204475099,32.64286193755933,24.734266163954402,38.818796689817404,3.379475042762775
B0005,8,4,24.0,3631.563,1.8352625275821128,0.9176312637910564,Healthy,3.5436661072601456,2.592947964776547,4.188461118855572,0.23274431724182537,-1.8255891938692528,-2.0159359571668354,0.001547011952723541,0.5834624841611844,32.51487646204882,24.652243741292516,38.7623045063458,3.3865437316993527
B0005,10,5,24.0,3629.172,1.8346455082120419,0.9173227541060209,Healthy,3.5423432526672167,2.547419651124539,4.188298524761055,0.2366885716567803,-1.8261139590277586,-2.017425579158831,0.001701454824503414,0.5834685498827803,32.38234901543077,24.518700434435164,38.66539257343368,3.3958806914600226
B0005,12,6,24.0,3652.281,1.8356616600675495,0.9178308300337747,Healthy,3.5413347346347575,2.5209480504077413,4.188815807948604,0.23931625998293235,-1.8168108743168803,-2.0162347618032066,0.0024899497555445145,0.5967015706365189,32.43418218230641,24.51442664842638,38.75169504640032,3.4173255675455376
B0005,14,7,24.0,3650.828,1.8351461429226603,0.9175730714613302,Healthy,3.5410250495075215,2.487927319492314,4.18839163793879,0.2425153341196382,-1.816791144707133,-2.01583310669507,0.002314295882739856,0.5964919190059063,32.480416444757985,24.575581239008407,38.8207012322275,3.419542558294876
B0005,16,8,24.0,3572.453,1.8257567905665537,0.9128783952832769,Healthy,3.554133296801584,2.6652049047458775,4.188927891511958,0.22731251096165395,-1.8443412120754061,-2.0166395518034546,0.002227616056915605,0.5573831672048897,32.41046186109587,24.71132429046902,38.51713023385634,3.3516161723228617
B0005,18,9,24.0,3550.594,1.8247738529891333,0.9123869264945667,Healthy,3.5529355991467955,2.6038584726333673,4.189029250882121,0.2324538495076242,-1.853972745505648,-2.018357230695621,0.005401028321021492,0.5424840616663397,32.3461408313,24.628487294051176,38.526267904657,3.3724043396197616
B0005,20,10,24.0,3551.25,1.824613268496936,0.912306634248468,Healthy,3.5512057319376997,2.552853984885676,4.189223427076418,0.23672870147542147,-1.8535899338510957,-2.0160718378149842,0.0030191479674457028,0.5423346882876612,32.27679750791685,24.561560340089137,38.52698128472781,3.384318782535614
B0005,22,11,24.0,3530.25,1.8246195526864504,0.9123097763432252,Healthy,3.549292319740949,2.4724483018527317,4.188916055911241,0.2430973444996006,-1.863380178294828,-2.0160713863396573,0.002626400189938571,0.5267409991401001,32.15709350345252,24.43128509546442,38.54143406601644,3.4192563180601603
B0005,25,12,24.0,3491.016,1.8142019357673917,0.9071009678836959,Healthy,3.559759220648976,2.64956413267546,4.189876247266316,0.22886185175957943,-1.872968810287894,-2.016851865845563,0.00236452370176732,0.5116979707844124,32.36407129853099,24.74037188089418,38.52197451768004,3.3635991447660745
B0005,27,13,24.0,3470.281,1.8137521577549054,0.9068760788774527,Healthy,3.558081969139198,2.5724981777366227,4.189286794768804,0.23460775776275253,-1.8826095043160833,-2.016393908986775,0.0018583785527610795,0.4942824152307196,32.3181954403762,24.733107699311514,38.582485834057856,3.3739283176724415
B0005,29,14,24.0,3470.0,1.8134404914735822,0.9067202457367911,Healthy,3.555692244172496,2.5249886697730286,4.188837765892728,0.237911318298918,-1.882536787636365,-2.0158117255163046,0.0022664654273509715,0.49428703573729343,32.15709029211502,24.44798340505406,38.520294134873915,3.426023279669047
B0005,31,15,24.0,3450.297,1.8025980036306504,0.9012990018153252,Healthy,3.562746818017503,2.694621861688723,4.189110301768517,0.22392608690207388,-1.8817935155260215,-2.0193509920362724,0.001319946437255823,0.49541451927035984,32.04407000314609,24.463097121123557,38.21358592965045,3.360458061989185
B0005,33,16,24.0,3429.407,1.80210690024615,0.901053450123075,Healthy,3.5614521756489204,2.64010141737067,4.18921207304098,0.22796979172772144,-1.8921861285036712,-2.0164420273602586,0.0030782527761262007,0.4770160473926998,31.931593674911532,24.32051139249706,38.1983618706913,3.385244667118977
B0005,35,17,24.0,3409.484,1.802579500826209,0.9012897504131046,Healthy,3.5603420474985823,2.5739035098380962,4.188899969428112,0.23297600498562532,-1.9027629207037406,-2.016465255161054,0.0009018486465400538,0.4571130109358775,31.941655359029298,24.357321702352365,38.31926916027133,3.4008083552683144
B0005,37,18,24.0,3390.422,1.8030683142834096,0.9015341571417048,Healthy,3.5591189041401865,2.4942396831720126,4.188779799856791,0.23873643876806222,-1.9133470605822436,-2.0181069603406625,-0.00044812397487015555,0.4358942318853322,31.965008645476725,24.382419922756025,38.4787542519308,3.414795247499799
B0005,39,19,24.0,3390.281,1.8027776247196041,0.9013888123598021,Healthy,3.557886771846508,2.4556793246645583,4.189272591516219,0.24145031412156678,-1.9131602105481538,-2.0170254305215485,0.002337558709004184,0.43619046586394566,31.966241678512723,24.355030419469987,38.54659017774874,3.433369080629228
B0005,42,20,24.0,3591.734,1.8470259949329193,0.9235129974664597,Healthy,3.5520375235511907,2.632142800798914,4.187614060563439,0.23416563071224794,-1.8553455745575975,-2.01684718332263,0.005955165804640151,0.5400579358950733,32.37143341978575,24.549424447285215,38.44749852224995,3.358265608227543
B0005,46,21,24.0,3552.297,1.847417311283644,0.923708655641822,Healthy,3.5525668436897124,2.5027764692056795,4.1876287811083985,0.2441722414090925,-1.8746995273150975,-2.016190951623346,0.0016182635202416972,0.5078881766945342,32.70024990461686,24.917503693363493,38.992275791716615,3.4144547200965945
B0005,50,22,24.0,3531.578,1.8361774213478947,0.9180887106739474,Healthy,3.556794038327039,2.617507742871704,4.187447226312926,0.23311973567394634,-1.873827212788385,-2.016760348146938,0.002519215784369448,0.5090210348494151,32.32266411829938,24.56596639952811,38.51424197364312,3.395181230789341
B0005,54,23,24.0,3492.907,1.8257807475776242,0.9128903737888121,Healthy,3.5614100044534203,2.694074478000972,4.187344026387161,0.22484633144049296,-1.883193546754683,-2.0160230713598764,0.0037933120349866447,0.49304941109665107,31.98795810666763,24.21658146702539,38.165816144899125,3.404274898198559
B0005,58,24,24.0,3511.594,1.8251136435078368,0.9125568217539184,Healthy,3.5566107947817986,2.6237674644021887,4.187438187636325,0.23067449635182954,-1.873239184822504,-2.01719076462715,0.00343888873867598,0.51045002675325,31.894456524691385,24.054990657817566,38.16526203587147,3.436465900023053
B0005,62,25,24.0,3431.9370000000054,1.8255815042203762,0.9127907521101881,Healthy,3.5586742170266272,2.5010798299873738,4.18774138117799,0.23845858592777874,-1.9139593751505897,-2.0161148625656655,0.0012614422239159216,0.4336815885962881,31.78039681801023,24.024851602995685,38.27549578575718,3.4449494445307676
B0005,66,26,24.0,3431.125,1.8140311275083907,0.9070155637541953,Healthy,3.564103182686905,2.6849988185249796,4.188261122540052,0.22371289710668404,-1.9030532722310995,-2.0168636304742815,0.0031353992245556606,0.45609178373993275,31.688747146342205,23.93622764909489,37.982160799183106,3.4231952488727075
B0005,70,27,24.0,3412.406,1.8147691941158939,0.9073845970579469,Healthy,3.559588063594272,2.547109116468133,4.187338767288234,0.23399060506233524,-1.9134590742247914,-2.024643671910137,0.0011043615738374486,0.434873129767018,31.596747992569153,23.811534187517502,38.11100191887773,3.461139819499428
B0005,74,28,24.0,3410.688,1.813969388710352,0.906984694355176,Healthy,3.556833231052199,2.471314764334132,4.187560306288175,0.23947202414141244,-1.913620909902553,-2.017291134571006,-3.060676830687782e-05,0.43491395027052004,31.565586498787077,23.754765330883426,38.18831137948753,3.480274215150429
B0005,78,29,24.0,3410.718,1.802765665167823,0.9013828325839115,Healthy,3.5624410850948944,2.6613903306108773,4.18805176248713,0.22469381728284948,-1.9025819745719061,-2.01713712589233,0.0037901043107805275,0.45735642874148813,31.59124667045208,23.79410930748377,37.998541119085836,3.455173082508427
B0005,82,30,24.0,3392.719,1.804077040117352,0.902038520058676,Healthy,3.5591407106855666,2.541762355407921,4.187667484260542,0.2337381121665522,-1.9130621638638965,-2.0159460285100574,0.0006901740069088986,0.4362089113558066,31.603485399391182,23.801300986918452,38.194201649765226,3.4825819327963465
B0005,86,31,24.0,3470.672,1.8518025516704486,0.9259012758352243,Healthy,3.5573161327793144,2.628919415830567,4.2010701773378685,0.2244802327371113,-1.920618117118412,-2.0167372379007014,0.0008475435827522827,0.4205282536761078,31.91556385491565,23.78129749955371,38.45796400011448,3.5076959837591097
B0005,90,32,24.0,3414.109,1.8307038456739428,0.9153519228369714,Healthy,3.561870782772737,2.6312552691827045,4.1996223345495824,0.22326557144507364,-1.9298830859597569,-2.0183057226929555,0.0011650883880798665,0.399294272689169,32.081128118597164,24.2036410699716,38.49126351534004,3.3915014198167084
B0005,94,33,24.0,3395.219,1.8199041089501267,0.9099520544750633,Healthy,3.5617586337260088,2.654880745360911,4.199853323702163,0.22104596048351946,-1.9293005284805407,-2.016579511976592,0.0019472390588109682,0.4002852377219257,31.849792632896243,24.00078927251757,38.31473393357882,3.3803301579998144
B0005,98,34,24.0,3386.0,1.8093079637028517,0.9046539818514259,Healthy,3.5597307651083123,2.6749688422803803,4.199103467081427,0.21897224844365457,-1.923330987770314,-2.0193879194408373,0.0018372947715281892,0.4135159697940358,31.465690433362017,23.53999092882516,37.861934640176806,3.416430218751927
B0005,102,35,24.0,3368.187,1.80460990458052,0.90230495229026,Healthy,3.5575937553540915,2.6159705726789904,4.199998536865001,0.22364252387843475,-1.9284469980320087,-2.015814483813837,0.0074961910680886356,0.40194096557758924,31.40934895665031,23.566095747572557,37.90665575786083,3.39766676229326
B0005,106,36,24.0,3368.266,1.7993770651972192,0.8996885325986096,Healthy,3.5597237883937995,2.658447162110498,4.19967522099872,0.22067304968852833,-1.9231439161693824,-2.019901495893039,0.001392374886299951,0.4145005123309109,31.902247475518077,23.9730227457941,38.34003238560517,3.4319633187951024
B0005,110,37,24.0,3358.719,1.7884432335370462,0.8942216167685231,Healthy,3.559061771422033,2.6979426084271156,4.1991847248803165,0.2174117074890921,-1.9170149640438081,-2.016522387288751,0.0025753372180031702,0.42729035615010547,31.649024294808623,23.755161868961988,38.0745950590744,3.429628733786301
B0005,114,38,24.0,3339.5,1.7829230484252723,0.8914615242126361,Healthy,3.557015527748059,2.6617272246516333,4.200012480335,0.2202112122344345,-1.922048805055383,-2.017112121704317,0.0011747056452339859,0.4161258984825695,31.48874626238971,23.51454265913581,38.07252758016199,3.4678195183884166
B0005,118,39,24.0,3331.265,1.7730337158018288,0.8865168579009144,Healthy,3.5562481933590964,2.699288287625812,4.1992373656547874,0.21711532049783672,-1.9162302821549877,-2.018009988339822,0.0023816748049826563,0.42893766203569794,31.329995610092634,23.27146353182613,37.80133585100446,3.5094402484809746
B0005,122,40,24.0,3321.188,1.773037755078937,0.8865188775394685,Healthy,3.5532756526091784,2.6127932408838532,4.1993957811187075,0.2242097776623701,-1.9220800182578983,-2.017724236336294,0.0021374370347549054,0.4172895950868297,31.569551201845574,23.439367870877128,38.39873985476869,3.562748483599031
B0005,126,41,24.0,3321.844,1.7678721106662054,0.8839360553331027,Healthy,3.556266431640255,2.6637064901468075,4.1995786980260705,0.22065598640894563,-1.9162417890311958,-2.016792488625222,0.00151986195803867,0.42954821430451323,32.111426258867944,24.020578317587123,38.74929237918251,3.542509758652166
B0005,130,42,24.0,3311.828,1.7623150704093087,0.8811575352046543,Healthy,3.5563095420140822,2.6668454289754746,4.199546957512695,0.22086472080479183,-1.9158809823517762,-2.0172551326315866,0.0018244735178706453,0.4301866281036963,32.271676011112376,24.256086319320033,38.87275464755104,3.505491291733021
B0005,134,43,24.0,3327.391,1.7676172924938447,0.8838086462469223,Healthy,3.558950851054106,2.684431051981017,4.194091469340824,0.2248771520046519,-1.9114406265753041,-2.0159457514475405,0.0005228307091433465,0.43944109419390154,31.842291659678658,23.99270220171187,38.503541429116005,3.5341086843673057
B0005,136,44,24.0,3312.078,1.762668359743147,0.8813341798715735,Healthy,3.5534418211598053,2.645224362345869,4.200715235801255,0.22263448201480376,-1.9158166997544155,-2.021877555086194,0.002427106886628309,0.4299853699579859,31.759815453754253,23.826487051861594,38.27009094548294,3.4611972406700215
B0005,140,45,24.0,3293.172,1.7517304870664143,0.8758652435332072,Healthy,3.5510121537420285,2.6603527244917,4.1990980807180325,0.22130511019697496,-1.9151304155635374,-2.0169903181968984,0.0006158711833322257,0.4310379045239763,31.41911167391793,23.348558306380394,38.11684755251712,3.5319955005201416
B0005,144,46,24.0,3275.328,1.7418496047960008,0.8709248023980004,Healthy,3.551317608213948,2.6926849789916263,4.199398534411534,0.21900720749034402,-1.9148485784393638,-2.016185456554963,0.0008035192993614022,0.43231390245118795,31.331626572312267,23.236214188565974,38.04152715355532,3.538620015044167
B0005,148,47,24.0,3265.016,1.7360913511847138,0.8680456755923569,Healthy,3.549003180550162,2.670544734728978,4.199122915612965,0.22112880899864104,-1.9144128654409127,-2.0170647431651068,0.0014889451776809062,0.4327839754033059,31.35934131425137,23.214801785728056,38.17980302242767,3.580882360514829
B0005,150,48,24.0,3328.937,1.7936240148573608,0.8968120074286804,Healthy,3.5597648340955175,2.605158060541757,4.190409478081396,0.22690811654164278,-1.9388813849818083,-2.0168134548386294,0.002493114712392233,0.3772637665356265,34.31088483888259,26.647373946169793,40.71218198711114,3.3312911329320847
B0005,154,49,24.0,3329.266,1.7831890223273275,0.8915945111636637,Healthy,3.5623454342368555,2.672012007453096,4.199933846791869,0.22196151611679193,-1.927509725704535,-2.0165540953857675,0.002858970104521588,0.40406682162522617,33.43585640373788,25.69911743242072,39.885261233152924,3.3758093419223836
B0005,158,50,24.0,3301.579,1.7673642076278957,0.8836821038139479,Healthy,3.558336657621618,2.674271233724938,4.199365021329158,0.22116302424041023,-1.9267185977839403,-2.022483480851903,0.0012369720338688353,0.4055885131371584,32.66698125020078,24.833281081823134,39.18287352945846,3.410710826213734
B0005,162,51,24.0,3283.563,1.7570177850353066,0.8785088925176533,Healthy,3.554013138622869,2.6309416727017187,4.19902365945384,0.22441709628144815,-1.9261308349663746,-2.0168041459037114,0.0027115029184951785,0.4068434847542995,32.28423408691397,24.361616832363048,38.951564804030774,3.477296802755773
B0005,166,52,24.0,3275.125,1.7468706179837907,0.8734353089918954,Healthy,3.552376095886298,2.6629725743154204,4.199432142144215,0.22204569380260106,-1.9202346781375206,-2.0172800396238526,0.003127245831423531,0.42017980834668417,32.00739178780946,24.019157444608588,38.607510759873634,3.5114636089072517
B0005,170,53,24.0,3265.656,1.7417172507457144,0.8708586253728572,Healthy,3.549618661283733,2.612942119873717,4.199640922827531,0.22622259329090488,-1.9201011498853633,-2.0159193745006387,0.0012894534058489268,0.4206076443839264,32.06387071886056,24.006646494284762,38.920359903369054,3.565622841015737
B0005,174,54,24.0,3266.093,1.7364225056478186,0.8682112528239093,Healthy,3.54938103086703,2.6157198442661476,4.199305653118061,0.22644463175198204,-1.9144278105456467,-2.0206059195730015,0.0010352326876111328,0.43285900358177537,32.43754560319043,24.328038456694348,39.23273115358871,3.6022709283889247
B0005,178,55,24.0,3257.594,1.7263217239235826,0.8631608619617913,Healthy,3.5472118680418956,2.6287695472774453,4.198949734540481,0.2256048866862126,-1.908340706503589,-2.017554048083073,0.002141440621650397,0.44542459211819263,32.16809876635083,24.121591093765634,38.964927068400804,3.563053000695821
B0005,182,56,24.0,3248.593,1.7158065389330133,0.8579032694665066,Healthy,3.5467052098640246,2.6655106679421823,4.19834220599025,0.22260946236691775,-1.902207182631691,-2.016416703030436,0.0017702200905978112,0.4575237574010793,32.05752645824972,23.971565610462942,38.83927283461771,3.580382906894387
B0005,186,57,24.0,3238.766,1.710533351135192,0.855266675567596,Healthy,3.544629653883431,2.650495153350403,4.198995776266302,0.22441087883425337,-1.9020484449938713,-2.0170229987437884,0.0014307662327893813,0.45824944020161834,31.975920928072714,23.83541998401671,38.82796377704433,3.6137129639045322
B0005,190,58,24.0,3240.14,1.706014499648521,0.8530072498242605,Healthy,3.5436291614253204,2.643236235233877,4.19916986492694,0.2251626394650501,-1.8964907679062355,-2.016783933430818,0.00490119980676573,0.4695119039783484,32.21689335291319,23.956923878018035,39.14007944734004,3.6809207416656733
B0005,194,59,24.0,3230.109,1.7003110272642588,0.8501555136321294,Healthy,3.5444946147995258,2.656450207001938,4.199246833083063,0.2250288003365719,-1.895971437908019,-2.0199829306240713,0.001796424269077256,0.4700220134159711,32.55632993697177,24.465118009505925,39.349611598028886,3.5876341260521625
B0005,198,60,24.0,3229.7810000000027,1.6945798601797895,0.8472899300898947,Healthy,3.5409201846556857,2.626177688152069,4.1992551886401595,0.22759267954042178,-1.8899648799839277,-2.016448312230377,0.004899013626111221,0.4809252461296192,32.40048085325998,24.267851748683743,39.29444535878087,3.6261445424786727
B0005,202,61,24.0,3212.469,1.6849029086609286,0.8424514543304643,Healthy,3.541195668799061,2.6582230344240045,4.199610827671791,0.2253901682415922,-1.8893703824420507,-2.0264654916334726,0.002434406743192847,0.48225312231239975,32.29371860868794,24.14386556947967,39.10487658009542,3.637499367495382
B0005,206,62,24.0,3213.219,1.6744741591159717,0.8372370795579859,Healthy,3.540671044783382,2.695100237338448,4.1994453812630566,0.22200337643732754,-1.8776883243431417,-2.017330650607364,0.0014513205321675263,0.5029620620589579,32.136071448067796,23.934085583884677,39.0462609369598,3.654819125074113
B0005,210,63,24.0,3203.578,1.6745692479879102,0.8372846239939551,Healthy,3.5376048790268775,2.639091813583503,4.198991968341307,0.22747021165023182,-1.8831065986697755,-2.0225787607034706,0.005933998461667336,0.4936099038550067,32.38268549723498,24.080595341823642,39.398032192832,3.738665594798859
B0005,214,64,24.0,3195.125,1.663716375981405,0.8318581879907025,Healthy,3.538422485261741,2.6857210282450983,4.197785116892181,0.22445639503179138,-1.876359921441716,-2.0158674131052456,0.0034449440902895195,0.5045046007331752,32.30899951427637,24.428816535813286,39.10678394120843,3.573601688124995
B0005,216,65,24.0,3195.3129999999946,1.659013868748246,0.829506934374123,Healthy,3.53928626988912,2.69017866510873,4.201331130571617,0.2237217691429451,-1.8709550260104437,-2.016878594815316,0.0012286208011475699,0.5143997774045596,32.56636929496716,24.3288116844709,39.44448954135193,3.6987146279019267
B0005,220,66,24.0,3186.297,1.6538540573335014,0.8269270286667507,Healthy,3.533690170241391,2.639895313359579,4.199339974904826,0.2284155018484487,-1.8705599868289542,-2.0190191551299326,0.0006759557151863035,0.5149956757914231,32.46542951751835,24.124885387020978,39.509602016775695,3.763161934375441
B0005,224,67,24.0,3176.438,1.642653782130131,0.8213268910650655,Healthy,3.534367734544495,2.68991452927918,4.198916244859707,0.22401128563800174,-1.8640049795794804,-2.0179820220655023,0.0017286665299136564,0.5255367036226928,32.347056454418095,23.980294072799666,39.334865362245324,3.7686387838768005
B0005,228,68,24.0,3167.593,1.6378578430223698,0.8189289215111849,Healthy,3.5312941932103548,2.65935818848874,4.198537488587242,0.22709204592021853,-1.8636932149873204,-2.0158401305926343,0.0008822013179447034,0.5263075365065475,32.371538940646154,23.969183667109306,39.43723270017243,3.798378346405976
B0005,232,69,24.0,3167.719,1.6327350407099108,0.8163675203549554,Healthy,3.5309134771684274,2.6657030585650423,4.198943932259475,0.22674511548841458,-1.857820396301907,-2.0192083553177325,0.0032196054196979183,0.5360241740397207,32.45549347979197,24.037074564457942,39.51375235624076,3.806767841094206
B0005,236,70,24.0,3159.077999999994,1.6277528915533617,0.8138764457766808,Healthy,3.5287226893409893,2.642986759012803,4.199579806494986,0.22927035359609077,-1.8572160981955346,-2.017754065523427,0.002329222708757339,0.5366022681919891,32.50017194695606,24.074008046047823,39.60170302810528,3.822022211269683
B0005,240,71,24.0,3148.829,1.622125485521159,0.8110627427605795,Healthy,3.52625493581969,2.6311169118893036,4.198782234828033,0.23073247098074154,-1.8568340008006827,-2.016206764491147,0.0036382151418645234,0.5375143566828329,32.50100298369444,24.043536678896338,39.687463597582074,3.84957926477219
B0005,244,72,24.0,3149.094,1.6113256603765849,0.8056628301882924,Healthy,3.528684324337005,2.696157404617167,4.19910517813207,0.2247705585097621,-1.8448886500218815,-2.018425729441905,0.002409343074541808,0.5559145972091805,32.4728927422438,24.007622451152475,39.53535075538898,3.8316458393751693
B0005,248,73,24.0,3140.547,1.6065631397488385,0.8032815698744192,Healthy,3.525556939424901,2.6667596238241567,4.198510853141954,0.22779895158764976,-1.8444180038305806,-2.0200094988659028,0.0018183081167425818,0.5567175936954798,32.50480154634882,23.99346277596251,39.6502371632164,3.8641045055376444
B0005,252,74,24.0,3131.625,1.6015142233917594,0.8007571116958797,Healthy,3.5226805646793737,2.6403185448373043,4.198732430468704,0.23050584047552053,-1.8438790389835118,-2.0160906793454063,0.0023945547129780136,0.557421835420678,32.51218336210202,23.977316018708777,39.69929058154853,3.885789404543481
B0005,256,75,24.0,3121.907,1.590369231400328,0.795184615700164,Warning,3.524673458789008,2.69892986372897,4.198799630396931,0.22554614793423197,-1.83711254029409,-2.017218805788003,0.003459179478904217,0.5670761474198778,32.45692821941515,23.92726467831658,39.56076309770468,3.8707779902612707
B0005,260,76,24.0,3122.125,1.5857889968242211,0.7928944984121106,Warning,3.5213155754526824,2.6682466504352993,4.198753541225669,0.22838261270267754,-1.8315957075983758,-2.017576881832417,0.002911553978859486,0.5758422473114834,32.447059186431154,23.878754027011194,39.63708096307912,3.902676905350374
B0005,264,77,24.0,3121.672,1.5849430707374117,0.7924715353687058,Warning,3.51803386486462,2.6479207279724903,4.200309982421394,0.23117872316851204,-1.8311195242792309,-2.0163186530776205,0.001691287375631991,0.5758733468618624,32.32889654966259,23.90454749592773,39.43977047692484,3.8494187253951466
B0005,266,78,24.0,3120.86,1.5955263892495937,0.7977631946247968,Warning,3.5236841955396794,2.6741633856529066,4.201124089732316,0.22917796003491905,-1.8432799764914718,-2.016322017667326,0.0031344620126884833,0.5581982237984048,32.84488475360107,24.472949639670766,39.839022256254516,3.7930289092436635
B0005,270,79,24.0,3103.828,1.5747301747801037,0.7873650873900518,Warning,3.519146638240668,2.6892528956736257,4.198150316653697,0.22719970590454205,-1.829798505957538,-2.0160583834613157,0.002214915830402201,0.577259511293026,32.31731555011648,23.81400684876703,39.41794949618613,3.864121159323799
B0005,274,80,24.0,3095.094,1.5649019950937946,0.7824509975468973,Warning,3.516233648608237,2.688809122993162,4.198524048997099,0.2273324183483178,-1.8236746835609148,-2.0176016183677974,0.0026959062866318295,0.5868747718090098,32.06376130177751,23.405971076202263,39.262781682151214,3.943799041030261
B0005,278,81,24.0,3095.781,1.5597659473370362,0.7798829736685181,Warning,3.514773138461639,2.6743555987897745,4.198840869468569,0.22847210016062755,-1.8176720770210877,-2.018404141903304,0.002592567167286657,0.5952075610841622,32.21997626855924,23.504268200620626,39.47237839941986,3.9798848350523506
B0005,282,82,24.0,3094.328,1.5594815668184234,0.7797407834092117,Warning,3.5132992979150073,2.6430294964336345,4.198119631667182,0.2314217062849809,-1.8179238657973993,-2.016777852675889,0.0015197601976623138,0.5952405875017754,32.7120225448885,23.986241979219916,40.037541469513684,3.9976006239496304
B0005,286,83,24.0,3086.531,1.55468935359061,0.777344676795305,Warning,3.514484830704665,2.6584858447131823,4.198320288264955,0.23060759962593796,-1.817160673909645,-2.019500858990014,0.005375811737933425,0.5961269317003768,32.945022147355694,24.332016492731967,40.142730162011574,3.9422119635924115
B0005,290,84,24.0,3085.625,1.5488741079890418,0.7744370539945209,Warning,3.5109677353595243,2.629782173759164,4.1980467610750285,0.2329526759800367,-1.8110297241968543,-2.025028692484549,0.001299695920075446,0.6042377451924877,32.857549597381336,24.210935532035016,40.1165626728546,3.9688503842638565
B0005,294,85,24.0,3067.203,1.538236598942558,0.769118299471279,Warning,3.5109358749578012,2.6622967647315545,4.199047008209673,0.2307329830817022,-1.8094435644526072,-2.017188769565156,0.003654247255878711,0.605972691577863,32.629663328789654,24.000424305912805,39.87503330866132,3.951047957236267
B0005,298,86,24.0,3058.157,1.527914258251028,0.763957129125514,Warning,3.509393098217416,2.682380966742509,4.197669918520713,0.2288570136594319,-1.8026537331443495,-2.0203529496154493,0.0013741929346254653,0.6147018605615803,32.379859014262976,23.66809609847637,39.61961987024145,3.988147604013235
B0005,302,87,24.0,3058.812,1.5285252629756445,0.7642626314878223,Warning,3.5066782411556563,2.6401894768922713,4.197600624105256,0.2324429087783303,-1.8031542757366414,-2.016749317444538,0.0020536118932937353,0.6147768190719081,32.68215852457039,23.845674209557426,40.067324667444815,4.061372918664878
B0005,306,88,24.0,3058.578,1.522647325284378,0.761323662642189,Warning,3.5109885623008092,2.693769409137257,4.197985718630326,0.2279824823099926,-1.7965666438696486,-2.016964364118414,0.002233821019065787,0.6225281437334834,32.99387423636739,24.23969113753901,40.24716716520102,4.008265788698764
B0005,310,89,24.0,3049.328,1.5174859938489869,0.7587429969244934,Warning,3.510305462695178,2.695787450704935,4.198164128530042,0.2281087434098021,-1.7959771394311956,-2.0177154474110517,0.0029663849324865874,0.6233048468787379,33.04539707211165,24.30453859448875,40.30253125568348,4.01550117256657
B0005,313,90,24.0,3177.219,1.605818899130659,0.8029094495653295,Healthy,3.5222215314850214,2.6920548172137724,4.222920057935785,0.23455024881444192,-1.822916991757235,-2.017087516284557,0.0015450426899526494,0.5880606956486941,32.856295641052824,24.112523495131093,40.09418103142496,3.9810906805855084
B0005,316,91,24.0,3082.937,1.5638491446744425,0.7819245723372212,Warning,3.5163492154331264,2.629071246219689,4.200423045909808,0.2342514069587575,-1.8294275689587538,-2.0177115857667665,0.0029495288044011506,0.5790386830763732,33.33950238056361,24.719311536144843,40.52238496316615,3.9283338338688516
B0005,320,92,24.0,3074.266,1.5480915247767786,0.7740457623883893,Warning,3.5134397623234963,2.631343871050918,4.198372063670128,0.23338016528628605,-1.816317296828028,-2.0160877086861952,0.0016903309192767824,0.5967165768532282,33.35156485472646,24.73538913848975,40.56886357314186,3.951653441190732
B0005,324,93,24.0,3066.0,1.5323755631868592,0.7661877815934296,Warning,3.515137522009075,2.6983970036642315,4.198353213898968,0.22724285807568523,-1.8033689952639713,-2.0174325692631547,0.0017335297510131795,0.6138243789661205,33.147486361012966,24.494140877553082,40.27804845768325,3.9517570424024644
B0005,328,94,24.0,3056.437,1.5269528268489705,0.7634764134244852,Warning,3.50830390643132,2.6338485871981514,4.197873789078739,0.2331667808997218,-1.802670753119494,-2.017976023705107,0.003201402568771493,0.6146945270651876,33.007275861749356,24.254986942423244,40.2921849196155,4.008284181289492
B0005,332,95,24.0,3048.219,1.5169573017136326,0.7584786508568163,Warning,3.509190808443004,2.671566207861818,4.197955644238241,0.22983512055913674,-1.7958941337499832,-2.016684455267326,0.0012207622759792553,0.6233018675049735,32.91990812745461,24.1488106351578,40.184384347174266,4.0190435754293565
B0005,336,96,24.0,3039.218,1.5118975960142693,0.7559487980071347,Warning,3.5068097579555353,2.6540810507928123,4.197918434710392,0.23170359937392337,-1.795344963527795,-2.0185074328810417,0.0027177292470912523,0.624318776563091,32.99903328622305,24.205952380559673,40.320066232195046,4.044741656549233
B0005,340,97,24.0,3039.047,1.5065638960681105,0.7532819480340552,Warning,3.50609090727422,2.656849703962618,4.197739340034368,0.23141529776276365,-1.7893518988259454,-2.0206154364574687,0.002966026743767936,0.6320325499876801,33.03772281691292,24.228213693022468,40.336505612651585,4.042950285126565
B0005,344,98,24.0,3030.375,1.5015453526671363,0.7507726763335681,Warning,3.5037157727265953,2.6363048614501152,4.19785490446139,0.23345025331554517,-1.7883879159763685,-2.0174212119307557,0.0019690360203288167,0.6328913986760089,33.07740307192613,24.25745983903501,40.43267631588412,4.058632380945664
B0005,348,99,24.0,3021.0,1.4908444050400238,0.7454222025200119,Warning,3.5067479961367156,2.69951692300468,4.197306756122815,0.22782166398290293,-1.7815447770741009,-2.0224772834102507,0.002722369357879482,0.6414356710358949,33.05467981523988,24.228985806758885,40.314538591575015,4.045827846714321
B0005,352,100,24.0,3021.75,1.485868384561201,0.7429341922806005,Warning,3.5058813026542324,2.698216006032282,4.197528212001444,0.22798452244418208,-1.7753115642966961,-2.0179249554704706,0.0006217348755526608,0.6486068932660061,33.11570360624461,24.27409668200787,40.386661855917744,4.056672478286734
B0005,356,101,24.0,3012.265,1.480413677976106,0.740206838988053,Warning,3.504168333530808,2.6911707598773864,4.19743662221161,0.22887754440273086,-1.7742377662318358,-2.018486701026112,0.002574506411845257,0.6498057454815246,33.12942148982364,24.26045465629052,40.43384612547835,4.070998143447877
B0005,360,102,24.0,3002.641,1.4752095869031632,0.7376047934515816,Warning,3.5030568931470634,2.690162319231471,4.197717228550219,0.22926505227297364,-1.773860289771637,-2.0172029187594718,0.002304044135428048,0.6507355272479427,33.130681310493344,24.246954155128837,40.44479269068758,4.079963844026956
B0005,364,103,24.0,3012.0,1.4859035988304024,0.7429517994152012,Warning,3.4982324882487936,2.6355034454892072,4.192454851360723,0.23319573629206394,-1.7809702419814517,-2.017032616337778,0.0013818757062667917,0.6422230325919555,33.20069210329718,24.337824191545764,40.58499656066617,4.0996268557124855
B0005,367,104,24.0,3020.11,1.4960918298136696,0.7480459149068348,Warning,3.5065859365661325,2.6594753656507684,4.202845001527377,0.2327793636251861,-1.7879098523188452,-2.020648432189961,0.003790346438351921,0.633757279790088,33.78697527817091,25.05068794027295,40.99869158762305,4.00137718412186
B0005,371,105,24.0,3002.172000000006,1.4808005946928984,0.7404002973464492,Warning,3.501457140697961,2.644554999824577,4.197952808231904,0.2335250205477887,-1.780229415660985,-2.018056806197647,0.0029141195307161565,0.6432393686749752,33.673365085761986,24.845214918132577,40.997807625227495,4.065518600867025
B0005,375,106,24.0,2992.703,1.4697543268466824,0.7348771634233412,Warning,3.501658387162809,2.6719601666204564,4.198017952345714,0.23109365437747822,-1.7731015168894209,-2.017916668624779,0.0007844165488200334,0.6514705765655358,33.535818118317145,24.68293151974539,40.84213757482493,4.071805413255272
B0005,379,107,24.0,2964.468,1.4539012274845928,0.7269506137422964,Warning,3.4966186408455298,2.6598211033173382,4.192162800008929,0.23123114842947284,-1.7705879947441516,-2.027591717224413,0.005446235642757207,0.654212957890516,33.32269982188509,24.442107279152207,40.69012464267011,4.102402769286851
B0005,383,108,24.0,2983.375,1.4541462067235693,0.7270731033617847,Warning,3.4991645719433246,2.688360455508818,4.196993378341778,0.22947771879895953,-1.7600629827474803,-2.017344770444764,0.0015596672777035013,0.667000512961465,33.346230327490304,24.375162099510042,40.69938049882204,4.1187097532725945
B0005,387,109,24.0,2975.297,1.455023751906683,0.7275118759533415,Warning,3.496080777360074,2.6376728619288525,4.197603515102162,0.23426793601664392,-1.765575132998529,-2.017072416845675,0.002686593832583876,0.6607978776580166,33.64948900485925,24.70475717255037,41.06026204078849,4.130055203457506
B0005,391,110,24.0,2974.9850000000006,1.449042163761236,0.724521081880618,Warning,3.4959014526387993,2.645120521151077,4.196406678544622,0.23343364754226326,-1.7588271887545277,-2.0179388823247932,0.0031991265142638165,0.6677722505465497,33.79269513542102,24.851431185422516,41.19696040482682,4.127007891809572
B0005,395,111,24.0,2966.25,1.4386709371480566,0.7193354685740283,Warning,3.49758697990267,2.698012437629632,4.197098662004674,0.229142139192038,-1.7516428147438297,-2.029098489464331,0.003781794323562663,0.6759686601230658,33.52446663707275,24.582992198113057,40.84446688602949,4.107121567467311
B0005,399,112,24.0,2956.359,1.433445432156979,0.7167227160784895,Warning,3.4956989619989507,2.6928942772989077,4.196909312093871,0.2296125408087406,-1.7513097768253418,-2.025048878675005,0.0013123608369275883,0.6767833456075123,33.39042251934235,24.38167771883123,40.764203830749366,4.147556736723813
B0005,403,113,24.0,2956.344,1.4333958900838095,0.7166979450419048,Warning,3.492875380810072,2.6483923655058113,4.197105220217278,0.2334116463244922,-1.7511840784846122,-2.0170494375017745,0.0017334904566314662,0.6767869141766419,33.67370212742761,24.640411065560848,41.11212504270441,4.164046290316763
B0005,407,114,24.0,2956.406,1.42806487344776,0.71403243672388,Warning,3.49551076423368,2.6832134764261997,4.196244829545076,0.23026320374609258,-1.7446206812145286,-2.017587381204539,0.0022931157457021885,0.6838024379199837,33.91080564765892,24.932873139487384,41.27256611507568,4.130728324479157
B0005,411,115,24.0,2947.266,1.4229203181741186,0.7114601590870593,Warning,3.4942333590450834,2.684960445221862,4.1968026018066595,0.23051595773401903,-1.7436362428649814,-2.0245398824990146,0.0014033494395084456,0.6846051890564013,33.7850680599871,24.80325379769347,41.15574924454392,4.144241804988197
B0005,415,116,24.0,2937.984,1.417429032731308,0.708714516365654,Warning,3.491197414255986,2.669922120529456,4.196227405416926,0.23192515902293845,-1.7425325036061032,-2.01689808000431,0.00328323198086081,0.6854953037815841,33.61126807392732,24.578577776974136,41.03237216951879,4.1726745332912945
B0005,419,117,24.0,2929.125,1.412409228794446,0.706204614397223,Warning,3.4889094081576237,2.664105530655056,4.196558172556389,0.23255290311170276,-1.7419837011363046,-2.0197651300783948,0.0026192373361047815,0.6864030353770245,33.45598581472246,24.354940329833727,40.937269906716935,4.211566699707515
B0005,423,118,24.0,2928.454,1.412578792940193,0.7062893964700965,Warning,3.487376295811431,2.634098605983684,4.196870541112335,0.23502132753203192,-1.7421680980861822,-2.0182280835485455,0.0010338439367061337,0.686435308908867,33.723267448788484,24.616751003686066,41.240704611971786,4.224667834776898
B0005,427,119,24.0,2929.375,1.4075983731469897,0.7037991865734948,Warning,3.491994243745711,2.68378702970616,4.196795527524874,0.23071791602007982,-1.735841378420618,-2.0178512019397976,0.002279801917616979,0.6933478478788404,34.050076369857344,25.013633898401757,41.43649987692296,4.168989536988808
B0005,431,120,24.0,2946.031,1.4333920485221476,0.7166960242610738,Warning,3.491585878898649,2.660031949282934,4.189287343772767,0.2314340526179757,-1.7567879869499758,-2.017223089332264,0.0036040078454246437,0.6705438927885254,33.889346908026745,25.159494190646395,41.16703904201915,4.072979899996419
B0005,433,121,24.0,2955.438,1.4382550176792908,0.7191275088396454,Warning,3.495576227046425,2.650011641082063,4.201144545237731,0.23397367076765024,-1.7573176114092575,-2.0257290511470427,0.0022668920626443224,0.6694688446745368,34.067648550088656,25.21215090210571,41.36216559728765,4.085856241889734
B0005,437,122,24.0,2937.625,1.4173547174485526,0.7086773587242763,Warning,3.4938988589692483,2.6936969083341418,4.196925753814179,0.22954405726334065,-1.7427628393326555,-2.01734921830549,0.003419658941394484,0.6856017380135446,33.75168100943646,24.8439113089274,41.02198772703674,4.104311380057595
B0005,441,123,24.0,2929.078,1.406981663677643,0.7034908318388216,Warning,3.49159162968384,2.697073130067154,4.196901090271507,0.22932881459420568,-1.7352637407600366,-2.016959683770622,0.0025963216962809578,0.6933146489933393,33.46482299584788,24.47190444990649,40.78818812957494,4.144480066638334
B0005,445,124,24.0,2918.375,1.4012037783587625,0.7006018891793813,Warning,3.4885729299834787,2.6806995515145213,4.196688955833435,0.23087953878001954,-1.7344350518111926,-2.0173176445033945,0.002009419144474731,0.6942236682134463,33.40210697922146,24.335820690902352,40.81506138506309,4.186006847766958
B0005,449,125,24.0,2919.812,1.3967008232726328,0.6983504116363164,End_of_Life,3.4869021151089825,2.6695398084864568,4.196339302740304,0.23172009682163183,-1.7280392046289716,-2.0174893103299003,0.004647788990613573,0.7011017090448697,33.410688917712235,24.324432889352373,40.858374219876424,4.202402162925674
B0005,453,126,24.0,2900.422,1.391284788852726,0.695642394426363,End_of_Life,3.4855485210036417,2.671695307817951,4.196181412764837,0.2320368945792356,-1.7326888725308258,-2.0162082324346313,0.0022916013939350667,0.6961086414901655,33.38984948261314,24.27764742305546,40.839876773287166,4.223993508985999
B0005,457,127,24.0,2901.375,1.3862287677978349,0.6931143838989174,End_of_Life,3.4838912547260388,2.661289185949965,4.195770804194879,0.23259470683920805,-1.7260735249920125,-2.0178551648279797,0.002276420033202403,0.7028749959302109,33.3700433438796,24.239023397259928,40.85376069244676,4.228319663198283
B0005,461,128,24.0,2901.187,1.3804366761974138,0.6902183380987069,End_of_Life,3.483198941484065,2.667817533540102,4.195456241846729,0.2320093486771037,-1.7195393742714093,-2.01649929452358,0.0016756334707971991,0.7094441800501549,33.27215987470977,24.12349712975845,40.74795214258888,4.234132939694458
B0005,465,129,24.0,2891.64,1.3752364150256224,0.6876182075128112,End_of_Life,3.4836274447098883,2.684008069130594,4.19654355365607,0.23099757689946665,-1.7185829844462923,-2.0162911974216766,0.0022384407354535305,0.7104295747135849,33.222444215660225,24.053006415445992,40.68794001196382,4.243207916713656
B0005,469,130,24.0,2882.906,1.3705128024895008,0.6852564012447504,End_of_Life,3.480172442538601,2.6585256208771644,4.194357133255019,0.2328888860424913,-1.717672415155695,-2.0164165307282076,0.004913397668118928,0.7114589545468621,33.26207748383125,24.058082195374322,40.7810749453613,4.270669269535446
B0005,473,131,24.0,2883.265,1.3705085566270399,0.6852542783135199,End_of_Life,3.478452148610975,2.6372250579822927,4.195863681881766,0.2349115652478485,-1.7177080769362936,-2.0166833595676397,0.001179478056536671,0.7112700457368812,33.312029905516525,24.086387020526896,40.88159339768709,4.285594428971785
B0005,477,132,24.0,2882.969,1.3647355108681518,0.6823677554340759,End_of_Life,3.4785782556105507,2.6514257735606432,4.1955845546644195,0.23371613114596132,-1.7109669363015376,-2.0156447128046424,0.0025249486819050103,0.7178817791871309,33.25287943255863,24.008188700976785,40.81191473576834,4.288549064319252
B0005,481,133,24.0,2891.656,1.375392016895762,0.687696008447881,End_of_Life,3.4825195584604582,2.676384659108382,4.188483624251573,0.22996700565473227,-1.7184206130755166,-2.015672372070857,0.0023505638634883142,0.7104440687417272,33.745054045019884,24.719545529723796,41.11793533148924,4.196060981362627
B0005,483,134,24.0,2901.25,1.3861115151535393,0.6930557575767696,End_of_Life,3.4886823636752826,2.6949138502817815,4.200346502821317,0.2305166507714859,-1.7260471943596487,-2.01575998810726,0.0021180176276842364,0.7029280466636602,33.88841975386692,24.843079939814473,41.248795355864885,4.172985355606769
B0005,485,135,24.0,2891.703,1.3698500035838939,0.6849250017919469,End_of_Life,3.4858502383832755,2.6973343716306273,4.1981749992980655,0.229689874761782,-1.712021613408506,-2.016014837696764,0.0015018865835744713,0.7169288800053295,33.7353756996425,24.576580515525826,41.16242984455477,4.220925520758632
B0005,489,136,24.0,2883.016,1.3647827949260758,0.6823913974630379,End_of_Life,3.478794177297151,2.642540259937964,4.195715092938243,0.23415766646771544,-1.711022510206629,-2.0165238233233063,0.0014907630238953716,0.7178849800923008,33.59131052719714,24.340286688400784,41.16437554618679,4.292879138992345
B0005,493,137,24.0,2873.453,1.3543220466259964,0.6771610233129982,End_of_Life,3.4812826020756744,2.699226257883075,4.195755769877104,0.2296261723890385,-1.703421414006958,-2.0182163733141314,0.002981994184247595,0.7252203529345469,33.32366688599416,24.03013803682012,40.864216180205034,4.2977729880449305
B0005,497,138,24.0,2874.031,1.3546417018378962,0.6773208509189481,End_of_Life,3.480352041587074,2.676480329780849,4.195911764444989,0.23135076723711012,-1.703574708739156,-2.016150778973011,0.0015383602403595874,0.7250143495493764,33.691961507697364,24.392658600566655,41.25434553511566,4.308684792274605
B0005,501,139,24.0,2874.234,1.3547039213192407,0.6773519606596203,End_of_Life,3.4781127815565127,2.642142168479886,4.195824004004723,0.23421513644395944,-1.7034912994217157,-2.0176181286216193,0.0030940952671648994,0.7251866928085958,33.887639684793655,24.647812199908287,41.45023191903855,4.288100406630046
B0005,505,140,24.0,2864.984,1.349314997503458,0.674657498751729,End_of_Life,3.4765867130506125,2.644725254926797,4.196258226051591,0.23433904836584496,-1.7023383270190764,-2.017297732143782,0.0056941514906116535,0.726300026957014,33.67308060941856,24.39982529977077,41.27708509224051,4.3052968556355395
B0005,509,141,24.0,2855.093,1.3441891937970554,0.6720945968985277,End_of_Life,3.4733769291841643,2.632270655366611,4.196612664794988,0.23574646332423185,-1.7014238498912502,-2.017223266913469,0.0031481012336326926,0.7272134622451198,33.411988203265814,24.071743981632668,41.064605154983276,4.343168774264048
B0005,513,142,24.0,2855.625,1.3389913790695755,0.6694956895347878,End_of_Life,3.4726366397371127,2.6391006118876117,4.195850781215982,0.23483898171754727,-1.6950436046971957,-2.0197342717689364,0.0017629793721903892,0.7333519547642081,33.29926524979532,23.873389284419225,40.99284868101728,4.376203061199199
B0005,517,143,24.0,2855.594,1.3389145230206971,0.6694572615103486,End_of_Life,3.473439372740961,2.637841830893275,4.1960023929619235,0.23479831383576488,-1.695057731610264,-2.016896104476736,0.005009392491167575,0.7335626760276208,33.59980731390034,24.168977704033605,41.29040553417739,4.38509807605157
B0005,521,144,24.0,2847.437,1.3340066759761655,0.6670033379880828,End_of_Life,3.4754777099091454,2.668286095904868,4.196207586734141,0.23268564565922872,-1.6937809113323188,-2.0199925086996786,0.0025365511428236684,0.7343985203891996,33.61961195858585,24.28428480579148,41.22740227746052,4.3315046908749135
B0005,525,145,24.0,2847.36,1.3286444309174914,0.6643222154587457,End_of_Life,3.4722884821666766,2.6490198126838553,4.195534582569042,0.23410417256729069,-1.6869434054016965,-2.0167450744074586,0.0028787153794497824,0.7406453707024624,33.3945201718652,24.00593985304127,41.04619550953222,4.355772728473297
B0005,529,146,24.0,2837.328,1.3231708992276219,0.6615854496138109,End_of_Life,3.471373665098864,2.664058512378051,4.1957439573980455,0.23334669694409094,-1.6860649112944592,-2.0163628111205263,0.004270068564987734,0.7415168583920652,33.16734508187535,23.715060546682704,40.85874389007758,4.389640806041505
B0005,533,147,24.0,2837.281,1.3181691588445197,0.6590845794222598,End_of_Life,3.4726160162875095,2.6883611693898826,4.19586805747139,0.2313300011614801,-1.6795829780331424,-2.0162121238671036,0.0023204014455349238,0.7474505249209339,33.10962161613893,23.563561594833335,40.79196924883506,4.41254377922931
B0005,537,148,24.0,2838.515,1.3184664436640334,0.6592332218320167,End_of_Life,3.4738146874457896,2.6869753836302124,4.195347750909715,0.23107179563833466,-1.679793840292355,-2.0168197393548124,0.004169727934917151,0.7476125202754746,33.46501751186519,23.955208980751504,41.14127834456325,4.41399055456936
B0005,541,149,24.0,2828.328,1.318293040102702,0.659146520051351,End_of_Life,3.4701426486639693,2.6507536817766586,4.196065828878837,0.23433499047226858,-1.6851739865098712,-2.0187637742643867,0.0033179608221933095,0.7426401126844396,33.4426191014044,23.967802824849826,41.14429319149828,4.405907457499604
B0005,545,150,24.0,2838.265,1.323872422244268,0.661936211122134,End_of_Life,3.467523652225441,2.6646322789106516,4.184534803011309,0.22993104314578544,-1.6863812036302581,-2.016191969154752,0.0021406905839278507,0.7416010886402903,33.037928170775885,23.58968747789601,40.66184230912503,4.378936217766459
B0005,548,151,24.0,2864.547,1.3601216766554785,0.6800608383277392,End_of_Life,3.4767525840839255,2.6400211837268666,4.201240476440081,0.23540364113204323,-1.715777469309528,-2.021651287065962,0.0028823561171506806,0.7135712492118176,33.4949493613756,24.237681569505874,41.046694544970684,4.298521877619114
B0005,552,152,24.0,2846.39,1.3395306867947354,0.6697653433973677,End_of_Life,3.4758956827369127,2.674198661305034,4.195703567262997,0.23141450235644928,-1.7007216920098716,-2.017592416950431,0.0024155477323689854,0.7281444869556635,33.491363029025784,24.167374158398008,41.0462053156659,4.320694493018863
B0005,556,153,24.0,2837.969,1.3290286565120697,0.6645143282560348,End_of_Life,3.475812179626641,2.696427051131168,4.195744519551191,0.22982866330880042,-1.6928138295817332,-2.0171105982760715,0.004008579519805372,0.7355491829025723,33.329808599922345,23.987394863111092,40.868302643225604,4.3265778248452476
B0005,560,154,24.0,2838.156,1.3236741274998955,0.6618370637499478,End_of_Life,3.4746554404904435,2.6928340297696836,4.196363050482315,0.23034104902999514,-1.6861104874993165,-2.0165753451036377,0.003616989953114752,0.7415448385525264,33.27302769298771,23.87546148452671,40.85283588259973,4.342373783875506
B0005,564,155,24.0,2829.843,1.318633896753293,0.6593169483766465,End_of_Life,3.472301781313945,2.681747855329962,4.1957929878569455,0.23135728351469487,-1.685043785043406,-2.0157688095228656,0.0028522205733032915,0.7425021379234665,33.229879126701434,23.800482246729,40.85270645265791,4.372506036726199
B0005,568,156,24.0,2829.625,1.3134751321324272,0.6567375660662136,End_of_Life,3.4729305773503527,2.696791414385091,4.195797286482793,0.23009227143713637,-1.678524839793589,-2.016274841649268,0.0012910201456034266,0.7485063258578094,33.20860833999321,23.75244046991811,40.8263251809212,4.375591656512413
B0005,572,157,24.0,2819.437,1.3132020634442203,0.6566010317221102,End_of_Life,3.4696192030612285,2.664695973142795,4.196349384378125,0.23314646442584394,-1.6839115230941766,-2.016821101865832,0.004289580699201413,0.7436617614037866,33.236115055926255,23.770683336009036,40.90308836809665,4.397428370935168
B0005,576,158,24.0,2819.579,1.3077959946944353,0.6538979973472177,End_of_Life,3.470018470757559,2.679191623358613,4.195609431921248,0.2319010543734744,-1.6773783325850857,-2.0165933442123594,0.0019608791198133632,0.749467869640777,33.18660088296571,23.69874029857621,40.84337405460518,4.3975602464184975
B0005,580,159,24.0,2810.672,1.3030329186405918,0.6515164593202959,End_of_Life,3.470762691935287,2.699983457940659,4.195339917236225,0.23041567165870697,-1.676425373206175,-2.018075144841628,0.001890284329441244,0.7504749213693337,33.174058099115534,23.681325932299053,40.81792110626284,4.403923127546659
B0005,584,160,24.0,2811.485,1.3033573559038205,0.6516786779519103,End_of_Life,3.468111467035994,2.666300786624286,4.1954020570061195,0.232919708838876,-1.67627880896028,-2.018091528339797,0.0024103529115243262,0.7506572509412427,33.253984518546055,23.748579260944844,40.946993847659506,4.4204604450448715
B0005,588,161,24.0,2802.422,1.3034100438655642,0.6517050219327821,End_of_Life,3.4648625780221494,2.6308501373847837,4.195685302232799,0.2358919511891503,-1.6817992883033976,-2.0177167019715503,0.0043239362691777465,0.7455663662944304,33.3198093248819,23.789078897860136,41.074938058306316,4.448685891734653
B0005,592,162,24.0,2801.625,1.2978870806495706,0.6489435403247853,End_of_Life,3.467864133752208,2.673348140468748,4.195561297751176,0.23263190858264068,-1.6750812261110137,-2.0160479224870884,0.002138526794169908,0.7514866168761039,33.33765795318198,23.827460066666994,41.02476444658572,4.4180440266599135
B0005,596,163,24.0,2802.031,1.2980735056918902,0.6490367528459451,End_of_Life,3.464021404592563,2.632763831012711,4.196066962029683,0.2358468286065869,-1.675366426273468,-2.017067096348242,0.0014821450901276818,0.7513142100782045,33.29076744042025,23.738230385656273,41.06214198725253,4.452871364364479
B0005,600,164,24.0,2793.39,1.293463613844243,0.6467318069221215,End_of_Life,3.4664623858156745,2.6687371180046218,4.196640912532072,0.23332688158658493,-1.6744879201095209,-2.018208092691312,0.0016645655980570856,0.7524291600776425,33.27568841807217,23.73611267134457,40.98366325567302,4.4397651815234
B0005,604,165,24.0,2793.39,1.288003392619118,0.644001696309559,End_of_Life,3.46850906693551,2.696396337945361,4.1956235749123225,0.2310130188837717,-1.6674467270234996,-2.018933300007017,0.0026884191804450396,0.7584698210792726,33.32067807371405,23.80026564355092,40.98234242711097,4.41924833390441
B0005,608,166,24.0,2792.485,1.2874525221379407,0.6437262610689704,End_of_Life,3.466806213058136,2.6794834862925194,4.195862008850563,0.2324429767597101,-1.6674702882406252,-2.0237906818969758,0.0026918488897051404,0.7586689544577084,33.37314972896719,23.849121770252687,41.06375085817118,4.432728785638638
B0005,612,167,24.0,2802.016,1.3090153642307354,0.6545076821153677,End_of_Life,3.471070722008039,2.6787137407179737,4.18482689434833,0.2297938191642851,-1.6888978346592105,-2.017308526034403,0.001335599326393533,0.739392013708175,33.71351889594897,24.92195746617458,41.047029587744966,4.153195340111811
B0005,614,168,24.0,2820.39,1.3250793286429356,0.6625396643214678,End_of_Life,3.475472204020004,2.655378369801326,4.201968615940368,0.23559285682799622,-1.6979281889133206,-2.017696449416675,0.003306917134878647,0.7314040443688112,33.86531768239223,25.09329713312876,41.051007697556734,4.009191205685926
B0006,2,1,24.0,3690.234,2.035337591005598,1.017668795502799,Healthy,3.556946061827572,2.4757677568281857,4.179823027658306,0.2260193210975841,-1.990533350635129,-2.015537581193984,0.00043376246575117864,0.2014980448792201,32.142777859921516,24.27707330832413,39.16298653238707,3.4516879795744755
B0006,4,2,24.0,3672.344,2.0251402460314116,1.0125701230157058,Healthy,3.56147580138708,2.35152551190002,4.177288238505559,0.23141504289722925,-1.990277542145709,-2.0149020169266376,-0.00020764608327879694,0.2019092784154672,32.29307515705474,24.63823886086074,39.2462026826329,3.3954199016861684
B0006,6,3,24.0,3651.641,2.013326371345464,1.006663185672732,Healthy,3.5667524696413215,2.4404797151065436,4.1781213228922995,0.22354896090021636,-1.9899467848963859,-2.014434345552428,-0.0006575492150127537,0.20247271551126877,32.24414709253608,24.704057719023776,38.999202460252846,3.3498112511075084
B0006,8,4,24.0,3631.563,2.0132846655407413,1.0066423327703706,Healthy,3.5687953371516272,2.4791558539003917,4.1785623580417175,0.22097908742082084,-1.9896009282099438,-2.0142051662535234,0.0001981188152475248,0.202976043273228,32.14711742429942,24.648384924528084,38.843627771866515,3.34097552798371
B0006,10,5,24.0,3629.172,2.000528337624771,1.0002641688123854,Healthy,3.563970503289941,2.280187848173442,4.17824995156942,0.23503509475204634,-1.9895483606575701,-2.013995769332238,-0.0011423311186216645,0.20279390598185937,32.06687277315468,24.634206199911688,38.97798888258284,3.335733628730513
B0006,12,6,24.0,3652.281,2.0138990759931645,1.0069495379965823,Healthy,3.5735512387791406,2.4392842568466446,4.193216523251186,0.22547907676393128,-1.9901040351037365,-2.0151519685741275,-0.0015410535505561715,0.2022953831615659,32.03447836207717,24.343399604359956,38.83989920742278,3.4066857624064704
B0006,14,7,24.0,3650.828,2.013101105626967,1.0065505528134835,Healthy,3.5711391343785897,2.2812068449406446,4.193732603145628,0.2359700655161548,-1.9900886222380372,-2.0145081864690626,-0.0031490941234930576,0.20215665889240747,32.11157496697372,24.430946389444678,39.04610837498471,3.418111771999715
B0006,16,8,24.0,3572.453,1.9687898262728398,0.9843949131364199,Healthy,3.5681507462163036,2.366410527029613,4.176826628115461,0.22690300607421549,-1.9891170520197212,-2.0146816699579064,-0.0008455879137331849,0.20448152340391518,32.112576242471775,24.650435471431692,38.87507521022778,3.361489124744099
B0006,18,9,24.0,3550.594,1.9681661764334244,0.9840830882167122,Healthy,3.5692834155812436,2.436020049578708,4.176369138969733,0.2225588245195615,-1.9892116643905464,-2.015071955488147,-0.0009662247647393986,0.20469906582242786,32.03566207329278,24.564976908542672,38.7260539826455,3.3625006565584763
B0006,20,10,24.0,3551.25,1.9572307917560536,0.9786153958780268,Healthy,3.563388513484579,2.1864377487643725,4.176897989902666,0.24025262256048352,-1.989191243247005,-2.0155176072270926,0.00013882260841396987,0.20487136240289794,31.99527968872302,24.515019617858613,38.98629728904917,3.385578589102732
B0006,22,11,24.0,3530.25,1.9455991514129352,0.9727995757064676,Healthy,3.566658719765511,2.3406023605912454,4.177579509962451,0.2287529216435241,-1.9891317699701738,-2.014079047237871,-0.0021060459646946015,0.20545737080452486,31.874127571841353,24.40648205159496,38.65978861919643,3.3793205188021544
B0006,25,12,24.0,3491.016,1.9347505044841131,0.9673752522420566,Healthy,3.5687035970122842,2.4263021374140443,4.177996110793395,0.2245021597962224,-1.9887805507702212,-2.0134697854511865,-0.000990785360248984,0.20658439837520928,32.120959708576166,24.666067568688486,38.84979195732924,3.3808182139223475
B0006,27,13,24.0,3470.281,1.9232799539368028,0.9616399769684014,Healthy,3.569207084156356,2.4753697700007034,4.176316409477926,0.22161053340015757,-1.9887320866401275,-2.0148749194363664,-0.00032364926356916147,0.20729429121144527,32.11021168908644,24.819105859024557,38.75128344015104,3.3388085030048718
B0006,29,14,24.0,3470.0,1.911889930948487,0.9559449654742435,Healthy,3.5659271296109383,2.342364523655007,4.1779924550101715,0.22991046226842987,-1.9887200290368634,-2.0144081790374893,-0.0004261867664927878,0.20720696558261123,31.989061278918154,24.627666776864352,38.76853764058789,3.374254229146447
B0006,31,15,24.0,3450.297,1.9010667141979305,0.9505333570989652,Healthy,3.5612417270649486,2.188400081882664,4.177439981618572,0.24035876978340462,-1.9887874042287874,-2.014472686005532,-0.0010580730504302503,0.2076990497369646,31.878814448635442,24.450913129560714,38.84686112344348,3.4094253817648514
B0006,33,16,24.0,3429.407,1.8891989948061458,0.9445994974030729,Healthy,3.557881987836072,2.1206980945954057,4.17561570814845,0.24452370921534203,-1.9885910895930397,-2.0146756268214814,-0.0037766213378683127,0.20803603116200292,31.767450711024402,24.26604433063594,38.865889781652804,3.442042131356067
B0006,35,17,24.0,3409.484,1.878278372248849,0.9391391861244245,Healthy,3.56282437243777,2.369981457799298,4.177602520456299,0.22899254958827592,-1.9884892463229662,-2.015931347705288,0.0009547908042232252,0.20896148657331484,31.78991634963658,24.34725293029431,38.647578733807656,3.4218510147625074
B0006,37,18,24.0,3390.422,1.8675697161520206,0.9337848580760103,Healthy,3.5591953280168633,2.247991649924625,4.176354539745044,0.2362539061879907,-1.9883474274444874,-2.01432419683381,0.0003362560415229371,0.20936627777425315,31.82883467218067,24.380274264917215,38.79218188173866,3.438861518594519
B0006,39,19,24.0,3390.281,1.8675892574453767,0.9337946287226884,Healthy,3.5580906165580983,2.4115317107898875,4.177450270459645,0.23248821605250242,-1.9774549866256104,-2.015920256743369,-0.0022772410696178776,0.2555143974441181,31.890449470827843,24.455293448252306,38.77022223929529,3.452471732465585
B0006,42,20,24.0,3591.734,1.979626548250818,0.989813274125409,Healthy,3.565899462157853,2.2033558468593775,4.174584178175673,0.23666435566343638,-1.9892347833261184,-2.0202081897757225,0.0009741380235390647,0.20388604102481026,31.51177053595285,24.511611712923585,37.54320599748628,3.103623335557848
B0006,46,21,24.0,3552.297,1.9575499080884022,0.9787749540442011,Healthy,3.570814209348872,2.35887751155593,4.175224020262452,0.22578171830729027,-1.9890474874073771,-2.0141161810049812,-0.0003149484747221053,0.2051049765214555,31.874488497680712,24.910587532936997,37.90362577530197,3.1350663437202995
B0006,50,22,24.0,3531.578,1.9458150170787551,0.9729075085393776,Healthy,3.5666817833633124,2.218672914041916,4.177217300859919,0.23460941833641036,-1.988682950523383,-2.014039356997488,-0.0012008977604898057,0.2054837524109853,31.53911453638972,24.567665011550126,37.6701605139887,3.1381261956274136
B0006,54,23,24.0,3492.907,1.9242461121680094,0.9621230560840047,Healthy,3.5668392745025836,2.339723057947995,4.176681511062203,0.2275721037589103,-1.9885447318884866,-2.014851230713757,0.000529325755565477,0.20672257429749546,31.220866832188786,24.224319222372547,37.34166959188387,3.158169521103049
B0006,58,24,24.0,3511.594,1.9459811331421641,0.9729905665710821,Healthy,3.571051969392875,2.3997508208942735,4.190384318239257,0.22747354651355792,-1.9885639445355097,-2.013606338093071,-0.0023840361465472604,0.205949863235092,31.119005145018026,24.029961629396936,37.28979017254232,3.191016881727366
B0006,62,25,24.0,3431.9370000000054,1.901407930553079,0.9507039652765396,Healthy,3.5666308474029793,2.491410879472442,4.176973413125379,0.22068728350290212,-1.9880563928902786,-2.014324216253238,-0.0016423681986834993,0.2082194776973129,31.033244078156734,24.015743593007034,37.16794481484507,3.1782747530407116
B0006,66,26,24.0,3431.125,1.878674213680085,0.9393371068400425,Healthy,3.5527392240854914,2.1387303309558976,4.1734521552365464,0.24761140866112302,-1.9772969675547487,-2.0138293357975146,-0.0013483637694533895,0.254357010276143,31.001249222460967,23.89771458163466,37.51577848501052,3.2517471075044155
B0006,70,27,24.0,3412.406,1.8683061328264219,0.9341530664132109,Healthy,3.5560959755046615,2.346064498302046,4.1764585468168685,0.23504747924467745,-1.9771693646864965,-2.022139165928567,-0.00026012091102195506,0.25515829145991487,30.921434744041356,23.81688709830912,37.24165964092258,3.2514088568578026
B0006,74,28,24.0,3410.688,1.8560244070082998,0.9280122035041499,Healthy,3.5504500858303394,2.327337743316428,4.17626102066065,0.24060676598781225,-1.9660385076397233,-2.019521715890847,0.00022521118946577974,0.2937138458930206,30.929360248207214,23.762584263292904,37.27233216178077,3.2941943415901576
B0006,78,29,24.0,3410.718,1.8451997961855777,0.9225998980927889,Healthy,3.546007083640312,2.4863117233366316,4.172855540858831,0.23544926884929754,-1.9445990482746272,-2.0145859231710013,0.0012030807811573936,0.35770783733733696,31.00810965793079,23.77382410040801,37.207134503019795,3.341032131000837
B0006,82,30,24.0,3392.719,1.857228890885317,0.9286144454426585,Healthy,3.554257954720065,2.2921663510920895,4.1881878017349035,0.24271286255725477,-1.9769156942357176,-2.01454229289152,0.0017843402447845862,0.25589338077612045,30.96779499306422,23.756892194026193,37.49607769896255,3.31669361949765
B0006,86,31,24.0,3470.672,1.9247760889090635,0.9623880444545317,Healthy,3.555857469677978,2.4343006861812118,4.189991619197343,0.22078536256948547,-1.9997552547832569,-2.015096988943597,-0.002790026577360228,0.14700435354987934,31.10097217303459,23.74029655014346,37.250073961181094,3.2531629586518043
B0006,90,32,24.0,3414.109,1.8822317526092551,0.9411158763046276,Healthy,3.5537306734803207,2.472619908000758,4.186982490201218,0.22368965836687763,-1.9884344406296768,-2.0246589334484746,0.000219946169021966,0.20901478223207898,31.307368922041046,24.18583594954418,37.39699052067588,3.156544785963643
B0006,94,33,24.0,3395.219,1.855276687885587,0.9276383439427935,Healthy,3.5452650003621513,2.403422072720937,4.1864831065416155,0.23215332099258618,-1.9771310999966942,-2.014540253971324,-0.0013831277471471597,0.25597312110332004,31.131339987164562,23.96227406279053,37.2852066420257,3.2111654279221145
B0006,98,34,24.0,3386.0,1.8392508917181876,0.9196254458590938,Healthy,3.538408778928339,2.4006679782182205,4.187721936001791,0.23624667070508096,-1.965705768920947,-2.0140910758505797,0.0011594939858130299,0.29518219456583883,30.828713779105055,23.520157783193987,37.080390421974414,3.273173572550457
B0006,102,35,24.0,3368.187,1.8185396073994429,0.9092698036997214,Healthy,3.5297688311332673,2.3194299432177345,4.184171356892756,0.2439099480182485,-1.9542494702422435,-2.0132183154407977,0.0012199865224596935,0.3301024928060525,30.761533072057244,23.52943289153009,36.98024266357476,3.26325912224477
B0006,106,36,24.0,3368.266,1.8134770059567056,0.9067385029783528,Healthy,3.5300676840423306,2.3401731734980076,4.186779863144672,0.244307450843308,-1.9490605727432448,-2.0142775706959855,0.000712613725765745,0.3456683188151143,31.30305692941581,23.947667716448013,37.598741245467004,3.3257051599027356
B0006,110,37,24.0,3358.719,1.7971018450305436,0.8985509225152718,Healthy,3.5248882875629555,2.3829603510808774,4.186482965601712,0.24375960384087478,-1.9373547119632697,-2.014866249205715,0.0010041973417186346,0.3750698159946979,31.06432144678013,23.724670891624807,37.33680914521836,3.3542974150774905
B0006,114,38,24.0,3339.5,1.7810046294120476,0.8905023147060238,Healthy,3.5190926887152725,2.351855540704836,4.184741677172267,0.24666463745510467,-1.9312604088713479,-2.014036681172477,0.0009279755162790197,0.38980058555195723,30.96654665282149,23.509674105704782,37.39499820465976,3.4007883405434325
B0006,118,39,24.0,3331.265,1.7710130422682329,0.8855065211341164,Healthy,3.5151810230271,2.3535104841115886,4.186114015167315,0.24783168845894557,-1.925413982519257,-2.013562007420154,0.0004104562259902084,0.4032503267568939,30.826455697992966,23.239016261869025,37.35233964342659,3.473951745369301
B0006,122,40,24.0,3321.188,1.7604712448170943,0.8802356224085471,Healthy,3.514029112834162,2.3948058223938364,4.186378094589789,0.24620396352215285,-1.9198444871883995,-2.0146073733834746,0.0009332187923950495,0.4166720426682412,31.080769482413952,23.40832459139638,37.58677381866742,3.524616662385745
B0006,126,41,24.0,3321.844,1.7502913788006587,0.8751456894003293,Healthy,3.514139684003936,2.4418858444380294,4.185742966026202,0.24380262902937214,-1.908733158939213,-2.0156412315711094,0.0014623495361316455,0.4405439902279281,31.694287817425337,23.993875243611917,38.207044569893476,3.541321887482378
B0006,130,42,24.0,3311.828,1.7394925037732578,0.8697462518866289,Healthy,3.509578354212467,2.391848815367812,4.1849954235358595,0.24822681012659126,-1.90276801874341,-2.014135597110891,-0.0009765358148676846,0.4523465874192101,31.875581783696685,24.22249363678538,38.340431886092745,3.5260807752049357
B0006,134,43,24.0,3327.391,1.7546766553637203,0.8773383276818602,Healthy,3.5110708693292705,2.3166154227865463,4.175622772952551,0.2572766067465748,-1.9093247566511207,-2.013918427729744,0.0005605769329787213,0.43888773455084645,31.543288143901563,23.931600807664452,38.521539672721865,3.634659703403752
B0006,136,44,24.0,3312.078,1.7659390941842175,0.8829695470921087,Healthy,3.5159179315855056,2.4110989960643794,4.191704957733779,0.24598521855518196,-1.9306372167933323,-2.0164764928559697,0.0006125224393033973,0.3913947338973055,31.420983409991024,23.80004225730534,38.03707160241571,3.5081719161772016
B0006,140,45,24.0,3293.172,1.7337887419624838,0.8668943709812419,Healthy,3.50585340727078,2.4510125175432287,4.185468369564667,0.24431167408297183,-1.907114151507875,-2.014424639912736,0.000726309956247418,0.4422052936741676,31.15837149963786,23.325044766777037,37.934285687720596,3.6256374299154595
B0006,144,46,24.0,3275.328,1.713325912040734,0.856662956020367,Healthy,3.5010379345914444,2.471216186082459,4.184201889006967,0.2435154606775506,-1.8953541357988335,-2.0136840343383655,0.0006105952606363766,0.4660772511913581,31.15661421699882,23.22751550921504,37.88470784051604,3.66886365748169
B0006,148,47,24.0,3265.016,1.7024077813673466,0.8512038906836733,Healthy,3.497407662636496,2.470968641396993,4.185838836583766,0.24459591902905917,-1.8892713805954209,-2.015243276008703,0.0013481309742365592,0.4777097893062262,31.206611383963253,23.20127236203539,38.065368726791895,3.719915578953458
B0006,150,48,24.0,3328.937,1.82371946178183,0.911859730890915,Healthy,3.5388872766749144,2.4288023941361625,4.1729165619005535,0.23098677589569044,-1.9819359924929794,-2.014822027548639,0.000883957804000857,0.23645151610760437,33.61169282822636,26.602945710082057,39.788440481350335,3.1543964421418815
B0006,154,49,24.0,3329.266,1.8081284050314708,0.9040642025157354,Healthy,3.5327430295356828,2.3551430866643166,4.186982012423103,0.24180188757564916,-1.9653277079992455,-2.014147642384201,0.0013785124508379858,0.2976263378401198,32.85630077141311,25.5878756709222,39.212903178007906,3.3014338549444924
B0006,158,50,24.0,3301.579,1.7757610945034283,0.8878805472517142,Healthy,3.521214759733266,2.365933525789291,4.186537777937825,0.2452054406792465,-1.9470636598230844,-2.0135457323415866,0.0013469218858249991,0.3489537540343098,32.210981559158874,24.788511221807962,38.66937823121345,3.4005903322527105
B0006,162,51,24.0,3283.563,1.7447409841836798,0.8723704920918399,Healthy,3.5093111439506677,2.3481961394586457,4.182282350256796,0.248638831497769,-1.9241628426386395,-2.0143501433980724,0.0011884652184539464,0.40618903288986047,31.965090081650274,24.29903895658481,38.5170065164806,3.5201708513727663
B0006,166,52,24.0,3275.125,1.729207034132373,0.8646035170661865,Healthy,3.50716091973708,2.46945948630322,4.185961817428056,0.24245866501899874,-1.9124470439353747,-2.013955993405398,0.0023455920246722457,0.43177529573802614,31.744801840189538,23.984895747102637,38.292505299491516,3.5757503955650507
B0006,170,53,24.0,3265.656,1.7081086552553244,0.8540543276276622,Healthy,3.500928918686389,2.4666715880697576,4.1836566973224585,0.24306097840857094,-1.8950209973545986,-2.0143598768040447,0.0008097171102984877,0.4667188589869889,31.876564068962466,23.99541497188152,38.52091685291118,3.6558828773689824
B0006,174,54,24.0,3266.093,1.6975954237461768,0.8487977118730884,Healthy,3.4973019898820894,2.4482931262785135,4.184390004467988,0.2453760679343642,-1.8837082435178907,-2.0146981664689427,2.3587764193591595e-05,0.48819038959426053,32.24289319481841,24.295032488841088,38.95436345473558,3.672889296106637
B0006,178,55,24.0,3257.594,1.6820634524029463,0.8410317262014732,Healthy,3.4929038301187156,2.4745215382882586,4.184732708741646,0.24387936455970977,-1.8716651994380054,-2.0150505202774576,0.0028840576269616946,0.508922907014493,32.07305565938816,24.10547107270791,38.731363854696035,3.6834438401651113
B0006,182,56,24.0,3248.593,1.6714768322295086,0.8357384161147543,Healthy,3.488659224822318,2.469127855241356,4.185835940524748,0.24489747465620212,-1.8654809345089407,-2.016431910751689,0.0008062258329325605,0.5191412899392004,32.030140929891196,23.97620032331416,38.74827601131975,3.7478860406495396
B0006,186,57,24.0,3238.766,1.6607591387047655,0.8303795693523828,Healthy,3.4822930804774015,2.4177173347922416,4.185703389994729,0.24894941761288453,-1.8592903578575999,-2.013961242413253,0.001300028898722823,0.5292867036601664,31.984935871368258,23.819965773306656,38.84227056628921,3.8030419719405057
B0006,190,58,24.0,3240.14,1.651121015038069,0.8255605075190345,Healthy,3.477575664197982,2.3775131079338427,4.184887437252902,0.25149169273248084,-1.848156298789804,-2.0142789765419593,3.3324869557570366e-05,0.5476209059238868,32.23677365476226,23.938135747847074,39.221381996208315,3.8864318857653655
B0006,194,59,24.0,3230.109,1.6401349256190927,0.8200674628095463,Healthy,3.4787436506489255,2.443723814618984,4.1845671326128535,0.24743822906353016,-1.8415742473538441,-2.0170700253976435,0.0008339594777993074,0.5572043810030383,32.56097148037261,24.442914706328594,39.466510899162515,3.7845576572627713
B0006,198,60,24.0,3229.7810000000027,1.6291999416165441,0.8145999708082721,Healthy,3.4740152461288862,2.4324278256917147,4.184590722398005,0.24781476646180828,-1.8297533943331723,-2.0153270924031044,0.002267298724556321,0.5744007772604264,32.48984985901219,24.244880453394085,39.352653481724175,3.835762334103568
B0006,202,61,24.0,3212.469,1.6088496302961666,0.8044248151480833,Healthy,3.4718387718772696,2.494085641889116,4.181227276564003,0.24226020864399292,-1.8170860697729954,-2.0264444143525524,0.002587585651271363,0.59213769752695,32.42612199208859,24.11448837545242,39.31890647034385,3.8710134033093055
B0006,206,62,24.0,3213.219,1.6035244898969248,0.8017622449484624,Healthy,3.463180130644551,2.382347172890769,4.182601669503782,0.25041818458745746,-1.8111560774496664,-2.014269976996697,0.0017194503246426888,0.6001337686853253,32.29984271249387,23.928926832055478,39.47196886600465,3.9277765847941004
B0006,210,63,24.0,3203.578,1.5989712144027983,0.7994856072013992,Warning,3.463469391967206,2.406668297987779,4.183991041340736,0.24879153893443376,-1.8113056300795982,-2.0248983473305704,0.0007053447084269127,0.600869683312538,32.610757585145336,24.062133136477676,39.74009698783903,4.013744044379012
B0006,214,64,24.0,3195.125,1.5876273123575604,0.7938136561787802,Warning,3.46021805164007,2.4204142690378765,4.182425008087469,0.24872123545615055,-1.803802475704306,-2.0134062122749032,0.00037116990278515926,0.609256745218589,32.25699351958767,24.423808071870038,39.03600072360686,3.6982862582092104
B0006,216,65,24.0,3195.3129999999946,1.5829719744686166,0.7914859872343083,Warning,3.462574876665621,2.4507845245525193,4.190985194174346,0.24661339893460255,-1.7982439953659044,-2.014898941623113,0.0010117048958550698,0.6170700333090209,32.47193402838835,24.297842706066838,39.16106395962828,3.78790549192839
B0006,220,66,24.0,3186.297,1.567137636713563,0.7835688183567815,Warning,3.4537077937586056,2.3930328819230717,4.181860480163402,0.24848682009830836,-1.7857963808615818,-2.014097659688176,0.0007636707747866177,0.6325019447665697,32.40219271195366,24.115666972211724,39.20051799483514,3.8463769615603374
B0006,224,67,24.0,3176.438,1.5613446139713882,0.7806723069856941,Warning,3.4514035349888337,2.3938995980718403,4.183449364094532,0.24884801817648583,-1.7850748194527644,-2.01648199199959,0.0005527600059578974,0.6334473857166003,32.30987415652578,23.949350638183297,39.15878418316098,3.8820938385045634
B0006,228,68,24.0,3167.593,1.5511711892790419,0.7755855946395209,Warning,3.450781146333252,2.4373294683003053,4.182943907496545,0.24531300054344063,-1.7785916660457872,-2.014359351341952,-9.517952000869487e-05,0.6414164907293518,32.35440526839345,23.94684852697399,39.18225956809825,3.903699189649736
B0006,232,69,24.0,3167.719,1.5406741606295171,0.7703370803147586,Warning,3.446105572450592,2.3705330061374523,4.182592999177517,0.249252351248828,-1.7727874712030285,-2.016181081460114,0.0015048652079400844,0.6485964889257356,32.4731363791227,24.029360363522056,39.38159156766375,3.9310242954599364
B0006,236,70,24.0,3159.077999999994,1.5253138744624433,0.7626569372312216,Warning,3.4418152533277144,2.351294851260762,4.1775564354981025,0.24876521050750453,-1.7601807681971697,-2.0224281819207026,0.004482527231908509,0.6631565458391762,32.52334649341759,24.054796737761627,39.44712875501599,3.938262085403885
B0006,240,71,24.0,3148.829,1.5301570318067428,0.7650785159033714,Warning,3.445008015985666,2.436845595522602,4.183199732433941,0.24479137176910862,-1.7653027883569699,-2.015670909853089,0.0010131499204386121,0.6571846357909039,32.518264823491045,24.004853828853747,39.40950590627068,3.9548553266160913
B0006,244,72,24.0,3149.094,1.5246566834474087,0.7623283417237043,Warning,3.441164687975023,2.39030487147494,4.183585552184287,0.2475013732087286,-1.7593486488770236,-2.0154336980599203,0.002939357955384793,0.6641591087376718,32.5437072434024,23.98676553992143,39.48443326993031,3.9769918282845635
B0006,248,73,24.0,3140.547,1.5145492986655427,0.7572746493327713,Warning,3.443620591429828,2.4892160721496315,4.183170360974043,0.2406026011996967,-1.7526167898737661,-2.014176241235146,0.005138941784565251,0.6716629492050046,32.562223096007365,23.972655907518135,39.4416762582387,3.975934247345534
B0006,252,74,24.0,3131.625,1.509391504602082,0.754695752301041,Warning,3.439943269617906,2.450611393803655,4.183501501534186,0.24316998214821461,-1.7516949849801624,-2.0151247064734266,0.0019635914622084336,0.6726373836789596,32.58978020040808,23.95941142019243,39.53866201326228,4.000898498406376
B0006,256,75,24.0,3121.907,1.5039974333050705,0.7519987166525353,Warning,3.43602719305159,2.4111946043456745,4.183243008796117,0.24559891719465526,-1.7510429704034998,-2.0150071612077523,0.0010096976995750016,0.6733747307759468,32.57089563557426,23.89672125029287,39.5867547936938,4.02666129809132
B0006,260,76,24.0,3122.125,1.4935201918040188,0.7467600959020094,Warning,3.436309312279291,2.4609139768640715,4.182038001412004,0.2415711613630848,-1.7388746112390865,-2.0158858292130217,0.0015563666004580641,0.6864768027433327,32.537854347094196,23.846991377084784,39.499752884420865,4.020828997942116
B0006,264,77,24.0,3121.672,1.4876323024497422,0.7438161512248711,Warning,3.430470227771154,2.378420264362521,4.182440318401142,0.24728531582711172,-1.738622547139575,-2.0170367841185635,0.00120406950854599,0.6863796794736801,32.65645090520509,23.868790356430857,39.9686395722832,4.103220643198136
B0006,266,78,24.0,3120.86,1.5302876214401704,0.7651438107200852,Warning,3.4417311090871063,2.3844697219937414,4.189962701965466,0.25068575483973593,-1.7870762809520677,-2.015207980747731,0.0004792431384679534,0.6310954422556229,33.180785234653264,24.45395460946014,40.42668250871336,4.098677157793769
B0006,270,79,24.0,3103.828,1.5040760088360112,0.7520380044180056,Warning,3.4355429213552537,2.448639661640692,4.181214475643097,0.24384503322302606,-1.7612682208672186,-2.013340550431054,0.0013906428309179838,0.6615169962236325,32.71220835503141,23.812647163051572,40.02451449021777,4.174127825229612
B0006,274,80,24.0,3095.094,1.4887593608730894,0.7443796804365447,Warning,3.4272336842373576,2.362869757217078,4.182157933832856,0.24872769369277464,-1.7545532300777185,-2.0143052426244057,0.001681226390227438,0.6692392427565726,32.543943889007906,23.379533041996073,40.02167483360719,4.293837140083576
B0006,278,81,24.0,3095.781,1.4782779285546637,0.7391389642773318,Warning,3.4307536518687556,2.479712742728869,4.1802491747767325,0.23981868986409427,-1.7364250156958492,-2.01522796444188,0.006848118425125903,0.6892528926488453,32.6655410721976,23.483667289937664,40.078211781584145,4.279541188128675
B0006,282,82,24.0,3094.328,1.478459982215684,0.739229991107842,Warning,3.430880434209888,2.4609902569842412,4.182775550999248,0.2412584602938845,-1.7371686757879778,-2.0164424024266667,0.0002472528891452739,0.6891473173604608,33.160922870564626,23.948764926788748,40.565789328351094,4.287969337587418
B0006,286,83,24.0,3086.531,1.473214844899973,0.7366074224499864,Warning,3.431984614031654,2.4794507375590507,4.182970513713943,0.2403918787539756,-1.7358183569582517,-2.0141732645976056,0.001003005257382598,0.6899134259363504,33.414445545408455,24.305636072230342,40.75221353269305,4.242923162320275
B0006,290,84,24.0,3085.625,1.4675164935067897,0.7337582467533948,Warning,3.426913589626702,2.421513989921717,4.182588389688278,0.24353313719762423,-1.7297302660430056,-2.0145333122938633,0.001953863417311998,0.696447397100997,33.3541679486525,24.16642252229391,40.71162611325717,4.274654939428474
B0006,294,85,24.0,3067.203,1.4516292657521335,0.7258146328760667,Warning,3.4220422356705154,2.3927989623544175,4.180388252515709,0.24505211094966728,-1.7278671098991139,-2.0150807231044525,0.002464932477340866,0.698121088593313,33.13634596100404,23.980795554734595,40.58721297402195,4.272886579538151
B0006,298,86,24.0,3058.157,1.4519237720967177,0.7259618860483589,Warning,3.4202687142856667,2.410475236770924,4.182476201666448,0.2445224118963859,-1.7269073147637581,-2.0151017082510445,0.0011413024919993738,0.6989995507446921,32.92241762841388,23.638284377724087,40.37035790264624,4.331246781656428
B0006,302,87,24.0,3058.812,1.4471484694777745,0.7235742347388873,Warning,3.4248208106770663,2.4915333699239977,4.182567814531136,0.23871895764328246,-1.7211995934038338,-2.015773418279684,0.0003841275623097243,0.705261585612315,33.20338483123576,23.829441222036376,40.667923693760464,4.359498212766225
B0006,306,88,24.0,3058.578,1.4468538105659885,0.7234269052829942,Warning,3.4234990883192666,2.444861994529003,4.182606347806988,0.24156011251597115,-1.721141114732718,-2.0165661835906454,0.001218107513799628,0.70520381156388,33.533950654066935,24.20984647694025,40.990356883952465,4.344683946650958
B0006,310,89,24.0,3049.328,1.4416741930284678,0.7208370965142339,Warning,3.4247420964314874,2.4840755398082255,4.183047552179642,0.2394044963910197,-1.7200547727480755,-2.018144057635402,0.00043057445010054817,0.7063056423778308,33.5767934055627,24.27322345224107,40.997744028174516,4.336933667265993
B0006,313,90,24.0,3177.219,1.5935866593100128,0.7967933296550064,Warning,3.450702139255875,2.479017302613424,4.222516216835943,0.24986811906504275,-1.8210481343824243,-2.0143333289759338,0.00029206186344975406,0.5870046814200932,33.224088400657315,24.058176844558602,40.77265883698999,4.292984862195963
B0006,316,91,24.0,3082.937,1.5463902376915637,0.7731951188457818,Warning,3.4480475429907522,2.4820670710190385,4.1909374470770855,0.24289182353294878,-1.821445703423604,-2.016338466932382,0.00020266112069095444,0.5868021780918599,33.37083344726966,24.676724380143,40.522204934304625,4.07675840902897
B0006,320,92,24.0,3074.266,1.51470559175661,0.757352795878305,Warning,3.4399481891896455,2.452449045714353,4.183028520369727,0.24242933169344988,-1.7899159936953069,-2.0145951136219593,0.0019503732302666096,0.6278130340643914,33.43366634309322,24.71374963671338,40.57746834859555,4.0943289069244875
B0006,324,93,24.0,3066.0,1.4989786083335404,0.7494893041667702,Warning,3.434112914501242,2.4198491932573414,4.1838942747302825,0.24449013265629163,-1.7769345930773324,-2.0144018884289827,0.0005084867021221242,0.6433896249887968,33.28676739403043,24.452648939888725,40.516963879873735,4.148554523311033
B0006,328,94,24.0,3056.437,1.4831110745410492,0.7415555372705246,Warning,3.4325600940363916,2.4706823501191706,4.1839835007856605,0.24110307279068668,-1.7640032117743045,-2.015270624937178,0.0007359350635753225,0.6586649159229433,33.14347737377552,24.224651493389036,40.34325381638243,4.160423251021807
B0006,332,95,24.0,3048.219,1.4729664825468278,0.7364832412734139,Warning,3.4270614887575657,2.413759774558071,4.183640209073579,0.24425389866866307,-1.7571701008871028,-2.015800833534411,0.002124212914898989,0.666669840838828,33.11021541795579,24.107818019162874,40.39341126895154,4.218777608920164
B0006,336,96,24.0,3039.218,1.4627604396099307,0.7313802198049654,Warning,3.427340316812041,2.4562499847243027,4.183387047926521,0.24148071569208399,-1.7502670210777267,-2.0153848289913054,0.0017289535444482576,0.6742901923854049,33.18991802149879,24.152350848480747,40.46341487442664,4.226492089676788
B0006,340,97,24.0,3039.047,1.4518364681062514,0.7259182340531257,Warning,3.423482197888437,2.401794655879554,4.18356344388626,0.24464245573487717,-1.7439614243216512,-2.017707476586292,0.0015255121086987376,0.6811805311767779,33.26265398635676,24.1926071662797,40.5818264138806,4.237392666333103
B0006,344,98,24.0,3030.375,1.4468670644030392,0.7234335322015196,Warning,3.4220957701069374,2.4087687236133313,4.18171248971767,0.243681234330419,-1.736850855663561,-2.0198780169470747,0.0017135739999164965,0.6887151482292208,33.299978841087025,24.238609855596458,40.61670777074496,4.240456106278274
B0006,348,99,24.0,3021.0,1.441380399427779,0.7206901997138895,Warning,3.421883545422636,2.4308118485818704,4.1832473219705815,0.24249235318123782,-1.7360045229798653,-2.0197856871193367,0.0020383190496457725,0.6896541510589468,33.31663547841367,24.191028062692588,40.631647661681036,4.260205034784692
B0006,352,100,24.0,3021.75,1.431210744960774,0.715605372480387,Warning,3.4195777411151886,2.398886415333129,4.183049768329545,0.24428631492877723,-1.729690117077797,-2.015287001210607,0.0021980860706101134,0.6962675710854851,33.39150630507064,24.226474805349635,40.74323383889164,4.280804367288263
B0006,356,101,24.0,3012.265,1.4260247179525716,0.7130123589762858,Warning,3.4175281789596474,2.3814379490849835,4.1830924980863315,0.24533925383722666,-1.7287954627467013,-2.013949066691416,0.0005566103878417646,0.697047878700166,33.41522427488497,24.22178922960351,40.81715493531611,4.299262709763484
B0006,360,102,24.0,3002.641,1.420487649966195,0.7102438249830975,Warning,3.4197860540725715,2.459885297095542,4.181536580807847,0.24035187594624083,-1.7216729981632184,-2.015065571425412,0.0018803136776330096,0.7045973768027333,33.39690850726103,24.207764443084063,40.72877617289365,4.279105256934157
B0006,364,103,24.0,3012.0,1.4207006230355006,0.7103503115177503,Warning,3.4171369298988705,2.4007285025453995,4.172034399629829,0.24069187953555218,-1.7228162229694663,-2.0151971595728613,0.0022542409730723326,0.703674489345141,33.73731993653,24.266994666970984,41.45494452672042,4.4640444489608955
B0006,367,104,24.0,3020.11,1.452255804330839,0.7261279021654194,Warning,3.4305347141293625,2.472830716079143,4.188427549455566,0.23954452760941822,-1.7486639022205694,-2.0180838913239434,0.008152353556458646,0.6766364586222329,34.08965316576344,25.010523307428713,41.39678877103747,4.2491873703569984
B0006,371,105,24.0,3002.172000000006,1.431557632772571,0.7157788163862855,Warning,3.4250844180972875,2.467318928642863,4.181499335679726,0.23920169814767764,-1.7345160724760178,-2.015157068463395,0.00019789529282717813,0.6914329019224659,33.9987286593769,24.81713061500866,41.36669473718026,4.299417325493445
B0006,375,106,24.0,2992.703,1.415015751158943,0.7075078755794715,Warning,3.4171339862792935,2.3692462667540997,4.179546243153898,0.24475701426966365,-1.7271570233190525,-2.013917344838714,0.001392653144198631,0.6989258053585963,33.907397114007345,24.66015421423191,41.37787352037061,4.346415144643425
B0006,379,107,24.0,2964.468,1.4097311506517451,0.7048655753258726,Warning,3.417521467040602,2.4482618595124874,4.18101558225098,0.2408080362142482,-1.7305179027385762,-2.026182069042455,0.005189848551175063,0.6950775843262647,33.70518417605219,24.417272340572964,41.140956091698214,4.357781964328754
B0006,383,108,24.0,2983.375,1.404917318129309,0.7024586590646545,Warning,3.4181623236680356,2.4598632768748825,4.182667734360821,0.23985452319305442,-1.7141443638380731,-2.0154806588037197,0.0017804365403169887,0.712645847764213,33.7458832944166,24.34226965648951,41.2168813199875,4.385409704614487
B0006,387,109,24.0,2975.297,1.395164296571563,0.6975821482857815,End_of_Life,3.420331935905118,2.497869764845928,4.179947555799937,0.23666693145105858,-1.7067823273466607,-2.014398878088724,0.0004526100127092855,0.7197036155373028,34.01657212624259,24.68862064835225,41.40391881889191,4.352005984144061
B0006,391,110,24.0,2974.9850000000006,1.3945343832614077,0.6972671916307038,End_of_Life,3.4192916311692465,2.472236707252471,4.182316086490744,0.2390286773610217,-1.7063596521950202,-2.015379938834276,0.0004074114617765993,0.7197068332356091,34.175023374593785,24.83379380277289,41.586571331198584,4.354041697107458
B0006,395,111,24.0,2966.25,1.3893171179312644,0.6946585589656322,End_of_Life,3.414352330355796,2.4278749904763077,4.18300582450457,0.24221175414346538,-1.7052696591517462,-2.024938600791225,0.0027319664703010157,0.7206903789128402,33.976109677640174,24.567907151996646,41.43504077863728,4.382087060522724
B0006,399,112,24.0,2956.359,1.3838379472327809,0.6919189736163904,End_of_Life,3.412701167144591,2.4275905200235055,4.1825046060820625,0.24220504327165968,-1.7046265574439607,-2.027018156432659,0.0013872942238959522,0.7213952667094184,33.84150372451663,24.35845427718724,41.37436880579148,4.426438431004594
B0006,403,113,24.0,2956.344,1.3736814238195123,0.6868407119097562,End_of_Life,3.410409522809144,2.37337869163978,4.179533028548021,0.24435718343921012,-1.6985503106996724,-2.014779909755338,0.0037299171946931393,0.7278602667366414,34.1008464215818,24.62149945751311,41.66477948989921,4.429283182231005
B0006,407,114,24.0,2956.406,1.3786059891863676,0.6893029945931838,End_of_Life,3.414419320260644,2.4248604132549767,4.18250512422575,0.24176595846391638,-1.6982347588599789,-2.0151111715849144,0.0014127620211878914,0.7275938938122148,34.34663683304219,24.908657981582394,41.81816829502593,4.398555379640064
B0006,411,115,24.0,2947.266,1.3737600299108574,0.6868800149554287,End_of_Life,3.4131710032395315,2.426962848243194,4.1828227593786,0.24223055603174873,-1.6971165805711328,-2.0151664181090267,0.0008856833378857151,0.7286470501073794,34.216231530637586,24.777867901281315,41.686647000781186,4.403435230805167
B0006,415,116,24.0,2937.984,1.3682580583942712,0.6841290291971356,End_of_Life,3.4107019261975147,2.417287750352038,4.182413969607667,0.24315982041013035,-1.6959199401004303,-2.016248522283907,0.0022565477410673076,0.7299387135336083,34.041617020161176,24.55493670403353,41.565382893773936,4.427228658094671
B0006,419,117,24.0,2929.125,1.3633024037317505,0.6816512018658752,End_of_Life,3.4089059214760367,2.4185087281747166,4.182451170946608,0.24335348175106358,-1.6953163120957457,-2.015018401452086,0.002945843089707679,0.7307162124593425,33.890212870710734,24.318017130660255,41.46394809540406,4.468195522374229
B0006,423,118,24.0,2928.454,1.3580966140172601,0.6790483070086301,End_of_Life,3.4134080258317576,2.480937393224248,4.181305580928812,0.23910918351075655,-1.6890383512433216,-2.014808414619914,0.0017870517833380544,0.7365985147966571,34.116762412437,24.575299028638764,41.6123634180086,4.440858026001165
B0006,427,119,24.0,2929.375,1.353269090999531,0.6766345454997655,End_of_Life,3.411221044859532,2.4078214169511205,4.1804870315884735,0.24277811004383898,-1.689240311218937,-2.0149941642208877,0.0009686723211606385,0.7366705561751957,34.490493589415046,24.98269073769502,42.0075404495327,4.435836689713161
B0006,431,120,24.0,2946.031,1.3841605738237488,0.6920802869118744,End_of_Life,3.4155210852213678,2.433234589649132,4.163570261072192,0.23720200532883332,-1.7102007614808157,-2.014889154962298,0.0021530897065765533,0.7162819617972487,34.23744800906639,25.141147272482755,41.61679232360952,4.2869335467351615
B0006,433,121,24.0,2955.438,1.4051467790651473,0.7025733895325736,Warning,3.4229838362549794,2.440822893388958,4.190012868765637,0.24143941002028121,-1.730244918610445,-2.021897889619746,0.0009450807694683962,0.6962615132210175,34.41428886050454,25.169349346251153,41.80245062827161,4.32119435671904
B0006,437,122,24.0,2937.625,1.378719022627353,0.6893595113136765,End_of_Life,3.414757022019347,2.396078253891397,4.182418011462176,0.24413784898440827,-1.7152465923901479,-2.013990107965066,0.0022862143567549285,0.7110232265703329,34.16445180476378,24.821438212878718,41.653004783464006,4.371208230317734
B0006,441,123,24.0,2929.078,1.3682657783199066,0.6841328891599533,End_of_Life,3.41435871627236,2.449306948268824,4.182070839014939,0.24152323402005177,-1.7013404928191733,-2.0141794769710484,0.0017603003484055497,0.7245002916787043,33.877146811272176,24.44823164208337,41.36061809844917,4.3976928116809235
B0006,445,124,24.0,2918.375,1.3573151296618016,0.6786575648309008,End_of_Life,3.4091886698418046,2.384185417166802,4.182701902443236,0.2460496736273354,-1.7004366132157598,-2.014245767720947,0.002448164539924058,0.7253678587355785,33.839566254190565,24.316938949769007,41.42815616511055,4.451653713060872
B0006,449,125,24.0,2919.812,1.3524934638801596,0.6762467319400798,End_of_Life,3.411930366643558,2.4440756213040964,4.182270325485355,0.24258968522569255,-1.6873533635265776,-2.013969299900083,0.0010573004756267543,0.7373003664947759,33.818304796930946,24.299358283075954,41.343265645039,4.430731206018662
B0006,453,126,24.0,2900.422,1.3474099151661236,0.6737049575830618,End_of_Life,3.4094417183837504,2.4296014294774673,4.182394535290608,0.24390756219118898,-1.6919294969110734,-2.014779898380345,0.0016960165224917886,0.7335386849531479,33.812621135472135,24.255785257635935,41.38118673567723,4.459629393541612
B0006,457,127,24.0,2901.375,1.3370075130842318,0.6685037565421159,End_of_Life,3.4081896097479882,2.41022288115442,4.182061947471753,0.24531767840677798,-1.6852952939579415,-2.014211676143238,0.0020320718333584533,0.7395261452441036,33.79894614410012,24.22667614097166,41.378450473707446,4.460136031575844
B0006,461,128,24.0,2901.187,1.3312352966718526,0.6656176483359263,End_of_Life,3.40737851449911,2.4098927032454966,4.182288987105723,0.24580906151652474,-1.6787428835073943,-2.0146307921789908,0.008037676680716626,0.7454352436652836,33.702723745621576,24.08401483096836,41.306600641009794,4.472061666110305
B0006,465,129,24.0,2891.64,1.3259303781727643,0.6629651890863821,End_of_Life,3.4085862639015,2.453938411405305,4.179662143533188,0.24308656517101032,-1.6712137513430336,-2.013369705800471,0.0010416352989289336,0.7521771809630792,33.63562651984647,24.032744419693664,41.204081036719124,4.464296886707149
B0006,469,130,24.0,2882.906,1.321578743867529,0.6607893719337645,End_of_Life,3.404843616147767,2.3940396792395253,4.181392635232333,0.2473025976222259,-1.6768931248947176,-2.0139825284473383,0.0013051127215942834,0.7474282095747105,33.690724061796516,24.035049734679703,41.32955629442644,4.503856031202928
B0006,473,131,24.0,2883.265,1.321225074066109,0.6606125370330544,End_of_Life,3.4081057374178703,2.45134737470238,4.182099866234647,0.24422108333220258,-1.6701186583642826,-2.0138921521532196,0.0019059149885720526,0.7532835002669596,33.71317033815572,24.066996312466095,41.300370296451625,4.4804543979131095
B0006,477,132,24.0,2882.969,1.3156485301862682,0.6578242650931341,End_of_Life,3.4091728540380735,2.475014603796582,4.182054276922838,0.24340486418659887,-1.6634753413292604,-2.013710255019385,0.004822714606532057,0.7589708333972093,33.65376593260611,23.996723972247743,41.243646229563595,4.481173590462752
B0006,481,133,24.0,2891.656,1.3209025697502388,0.6604512848751194,End_of_Life,3.4110817622184233,2.4569179775419294,4.168816046299314,0.24099639163604958,-1.6645875549232958,-2.0145340492151043,0.0016790557813109385,0.7579357799006134,33.983578066068176,24.663353868241057,41.36464929786556,4.335679642629904
B0006,483,134,24.0,2901.25,1.3474328767273906,0.6737164383636953,End_of_Life,3.4167486246717154,2.438240626221148,4.190149239555381,0.2445794002146044,-1.6918384605140158,-2.01382438347875,0.0011291190058123485,0.7334467668216439,33.816348135475515,24.805357555777945,40.89285784811417,4.157409676256734
B0006,485,135,24.0,2891.703,1.3260128072353616,0.6630064036176808,End_of_Life,3.4169689184247174,2.4946397780995584,4.187196878135145,0.2418829111188869,-1.6711981411684529,-2.0133154561700204,0.0015509192623282008,0.7523130560666373,33.60692030225909,24.568710436075083,40.652964511118334,4.158579088645514
B0006,489,136,24.0,2883.016,1.3101186784831063,0.6550593392415531,End_of_Life,3.4105763913818787,2.4367455144223555,4.18232296515852,0.24570660921197612,-1.6632769410531225,-2.0139168871011672,0.00178074624019554,0.7590269335533172,33.47350597721994,24.308667818003084,40.58410707337388,4.21322292649837
B0006,493,137,24.0,2873.453,1.30521620229393,0.652608101146965,End_of_Life,3.4113335283009314,2.4858689968085326,4.1822817387062585,0.243669978984679,-1.6559085740676296,-2.0142276812428177,0.0011362898765440136,0.7654957106646719,33.209178727620106,24.003796003990193,40.322783635307104,4.224043353343756
B0006,497,138,24.0,2874.031,1.3004061951355774,0.6502030975677887,End_of_Life,3.4081283345557187,2.3957550201907916,4.181394192711236,0.24822787297973212,-1.6561009220603313,-2.0140803684449082,0.001125807644408657,0.7655069350374726,33.58088963686094,24.359100181053126,40.78032921971219,4.2561126788303865
B0006,501,139,24.0,2874.234,1.300235735841116,0.650117867920558,End_of_Life,3.4125732422699135,2.4504684570147006,4.182109437180301,0.2452230312011813,-1.6493259508429792,-2.014831579693271,0.003538590469666894,0.7709658700007178,33.76400861956033,24.621773390889473,40.85731522464202,4.193931968929846
B0006,505,140,24.0,2864.984,1.2895066722480755,0.6447533361240377,End_of_Life,3.407693686560286,2.3942028718004007,4.181210531150237,0.24934296653021504,-1.6481131076816375,-2.014857985605384,0.0007121321492493882,0.7718560566678059,33.57003564415372,24.362440700162463,40.74860220857894,4.228315089062405
B0006,509,141,24.0,2855.093,1.279253057384795,0.6396265286923974,End_of_Life,3.4073499608041957,2.4303844034459368,4.180183763169455,0.24821460129448178,-1.6402541382604887,-2.013906118562721,0.0020706037950560794,0.778065034301414,33.272050895552354,24.05758090644101,40.472276230208436,4.237196672375289
B0006,513,142,24.0,2855.625,1.2792078171714618,0.6396039085857309,End_of_Life,3.409292163767801,2.4755630989048205,4.181641969595387,0.24659016011849222,-1.6339151095418003,-2.01480412850878,0.001176065085161298,0.7837204519359695,33.12740933210319,23.840036551906117,40.28187574900838,4.246858259984162
B0006,517,143,24.0,2855.594,1.274036760902923,0.6370183804514615,End_of_Life,3.4095492354804775,2.446712151873903,4.1818501497507565,0.24758339650785938,-1.6340244573659812,-2.014522533445452,0.0019702593856607345,0.7838316988955946,33.439116773449626,24.11614509838886,40.637565231244686,4.2702980385522755
B0006,521,144,24.0,2847.437,1.2741273923001468,0.6370636961500734,End_of_Life,3.410318915287339,2.4607112018206894,4.1817089329030335,0.24739801801109818,-1.632488007933941,-2.0149438038428857,0.004049537026825638,0.7848803525722242,33.482874768414376,24.248375431600596,40.64243349478575,4.236324048558813
B0006,525,145,24.0,2847.36,1.2637639426440779,0.6318819713220389,End_of_Life,3.409269478846637,2.4619788522973796,4.178725976011113,0.24810226825514498,-1.6192610042624402,-2.0150039133931816,0.0014280969271294325,0.7951183753696195,33.22136307064441,23.97276387413658,40.38713367022122,4.229433369947142
B0006,529,146,24.0,2837.328,1.2581373688955233,0.6290686844477617,End_of_Life,3.4094374435069095,2.4999079970509284,4.181148894438262,0.24744012771914206,-1.6178242977824624,-2.015129426588159,0.0037301935665104953,0.796212152834948,32.98562738901426,23.67821307261489,40.15316398972329,4.254562559265268
B0006,533,147,24.0,2837.281,1.253259864055301,0.6266299320276505,End_of_Life,3.403885091976961,2.4061574188511727,4.181246648937272,0.2532123266842987,-1.6181015728870058,-2.0157490612295734,0.0014360032513640252,0.7959104627910828,32.970182781539556,23.518722627950357,40.26211669866818,4.320691363853224
B0006,537,148,24.0,2838.515,1.2532313315493426,0.6266156657746713,End_of_Life,3.4065929107527846,2.40921365026611,4.1821248744689274,0.25263202324107764,-1.6180985297864203,-2.014223314502266,0.008808612211148337,0.7962214097717415,33.31018716138479,23.900390232503312,40.65437976632703,4.314882989913479
B0006,541,149,24.0,2828.328,1.2480874960313577,0.6240437480156789,End_of_Life,3.4095930016592684,2.4705399687343235,4.179545017207998,0.24908472229042342,-1.6103535053387172,-2.0163352495806492,0.0018528412705641154,0.8022686918286582,33.23406652671602,23.927161901061876,40.41021687551566,4.247229394906718
B0006,545,150,24.0,2838.265,1.2534354284944844,0.6267177142472422,End_of_Life,3.409409922814414,2.4996841687041944,4.164241788212258,0.24501536673331065,-1.611644410040853,-2.01499403966668,0.0006572950596480301,0.8010853524879897,33.117656712920734,23.563221777928874,40.49521984011741,4.380274662730237
B0006,548,151,24.0,2864.547,1.2898048773266901,0.6449024386633451,End_of_Life,3.4195489282896943,2.4839695531514434,4.189238693156103,0.2466700164316275,-1.6420364978388977,-2.0181368086516467,0.0011420403060800586,0.7774199520441293,33.78417036686004,24.182986071194534,41.357879741754175,4.440412482093005
B0006,552,152,24.0,2846.39,1.2635402021758835,0.6317701010879417,End_of_Life,3.4151799904187996,2.4675402264113453,4.180842923747738,0.24807422285760142,-1.6194806393973795,-2.0142774492167734,0.0006389432339644004,0.7950525227865529,33.806439563441614,24.13790128994837,41.37902988743146,4.4572811045999154
B0006,556,153,24.0,2837.969,1.2479761706842853,0.6239880853421427,End_of_Life,3.4154594925159083,2.4946438160388325,4.18123823034649,0.2480617016753451,-1.6048643562670923,-2.0138128429431967,0.005781248307535802,0.8060358618163398,33.63735785291911,23.963097388160715,41.20920760771975,4.450962807667149
B0006,560,154,24.0,2838.156,1.2321202877943334,0.6160601438971667,End_of_Life,3.4130336456755868,2.4577382116375843,4.1798277092808815,0.2513379562071556,-1.5916400783224371,-2.0149177563869873,0.0023397381848139728,0.8158903428123628,33.58195933847606,23.85096067907487,41.20630554355683,4.472326760440252
B0006,564,155,24.0,2829.843,1.2271137666213534,0.6135568833106767,End_of_Life,3.4094524356574096,2.40986495422137,4.180792839927961,0.25541755590484166,-1.5901105081883435,-2.0149300788502975,0.0010089516629164148,0.81704386414875,33.56245583951572,23.75303412345965,41.28239317323536,4.515353242870561
B0006,568,156,24.0,2829.625,1.2217397581377356,0.6108698790688678,End_of_Life,3.4138496008165014,2.479418189447868,4.181365190126037,0.2521876111582164,-1.5767754479909835,-2.0147963353542564,0.000859480585004194,0.8262753136633273,33.5111267532655,23.71579098948608,41.1595683576961,4.488716863512712
B0006,572,157,24.0,2819.437,1.211102678915174,0.605551339457587,End_of_Life,3.410900672125043,2.434585389303289,4.180594670510683,0.2554146162892581,-1.575262673173442,-2.015518745222527,0.001199208658635817,0.8272958161026505,33.53675907012135,23.759120931060004,41.230427315370186,4.49738001188431
B0006,576,158,24.0,2819.579,1.2056159765131735,0.6028079882565868,End_of_Life,3.4105744140130074,2.425682710641569,4.181424135030176,0.25698194109584227,-1.5684640005188113,-2.0147884579094577,0.0016688329956906312,0.8317378025292568,33.49803069556778,23.662315778660414,41.21487873613708,4.5075717019233785
B0006,580,159,24.0,2810.672,1.2008936262717274,0.6004468131358637,End_of_Life,3.4096514247359915,2.417924401749313,4.181921994951423,0.25819731705646964,-1.5671286757845893,-2.0146138657111945,0.00267138921983699,0.8329428153403723,33.516977262709986,23.65025525718372,41.27439823262361,4.527649008570073
B0006,584,160,24.0,2811.485,1.1905903985558335,0.5952951992779167,End_of_Life,3.4128578373442537,2.4541577949851603,4.179593598747663,0.2562295547306426,-1.5537993411647462,-2.0148417510809367,0.002105455435076752,0.8418998631531451,33.531923269271225,23.716467103089535,41.237668013317766,4.494711757510842
B0006,588,161,24.0,2802.422,1.185179251041941,0.5925896255209705,End_of_Life,3.413450901705652,2.463616101176541,4.180557596235595,0.25633972565262325,-1.5521827524962775,-2.013981544237104,0.0030546197767952537,0.8426741525725665,33.567636169584304,23.75283925140291,41.24068073261839,4.488739697730475
B0006,592,162,24.0,2801.625,1.1796706818144624,0.5898353409072312,End_of_Life,3.414388187503409,2.470375229475307,4.181414159913002,0.2568441721022827,-1.5452652929126827,-2.014023708028726,0.0020243726684846712,0.8470345896109175,33.60493096509702,23.806067140125037,41.28133907077437,4.480792235047609
B0006,596,163,24.0,2802.031,1.1745952836753915,0.5872976418376957,End_of_Life,3.412419038813061,2.4357634426689945,4.180815073540562,0.25993777730028017,-1.538651770825325,-2.016504705213686,0.003941121782864298,0.8513560117080599,33.54281440778599,23.71321070187237,41.28338645880181,4.497310319961048
B0006,600,164,24.0,2793.39,1.15381833159625,0.576909165798125,End_of_Life,3.4148103057455175,2.481190011798763,4.1697037841892834,0.25676219132624173,-1.5169723774339863,-2.0192733708647617,0.002247664734570795,0.8647472127992183,33.472459360982775,23.707339766856947,41.149193043289586,4.458920775963431
B0006,604,165,24.0,2793.39,1.1644009557372264,0.5822004778686132,End_of_Life,3.4166177332601,2.491537251958465,4.180283727512206,0.25786885910619006,-1.5238501013926742,-2.014625681416588,0.0020222968056506606,0.8603890556014289,33.58210389885497,23.791460085164704,41.26268252018065,4.465400116342418
B0006,608,166,24.0,2792.485,1.1587974947916069,0.5793987473958034,End_of_Life,3.4121341541171764,2.40904100737121,4.181170015245673,0.26372718676135337,-1.523792814686802,-2.016243208356173,0.0003659402321130544,0.8604329777233659,33.6634605108384,23.802896883148367,41.45791806300034,4.507073999103317
B0006,612,167,24.0,2802.016,1.1749748834769171,0.5874874417384586,End_of_Life,3.419700177568569,2.475767645530351,4.1575524997258,0.2529109631298057,-1.5391310859398721,-2.013736316594881,-0.000423769574389527,0.8511924609455338,33.730546074122294,24.698597962486065,41.11666214070682,4.1670548482657015
B0006,614,168,24.0,2820.39,1.1856752327929356,0.5928376163964678,End_of_Life,3.4234687742187893,2.4160441724133666,4.188511527828155,0.2619158664193414,-1.5426703969635054,-2.014876364498059,0.0032206172427055937,0.8495522069665737,33.8912822372509,24.907725860706154,41.36263766174168,4.080219455624845
B0007,2,1,24.0,3690.234,1.89105229539079,0.945526147695395,Healthy,3.522006703394617,2.145975766935391,4.199497433806136,0.2874452516516924,-1.8691188840185695,-1.9968672421771276,0.0009103844987851796,0.4752966796525294,32.62485875142121,23.92407356409745,40.59042914535701,3.8821725491629793
B0007,4,2,24.0,3672.344,1.880637027686859,0.9403185138434295,Healthy,3.5319490434317116,2.1110166987852117,4.198510349854315,0.2797089856913086,-1.8680422715350309,-1.9943911963511516,0.003601550603928921,0.47659959994822176,32.738209593287145,24.261106709876195,40.26023408628707,3.767777623445933
B0007,6,3,24.0,3651.641,1.8806626717011388,0.9403313358505694,Healthy,3.5344025220217845,2.0251085128182655,4.198280074112568,0.28372654574505013,-1.877784734502072,-1.994681656822022,-0.0010276902277484255,0.4584167741596034,32.68511456550919,24.3190033925327,40.27558633997852,3.746724750145294
B0007,8,4,24.0,3631.563,1.8807709009833444,0.9403854504916722,Healthy,3.53492504932652,1.922542180649595,4.198267468745592,0.29008702878464626,-1.8875256535871228,-1.9952731083659303,-0.0006983471237198692,0.43922371626617773,32.554748499572646,24.223578724887073,40.29314715799111,3.748713692085809
B0007,10,5,24.0,3629.172,1.8794508728285058,0.9397254364142529,Healthy,3.534536640068787,1.8711590450649882,4.198464224146956,0.29220641599968367,-1.8871559747738404,-1.9935500451030046,0.0005983417342468405,0.439454184988277,32.46787845303298,24.13830760704513,40.268872630219796,3.757399994843755
B0007,12,6,24.0,3652.281,1.8807003517117404,0.9403501758558702,Healthy,3.5411626672196816,2.1756867065903434,4.197967993115647,0.26674308476358344,-1.8675154082122565,-1.9941041745764116,-0.00042434758525011757,0.47752624091693197,32.48624734055599,24.135840711684263,39.67620802332074,3.7187797514899983
B0007,14,7,24.0,3650.828,1.8799352523566075,0.9399676261783038,Healthy,3.541165612176161,2.1117887156019437,4.198023461704379,0.27118633921124835,-1.8673304059806155,-1.993164510431567,0.0005401764510727361,0.4774906738400573,32.55779966353037,24.255515986671373,39.803817662926164,3.7152261569509877
B0007,16,8,24.0,3572.453,1.8815088124038797,0.9407544062019398,Healthy,3.5494581176357975,2.026250619894166,4.199372697237068,0.27297824294152273,-1.9063154499484403,-1.9936540341331743,-0.0003281718194490804,0.3979115030496563,32.45374435641106,24.302952144966042,39.88810476942348,3.66750069286357
B0007,18,9,24.0,3550.594,1.8696907870385844,0.9348453935192922,Healthy,3.5502805464079743,1.9505894332906037,4.19921182024681,0.2771296154486181,-1.9164259300038171,-1.99377953803378,0.0005697252689816581,0.37443743546277825,32.373246444985035,24.257530932186896,39.95162250671474,3.662879470802171
B0007,20,10,24.0,3551.25,1.870052380139199,0.9350261900695995,Healthy,3.5481347674910286,1.8688247067658061,4.198957678253482,0.283812978267983,-1.9165016044519978,-1.9937831213829802,0.0035107556642499692,0.3742086617157418,32.30534276235138,24.189583713016194,40.052021854718284,3.6783546666995868
B0007,22,11,24.0,3530.25,1.8700442394188577,0.9350221197094288,Healthy,3.5484272148956437,1.7896213776724978,4.198832114024662,0.28889633724718083,-1.926771167846017,-1.9942511729128334,-9.593499764332657e-05,0.3483926910622938,32.183319483399806,24.062655752137022,40.1213838436794,3.687673913430504
B0007,25,12,24.0,3491.016,1.8596518987766364,0.9298259493883182,Healthy,3.5560433603714667,1.910336108594535,4.198945227315025,0.27604177175304995,-1.936979366983281,-1.9938120330189373,-0.0018154689461531233,0.3204322222158979,32.378853181816005,24.334878490739897,40.174657039770814,3.63791535075196
B0007,27,13,24.0,3470.281,1.8590746560862206,0.9295373280431103,Healthy,3.5604849642800684,1.9086884059809102,4.1990513028067955,0.2717170193494012,-1.947065774665518,-1.9942213710086447,0.0021769059281878883,0.2882487625048244,32.2913249500013,24.352069874766624,40.016434730174936,3.582678179632668
B0007,29,14,24.0,3470.0,1.8590084577709232,0.9295042288854616,Healthy,3.5562872542469752,1.7868782934275431,4.198107645780677,0.2826191895837473,-1.946961601670498,-1.9939995868905829,-0.0004508051048845279,0.2883646179237529,32.14782797344657,24.125190486792466,40.16569230743226,3.622670216832461
B0007,31,15,24.0,3450.297,1.8593622586957048,0.9296811293478524,Healthy,3.5647746218187324,2.1361343961784502,4.19925638222589,0.2549992595793087,-1.946851050742258,-1.994356138623711,-0.001132462861187769,0.28894202027233323,32.01380948237792,24.072501109913752,39.46139677634257,3.570709862627515
B0007,33,16,24.0,3429.407,1.8587355450601035,0.9293677725300518,Healthy,3.565438928797127,2.0133501283179167,4.199087384946408,0.2598113371383103,-1.9574063719005568,-1.9935665024864544,0.0005922421493807632,0.25171076392728675,31.881310103471357,23.938131916668528,39.5636595172155,3.5607713646101002
B0007,35,17,24.0,3409.484,1.847817291322145,0.9239086456610724,Healthy,3.565961679108638,1.8575547668336483,4.199009971925293,0.26669381029351313,-1.9680136940585706,-1.993742172224942,-0.0019590482402041375,0.20658857155432495,31.854304304240515,23.932016714666645,39.628948319501816,3.552969052142723
B0007,37,18,24.0,3390.422,1.8485252916137047,0.9242626458068524,Healthy,3.572496559005355,2.1657556124208934,4.1985172274243965,0.2443446202400194,-1.9680499927642312,-1.9946244036549008,0.0004326258514957495,0.20727562782238032,31.856555404576753,23.976819790445433,39.225347214914876,3.5240064913765976
B0007,39,19,24.0,3390.281,1.848378951850034,0.924189475925017,Healthy,3.5699492020415136,2.0270686341513207,4.198245740608724,0.25329366708168694,-1.9680218912213907,-1.994455565707021,-0.0024409084852146062,0.20716884485636725,31.867182607083926,23.980775695020398,39.4126321606434,3.5311983271559155
B0007,42,20,24.0,3591.734,1.8807805437609766,0.9403902718804883,Healthy,3.5464338449590023,1.905311669649934,4.196262462698172,0.2870418502164071,-1.9066656790606797,-1.9992261048783584,-0.0008292148953224378,0.3970264906393026,32.35216872128999,24.35868522365832,39.95874037686836,3.6200786747538674
B0007,46,21,24.0,3552.297,1.8814721597443598,0.9407360798721799,Healthy,3.5531968089006387,1.7951975189442124,4.1969587758867,0.28839720112764217,-1.9267118604677658,-1.9940266531677509,0.0007573311396121474,0.34743557997528324,32.60219299451182,24.65025766803762,40.31302300333008,3.609319632122495
B0007,50,22,24.0,3531.578,1.8810954313244785,0.9405477156622393,Healthy,3.5599340214678805,2.1058524852518143,4.197071720130598,0.262396085205122,-1.9260915660103672,-1.993858646326954,0.0013452537587627588,0.3484920989459363,32.19571819720114,24.306273974736932,39.359447242364645,3.5383074860799546
B0007,54,23,24.0,3492.907,1.8710089649779995,0.9355044824889998,Healthy,3.5595604968237993,1.846021007590992,4.19690260801443,0.2755055664428783,-1.9468340181835688,-1.9927272592846585,0.0006146261200233335,0.28754259789672953,31.805988160181123,23.946713982155597,39.454159451189874,3.5365956799637424
B0007,58,24,24.0,3511.594,1.8701995151941375,0.9350997575970688,Healthy,3.552385161941813,1.7370300333706354,4.1966416719103465,0.28817671720490146,-1.9364196896718646,-1.9934659604006035,-0.000273936052171472,0.31982012695944373,31.737001978644926,23.7951049382806,39.641748274009444,3.6015349556344587
B0007,62,25,24.0,3431.9370000000054,1.8706715362800985,0.9353357681400493,Healthy,3.5707670304281067,2.0506492642329937,4.1971302559922,0.2505087558173121,-1.9675984733558025,-1.9930006393050421,-0.00037863003489925804,0.20616966472270115,31.51707667966367,23.718457017715572,38.86906912217273,3.467097459094623
B0007,66,26,24.0,3431.125,1.8596124644020169,0.9298062322010084,Healthy,3.5657224847439295,1.8254369744762284,4.19652461108806,0.26724293226716145,-1.9680130544442065,-1.9947910338783705,-0.001495415658066508,0.20601669067896197,31.442860781038384,23.64183560576637,39.11839966443177,3.4910890369414163
B0007,70,27,24.0,3412.406,1.860033909718346,0.930016954859173,Healthy,3.5712835067487094,2.134879000684994,4.196790308710931,0.24546299726358747,-1.9675572757550353,-1.9956093835681803,0.0005398984445576489,0.2067971048262254,31.32326275303232,23.519892775337357,38.68010761281634,3.477481789559444
B0007,74,28,24.0,3410.688,1.8591653109160768,0.9295826554580384,Healthy,3.5679716274891398,1.970455493406623,4.196693048697735,0.256383090128758,-1.967618505240168,-1.9936520198661494,-8.502750867487407e-05,0.20657115133389814,31.28571570579735,23.467259682273063,38.863045678198645,3.496093238915817
B0007,78,29,24.0,3410.718,1.8481398178778288,0.9240699089389144,Healthy,3.5646314038791784,1.8132694309760007,4.197078923354,0.2688392479727567,-1.9678214300979182,-1.9944764248874858,-0.0021454320098209796,0.20655645682563994,31.331850868998004,23.492198340361576,39.14531169811219,3.5126895678617203
B0007,82,30,24.0,3392.719,1.849201702126164,0.924600851063082,Healthy,3.568983888921194,2.0483657324095637,4.196062203382386,0.2510097241436422,-1.9675056354779956,-1.9940826161567085,-0.002512174488189696,0.2070579900700325,31.32285733932258,23.51112503683739,38.8380564174779,3.4937493267933273
B0007,86,31,24.0,3470.672,1.8834677437950846,0.9417338718975423,Healthy,3.564620688944316,2.181560983985832,4.206531081984383,0.24235648397605905,-1.9683447778186904,-1.9940812941255717,-0.0020329549327671587,0.20521217145448947,31.608436452122476,23.527236127318186,38.95965174080089,3.51820888005486
B0007,90,32,24.0,3414.109,1.8628211117905844,0.9314105558952922,Healthy,3.5694388142217837,2.1177799354077496,4.203187727641822,0.23904274000018072,-1.9788067754387157,-2.003329552797809,0.0016192589541852626,0.14698688650583963,31.782101501165204,23.9542942093336,39.053875772291974,3.380302800718849
B0007,94,33,24.0,3395.219,1.852085039652352,0.926042519826176,Healthy,3.568742147335628,2.1637448793153697,4.202997027311235,0.2361226467707183,-1.9785908218423578,-1.9938003511879974,-0.0016772567366890668,0.14711734266167353,31.515041989202878,23.73407143959736,38.699551697978606,3.363520252997762
B0007,98,34,24.0,3386.0,1.8469504648208708,0.9234752324104354,Healthy,3.5642424070467817,2.0456561472058055,4.2027504558714135,0.2435637592164921,-1.9784335668087778,-1.9942339530946611,-0.002490125507280818,0.1472609174758871,31.13866351339678,23.309807963383705,38.6052414906155,3.4075643650648044
B0007,102,35,24.0,3368.187,1.836828431169018,0.918414215584509,Healthy,3.5653038098527605,2.1356202266992863,4.202665067816707,0.2380524119042055,-1.9781601679702336,-1.9932621441916,0.00021208804630958597,0.14777650141295554,31.068710515588776,23.305948209951065,38.42604747702835,3.3689280446409944
B0007,106,36,24.0,3368.266,1.8371619619672275,0.9185809809836137,Healthy,3.565432167703823,2.042987153745025,4.20243913428064,0.24360198231062685,-1.9783765899690637,-1.9932668899112056,0.0016978688568831312,0.14769064609715238,31.618244836823447,23.739006255698545,39.0468968949422,3.4394022053585354
B0007,110,37,24.0,3358.719,1.8316722583718854,0.9158361291859427,Healthy,3.5622303163451425,1.9786162394118947,4.202794567899269,0.24837093630083507,-1.9780771457931066,-1.9945447573637072,0.0006200071499489343,0.14807220716513025,31.331528063668397,23.487622777066665,38.836764958613884,3.413453157377257
B0007,114,38,24.0,3339.5,1.8211470951317783,0.9105735475658892,Healthy,3.564481026852489,2.15845357648832,4.203135326288817,0.23693822731644562,-1.9780971417908424,-1.9937887547057833,0.0003106338402807465,0.14843712211776988,31.132569191182142,23.2595984254445,38.49981470604549,3.426266595856784
B0007,118,39,24.0,3331.265,1.816506091511515,0.9082530457557575,Healthy,3.561614556780574,2.092603698932653,4.202837061508687,0.24121089374904708,-1.977978349880126,-1.992201283338572,1.0269396682341148e-05,0.1485468782929041,30.972969676157927,23.021675511770262,38.582340147970775,3.4730985811134674
B0007,122,40,24.0,3321.188,1.8113815601504555,0.9056907800752277,Healthy,3.5630587459190144,2.1528886431678034,4.202745735932991,0.2377592209805917,-1.9784334957218421,-1.9945004268443043,0.00063068070763254,0.14869563071084269,31.1990648511682,23.189779567510282,38.787499833494046,3.4999644177634317
B0007,126,41,24.0,3321.844,1.8116056333939583,0.9058028166969792,Healthy,3.5629534367704405,2.0537418826405966,4.203198796599359,0.24427062964618607,-1.9782873833989176,-1.9931746766502974,0.0005017093700327061,0.14888480509231408,31.722267598269813,23.746627825123486,39.31221126031847,3.489535773627038
B0007,130,42,24.0,3311.828,1.8060548955557403,0.9030274477778701,Healthy,3.563446012076242,2.0793300586339956,4.202901668731174,0.24292877825753523,-1.9781961432676651,-1.9946160382197378,0.001495453213727525,0.148965936617679,31.900827580605675,23.98219553879158,39.40567993360536,3.453732440693354
B0007,134,43,24.0,3327.391,1.8132041826994056,0.9066020913497028,Healthy,3.563998342345823,2.0759793304520757,4.196154302326916,0.25327029403423074,-1.9670969462670498,-1.9952878943511754,0.0009071057750656541,0.2090627886753873,31.5372402498617,23.71372956170196,39.32802757827611,3.5356532818719244
B0007,136,44,24.0,3312.078,1.8062641938283535,0.9031320969141767,Healthy,3.5604902283110547,2.0674349483094465,4.2044772244864275,0.24529230432510515,-1.9781214643703728,-1.9951041266249487,-0.0007153493376797931,0.1489594972779903,31.24662583059252,23.52099861667097,38.6112528181758,3.352701649272975
B0007,140,45,24.0,3293.172,1.7958310249900458,0.8979155124950229,Healthy,3.5567002097886946,2.037264031192436,4.20211656315423,0.24718150200077496,-1.9780364457328714,-1.9939079880095492,-0.0012469857773277939,0.1494284562122661,30.939399361884792,23.07246859020669,38.569726951286874,3.427249603700407
B0007,144,46,24.0,3275.328,1.7858852600390451,0.8929426300195226,Healthy,3.5584127263446006,2.1632674190148338,4.202901194454151,0.23972404685296034,-1.977935781469453,-1.9931708315999248,0.0005268652442651537,0.1499746649560789,30.884857004354572,22.983640218520346,38.34572083526661,3.4451204067835475
B0007,148,47,24.0,3265.016,1.7803268604502753,0.8901634302251377,Healthy,3.556136820956992,2.106631526845483,4.201790697233378,0.24353239714133773,-1.9780170042003,-1.9937766833094566,-0.0024226440673283433,0.14992267004756327,30.920682316695828,22.969922978716898,38.482540634946716,3.482820431217398
B0007,150,48,24.0,3328.937,1.8150756899575577,0.9075378449787789,Healthy,3.568999942180493,2.1809272860788376,4.191916354433964,0.23779858875750914,-1.9779140108313502,-1.993416647067197,-0.00017580190974296852,0.14860159467659112,33.880577817079796,26.46604285791351,41.0499421893331,3.252960553213002
B0007,154,49,24.0,3329.266,1.8157025154845838,0.9078512577422919,Healthy,3.571059290544873,2.1773498094527195,4.20342192245769,0.23785906798506715,-1.978162017642311,-1.9946576173158321,-0.0012601283929447712,0.14858283335477085,33.038339318294426,25.38232315092876,40.361944885615415,3.3468582106910603
B0007,158,50,24.0,3301.579,1.8002432178056673,0.9001216089028337,Healthy,3.5666921284622095,2.180136101967249,4.202807443974011,0.23760527129618003,-1.9779553399945098,-1.9927642557550822,-0.000769330814282425,0.1492321114384013,32.27329169539202,24.501910100578034,39.6676965288026,3.3756627697109653
B0007,162,51,24.0,3283.563,1.7904476205609308,0.8952238102804654,Healthy,3.563327431073248,2.1286295199076855,4.203276539809248,0.24105488010739884,-1.9779914337720734,-1.9950332824030974,-0.0006536943792753395,0.14961359454639447,31.937919783481355,24.043121291612863,39.481181404811096,3.443436671543625
B0007,166,52,24.0,3275.125,1.780343032300132,0.890171516150066,Healthy,3.5590146214829015,2.155901281560187,4.202580870413733,0.24277115965808288,-1.9721889844228178,-1.994232501388858,0.0007008105306003851,0.18321554183214092,31.688686599521045,23.724772219746917,39.419051143069204,3.496381532348714
B0007,170,53,24.0,3265.656,1.775328769596812,0.887664384798406,Healthy,3.5566945836342914,2.067103728219671,4.203244171517053,0.24879599446153314,-1.9723254573804139,-1.9927179646840105,0.00015040857434587754,0.18341975964719076,31.779120691032947,23.738337987235628,39.72196117128354,3.555534379207058
B0007,174,54,24.0,3266.093,1.7702629734732853,0.8851314867366427,Healthy,3.555013984911923,2.0619831864543094,4.202697222668131,0.2513247440204203,-1.9668382736785281,-1.9937154240389596,-0.0009153700172719097,0.21152672057298152,32.133873372089305,24.06931067212055,40.041366724781085,3.5837263034233016
B0007,178,55,24.0,3257.594,1.760081061854204,0.880040530927102,Healthy,3.5526373754067415,2.143037413381466,4.202581421564202,0.24843977298975742,-1.960929600351624,-1.9925505277409798,0.00014659719067076842,0.2366096302019096,31.889431533099835,23.857377552308677,39.66314441864834,3.5516310641707514
B0007,182,56,24.0,3248.593,1.749647593537689,0.8748237967688445,Healthy,3.547186025484395,1.9929057988209282,4.201275185814673,0.2591347484640653,-1.9607588424014128,-1.994265959280498,-0.0009119903753978465,0.23690268546827994,31.81736328028127,23.739137412822192,39.84751541049116,3.610373519382387
B0007,186,57,24.0,3238.766,1.749650075059311,0.8748250375296555,Healthy,3.546814755244375,2.0335961968180234,4.202508747096239,0.2566708502475146,-1.9607439129501683,-1.9932021181710204,0.0010974883571477682,0.23725449124295286,31.72316205746117,23.58399487368775,39.743357771631004,3.6410744013520295
B0007,190,58,24.0,3240.14,1.745028739214683,0.8725143696073415,Healthy,3.5447850172972655,2.0213017345171265,4.202333230196108,0.2590391092431144,-1.9550964299704847,-1.9932663431900044,0.0017748697671920149,0.2595637502376604,31.957150654392294,23.708228344468015,40.07246786936068,3.721644074023953
B0007,194,59,24.0,3230.109,1.7396457455286727,0.8698228727643363,Healthy,3.5465215420964156,2.0789964919635966,4.202490707154508,0.25599663439330134,-1.955058998571939,-1.9938941800121164,0.0005136007463939187,0.2597754002497576,32.29917704213345,24.21598770999788,40.247716114003914,3.631661556788779
B0007,198,60,24.0,3229.7810000000027,1.7285642277717963,0.8642821138858982,Healthy,3.540832547654255,1.9925354808829658,4.202290557382721,0.2637981986834192,-1.9491545130405272,-1.9929599237339224,-0.0018160550004962658,0.27992445983861897,32.128842946565555,24.018596493562136,40.27220819224188,3.646211067036828
B0007,202,61,24.0,3212.469,1.723900324588418,0.861950162294209,Healthy,3.542992511358393,2.14041602578448,4.20313824854604,0.25433595231008316,-1.9485230174751031,-2.002837999763986,0.0002657157345997756,0.2810230250199101,32.021134355757404,23.868157730931408,39.89848456781458,3.6712023779065106
B0007,206,62,24.0,3213.219,1.7139788776485192,0.8569894388242596,Healthy,3.5360811169860216,2.006753861515003,4.202703239422359,0.2648942463001822,-1.9431227050969846,-1.994963835157279,0.00032219947807198153,0.29989514018536995,31.859048861486652,23.679272417109907,40.0571305311587,3.723390766043564
B0007,210,63,24.0,3203.578,1.7139701997004613,0.8569850998502306,Healthy,3.5392436935272635,2.121868132176415,4.202907102508285,0.25696742774933107,-1.9430080085541772,-2.0016459444206927,0.0004335128310188525,0.3003153138279422,32.16100333536097,23.840345275714288,40.240711749549135,3.792421226705538
B0007,214,64,24.0,3195.125,1.7036521173638766,0.8518260586819383,Healthy,3.5348237062932575,2.0119648758828452,4.201457080806326,0.2662038409344857,-1.9425165961920092,-1.9940444299252393,0.0008557352401421723,0.3009740923792116,32.10276048728767,24.239122695185117,40.12941739090177,3.6038326573225334
B0007,216,65,24.0,3195.3129999999946,1.7040137474382486,0.8520068737191243,Healthy,3.5366477402090606,2.0744390946376323,4.204304103661928,0.2616558182168718,-1.9370190075205085,-1.99394242124594,0.0009344669590898851,0.3186080584168873,32.33880662180898,24.100749099673767,40.3959693732437,3.7734678513608726
B0007,220,66,24.0,3186.297,1.6935716157343033,0.8467858078671516,Healthy,3.5352062840980913,2.188793384556236,4.20220228055958,0.25544791069144723,-1.9310192096578356,-1.994068391906693,0.002218898125991317,0.33583111935932713,32.21373014824893,23.89454515016851,40.18751058333668,3.806474467128874
B0007,224,67,24.0,3176.438,1.6876577363877656,0.8438288681938828,Healthy,3.5329852237553396,2.1739523632140685,4.202001482736379,0.25706788640824413,-1.9304738354803441,-1.9931157642861432,-0.0005031657572301142,0.33610450717728846,32.09949526722965,23.747372758256024,40.14605167557969,3.8368014709408094
B0007,228,68,24.0,3167.593,1.6830744356583152,0.8415372178291576,Healthy,3.532158560934324,2.1783847786257136,4.202600613133091,0.25743321846075945,-1.9305510314753316,-1.9932876007572093,0.0026672247503980754,0.3367955832619307,32.11305439113157,23.732576134274755,40.18846095484838,3.8534531796730453
B0007,232,69,24.0,3167.719,1.6779270142025482,0.8389635071012741,Healthy,3.5308376380023527,2.191481814157953,4.202328519159183,0.25735132818647616,-1.9247195409983122,-1.9932567265208059,0.0005503459303460755,0.3526649608118804,32.20371989479744,23.784085634385107,40.2789498830108,3.8766566501795
B0007,236,70,24.0,3159.077999999994,1.6732060275966172,0.8366030137983086,Healthy,3.5296958440720005,2.1753473356526807,4.202855889678493,0.25903317835716594,-1.9245739020356052,-1.9933610066273437,0.002600197507149313,0.35306848458191703,32.23340825772458,23.83125634938924,40.310727434969614,3.8809728822466507
B0007,240,71,24.0,3148.829,1.6674367208253988,0.8337183604126994,Healthy,3.5281819372126093,2.1832922624558813,4.202212609390717,0.2590267647030847,-1.9243785304854075,-1.9942955362628867,5.813877826634093e-05,0.353697587121458,32.212169716369466,23.780373043169558,40.31733812871393,3.897110967912235
B0007,244,72,24.0,3149.094,1.6622662630667526,0.8311331315333763,Healthy,3.5265730179666974,2.192864020990023,4.202335745153063,0.25895117983184,-1.9184028799161776,-1.9951017113211473,-0.0006209850775538972,0.36885103516009277,32.21746401954225,23.770282871894263,40.332563430145015,3.918876824662239
B0007,248,73,24.0,3140.547,1.6574243065763063,0.8287121532881532,Healthy,3.5245022548553444,2.1560972126643922,4.201997273379946,0.26179245053019967,-1.9181664471622712,-1.9939693898192545,-0.0008196546730972273,0.36930143578125346,32.23410177209762,23.76194654931583,40.431258866851486,3.9425202907421366
B0007,252,74,24.0,3131.625,1.652538684928734,0.826269342464367,Healthy,3.5228548406546385,2.138540138129487,4.201599523927098,0.26334902608175864,-1.9180994998619483,-1.9959097500887342,-0.0005785652845972775,0.36972121910128913,32.228343983674435,23.751263650793735,40.46247985933005,3.9516136358563108
B0007,256,75,24.0,3121.907,1.6472174627573322,0.8236087313786661,Healthy,3.5222829121237855,2.1646493163558524,4.20196227209543,0.2622165090473685,-1.9179522150901998,-1.9950531920364833,0.0007067950076479342,0.3704409853164542,32.1833106060944,23.692389087728426,40.40103455658551,3.954583146041962
B0007,260,76,24.0,3122.125,1.6364136810898071,0.8182068405449036,Healthy,3.5189923820688493,2.1187211383693167,4.202045571197949,0.26579878809823443,-1.9116539768893375,-1.993252278498655,0.002584297365125661,0.38501324372590207,32.17200142078129,23.642375027314003,40.4426971996319,3.989270609895539
B0007,264,77,24.0,3121.672,1.6362554312048496,0.8181277156024248,Healthy,3.5177844279570794,2.1377868706438155,4.204697039833386,0.26600215117219994,-1.9115865510736891,-1.9934424013813434,0.0016296703790506485,0.3850783041628466,32.03316223587618,23.617774403005388,40.26214977673693,3.9283211145844676
B0007,266,78,24.0,3120.86,1.641119179218384,0.820559589609192,Healthy,3.5212226057273495,2.103155697792567,4.203964293328523,0.267463244027458,-1.917648718820213,-1.993721164618022,-0.0003124695442695881,0.37032820729133353,32.506671891788216,24.167910537487234,40.645668361956844,3.863021171137795
B0007,270,79,24.0,3103.828,1.6315700789656966,0.8157850394828483,Healthy,3.5172227884430147,2.186737546753024,4.201985395805308,0.26251805234594217,-1.9111337702474194,-1.9950801271316676,0.0010705188392996711,0.3859863634088458,31.961039485620926,23.553024490779926,39.95209030011925,3.9075613618643468
B0007,274,80,24.0,3095.094,1.621213282987236,0.810606641493618,Healthy,3.5125010864221813,2.1007747911593695,4.20178017149305,0.26841940308331047,-1.9108556098369367,-1.9937540476262585,0.0012645403116355951,0.3864575673331354,31.798082670491866,23.15836420422582,40.165034583244065,4.039383392805075
B0007,278,81,24.0,3095.781,1.6164273214762122,0.8082136607381061,Healthy,3.5129614635074673,2.1417010068719846,4.202220537976551,0.26549914451346457,-1.9049762303506044,-1.9934634318284483,0.000774643552012622,0.4005172724970495,31.95802833708937,23.26175935743409,40.36674175781141,4.100074784183007
B0007,282,82,24.0,3094.328,1.615823510161921,0.8079117550809605,Healthy,3.5125204100391962,2.0912297625621297,4.2013887453306085,0.26924432437899815,-1.9051068520548522,-1.9955237523449136,0.0004752084007865389,0.4005777576368912,32.41813169746276,23.705879583857502,40.88269125311642,4.104813634275824
B0007,286,83,24.0,3086.531,1.61672418029789,0.808362090148945,Healthy,3.5151454557578807,2.1663009505205935,4.201620573144587,0.264592914024469,-1.9049079394753692,-1.9937747556066172,0.0014730247330521256,0.40110938112637234,32.64044972789331,24.063147568932987,40.856332202254556,4.035276418212726
B0007,290,84,24.0,3085.625,1.6108655863730026,0.8054327931865013,Healthy,3.513443179473182,2.1843637809529235,4.201668680267049,0.26388369352167246,-1.898761620917719,-1.993529946094214,0.0007479343585839389,0.4145639691317064,32.56399373078006,23.95500402082536,40.778024611598504,4.0489676097337375
B0007,294,85,24.0,3067.203,1.6006603374309376,0.8003301687154688,Healthy,3.5097089402574535,2.113995772639173,4.202567159315787,0.26957573994134193,-1.90433828068926,-1.9937950394148773,0.002791130516547081,0.4023836860850073,32.28305350922276,23.712966469853818,40.5829305350897,4.030966130077138
B0007,298,86,24.0,3058.157,1.5959174487005663,0.7979587243502831,Warning,3.5042771471756997,2.0287779476202195,4.201472345711643,0.27593869419229977,-1.904192698545851,-1.9948137474440242,0.0015411386303345927,0.4031010093914232,32.06065237439007,23.380469376342713,40.6345689985191,4.1025915192805655
B0007,302,87,24.0,3058.812,1.5962179519462243,0.7981089759731121,Warning,3.509207943122176,2.1948906641943635,4.201332830124454,0.26403401116573244,-1.8982712229514884,-1.994905249607193,-7.384784317216585e-05,0.41633846419839154,32.365261126964526,23.582488319458513,40.75070125010339,4.154090104643841
B0007,306,88,24.0,3058.578,1.5958065114633972,0.7979032557316986,Warning,3.5095064920492853,2.1621122251410005,4.201522880341636,0.26651020354295685,-1.8977934870545983,-1.9940601969636647,0.0018530612527821342,0.4164923578079049,32.68851871366292,23.982069185971252,41.0672419235651,4.12963931213872
B0007,310,89,24.0,3049.328,1.5906507821480704,0.7953253910740352,Warning,3.505203266169396,2.0092802451741245,4.201386492450036,0.27780037236330035,-1.9036436467205253,-1.9937194932286224,0.004041019442751478,0.40372631842414586,32.747733642524246,24.051439279589804,41.40590880756584,4.151667084862949
B0007,313,90,24.0,3177.219,1.6888211161855506,0.8444105580927753,Healthy,3.5281182345919753,2.144268362237989,4.2333254357000865,0.27416305799250557,-1.936992342648715,-1.9937139334305616,0.0010773421833417186,0.31958358926764696,32.50500516961017,23.850620264439623,41.01558674901627,3.999264397606396
B0007,316,91,24.0,3082.937,1.6259938279733204,0.8129969139866602,Healthy,3.519590928396835,2.0962813773920193,4.203917718634026,0.27054736304342386,-1.9233409193548265,-1.9940123642001173,0.00016193231789911412,0.35732712227323765,32.91993878980996,24.43569034018692,41.31851435911838,3.9779476648867633
B0007,320,92,24.0,3074.266,1.6157433862812898,0.8078716931406449,Healthy,3.5146260368096875,2.0376560852489356,4.202046403451837,0.27485823359870815,-1.916884219356136,-1.9933319825535087,0.0025807635004239486,0.37299749235952684,32.948305858317944,24.481210786362457,41.4002950560853,4.0004148447474615
B0007,324,93,24.0,3066.0,1.6056626764846538,0.8028313382423269,Healthy,3.5115494818370454,2.050265845971926,4.201592874087554,0.2738568804220646,-1.910472150518363,-1.9934516762680057,0.00030225152811291756,0.38840976951005973,32.76906651915661,24.228447169823482,41.2508092329952,4.043926015268153
B0007,328,94,24.0,3056.437,1.5949746921524348,0.7974873460762174,Warning,3.510769869032659,2.1421639870693685,4.201214370586727,0.26772380868625756,-1.904277326283454,-1.9942033375334116,-0.0006093698061376766,0.40296100009297364,32.59734424608833,24.003142454503458,40.95362783962595,4.061553116289224
B0007,332,95,24.0,3048.219,1.5904102438871945,0.7952051219435973,Warning,3.50804494279531,2.093098662464846,4.201660608337926,0.2714351723858833,-1.904002494100001,-1.9942540792901025,0.0005774339704760785,0.40347471459758105,32.52349894408369,23.879196296054904,40.989022190981714,4.1006818446076005
B0007,336,96,24.0,3039.218,1.5853517062988178,0.7926758531494089,Warning,3.507748080950393,2.109503853325003,4.201750207865124,0.27050869918323595,-1.9036546380501311,-1.9999801485407718,0.001450116371467092,0.40435867681465476,32.578228834731775,23.935993772910926,41.02622774121347,4.111733496864432
B0007,340,97,24.0,3039.047,1.5799737147242376,0.7899868573621188,Warning,3.5066673521067266,2.1295447836320704,4.201226117420626,0.2692433210994772,-1.8977146678452774,-1.995744295058308,0.00030953117886836455,0.41774616488674415,32.62728298499839,23.980765847990668,41.01371342582121,4.116933403314129
B0007,344,98,24.0,3030.375,1.5752185465278068,0.7876092732639034,Warning,3.5061843921745397,2.138556110583413,4.201796973837129,0.2691227468747876,-1.8973347377958825,-1.995283636272928,0.0007088973292597752,0.41823604974731454,32.652115712561326,23.999220368885872,41.04923314430273,4.118310158305885
B0007,348,99,24.0,3021.0,1.569798484648868,0.784899242324434,Warning,3.5051004339266254,2.1437793669909317,4.201200470517945,0.26893892592128943,-1.8970045774163773,-1.9943198333456515,0.0016972268277341874,0.4188464005659871,32.64767456395258,23.973654052530293,41.05277512550887,4.135322062548897
B0007,352,100,24.0,3021.75,1.5702565375950357,0.7851282687975178,Warning,3.5054479186890566,2.199196544880164,4.201289094579205,0.26547378393904136,-1.8909127399289274,-1.9968908750212224,0.005071881446587334,0.4318752742370957,32.6993879231031,24.01135599553165,41.02092182377061,4.1434355534635925
B0007,356,101,24.0,3012.265,1.565249873909438,0.782624936954719,Warning,3.500074246846,2.0252901014990434,4.201033482375415,0.2780974884933766,-1.8968789299198896,-1.9939195524210047,-9.090347803085198e-05,0.4193757586765284,32.724576765133094,24.011740056772418,41.34840278359994,4.183372291476193
B0007,360,102,24.0,3002.641,1.559633933561147,0.7798169667805736,Warning,3.5011647157526498,2.0874226328484515,4.201482697501314,0.2734435466054509,-1.8964710309338209,-1.9941986616958334,0.0010516290130581486,0.41987506069301295,32.70434030242972,23.99347983811607,41.23753665797544,4.172822950886433
B0007,364,103,24.0,3012.0,1.5649820533392105,0.7824910266696052,Warning,3.500407285435189,2.0863200514042264,4.196165946742788,0.2727539732933852,-1.8967768141795405,-1.9932029763532655,0.0024946169574364503,0.41968280080139775,32.74051962267582,24.069019867711653,41.21700308433066,4.141460947088176
B0007,367,104,24.0,3020.11,1.57497949984227,0.787489749921135,Warning,3.507816455272743,2.0588247910323827,4.205246397279064,0.2757283357353109,-1.9031485600103595,-1.9969727693616797,0.00028709959940812835,0.4052945132199409,33.38712825139849,24.773284683784794,41.89753189273277,4.106168727289112
B0007,371,105,24.0,3002.172000000006,1.5652811168780458,0.7826405584390229,Warning,3.5025243992110107,2.007722684403967,4.201509838937999,0.27939830506505453,-1.9028574663381217,-2.0040394709724123,0.0011258644840676153,0.40660201692694903,33.270627344923426,24.60432088403771,41.90270996402953,4.15734860812137
B0007,375,106,24.0,2992.703,1.559755497470126,0.779877748735063,Warning,3.505155823274424,2.190682586389996,4.201909525379603,0.26716096018418656,-1.8963219640753084,-2.0003771874564404,0.001227537594917131,0.42073904575858384,33.115074143665915,24.423639542020226,41.48233804274523,4.145666540073196
B0007,379,107,24.0,2964.468,1.549897685670499,0.7749488428352495,Warning,3.4983646475135717,2.008435320437976,4.199865517000471,0.2800179112567817,-1.908430732943726,-2.0052937156241972,0.0010402847333103626,0.3948750790494943,32.90572814040102,24.19968791502018,41.641162265997195,4.18531988772862
B0007,383,108,24.0,2983.375,1.5438771531345021,0.7719385765672511,Warning,3.500140843862167,2.1646360641399958,4.2008597336564515,0.26887813430357094,-1.889754408573026,-1.9945472659822978,0.00034126514562278867,0.4344167924236918,32.953112654161664,24.11639369687997,41.433877603827945,4.228928723876436
B0007,387,109,24.0,2975.297,1.5450187488690073,0.7725093744345036,Warning,3.49909547013937,2.0647427536919833,4.20162098338246,0.2760027250501692,-1.8959167588975119,-1.9938553434941435,-0.000648355297209732,0.4220196727922293,33.2282109237263,24.459092848668906,41.8543569979417,4.2233786094138015
B0007,391,110,24.0,2974.9850000000006,1.5445940154102908,0.7722970077051454,Warning,3.5010357611640615,2.170172617792397,4.201149059944848,0.26906391858600187,-1.889387844169526,-1.9945388143156637,0.002722359158197647,0.4354171727207348,33.361342590516294,24.609806274773607,41.78271326384125,4.200820925974331
B0007,395,111,24.0,2966.25,1.5343086721758876,0.7671543360879438,Warning,3.497212315865497,2.120750718982474,4.200810741834928,0.2725395525815381,-1.8889185963670394,-2.0003871362753527,0.0017320639758289188,0.4358379461976045,33.12431679486816,24.334930769941984,41.62744766181303,4.219242537204774
B0007,399,112,24.0,2956.359,1.5287603942958483,0.7643801971479242,Warning,3.496089957852059,2.13627215665258,4.200373974181371,0.271483182584801,-1.8885071150010755,-1.996471333028226,0.0004949274212671783,0.4362675159871197,32.991553593266204,24.140776797393674,41.552128441464966,4.259597344555285
B0007,403,113,24.0,2956.344,1.5289260249179843,0.7644630124589922,Warning,3.495877119417779,2.0938572364769055,4.201791474587699,0.27453166041980637,-1.8888180820733198,-1.9936433250812406,0.0010239776284218605,0.4365325722003185,33.2318318845246,24.391660570898495,41.839167194182565,4.262261181975609
B0007,407,114,24.0,2956.406,1.529091650133123,0.7645458250665615,Warning,3.493116071455022,1.9959465760122976,4.20067023466464,0.2817618222544089,-1.8887930414931369,-1.9952567240378403,0.0018837863099458731,0.43658181390188044,33.5098123920945,24.672067025619615,42.23998716092915,4.274457633860022
B0007,411,115,24.0,2947.266,1.5239059324661248,0.7619529662330624,Warning,3.492655946458748,2.0305769860653866,4.20021831736756,0.279043030854902,-1.888168080257056,-2.001090966399853,-0.00013231082391631182,0.43714861287355133,33.382402850667845,24.56852628281145,42.040902384977116,4.268524433351918
B0007,415,116,24.0,2937.984,1.5186675419100615,0.7593337709550307,Warning,3.49208824531703,2.0758803797636745,4.200674971032527,0.2761335994927761,-1.887904907597145,-1.9951199234830206,0.0011947086906479835,0.43794829478988856,33.17829959346276,24.34305560390618,41.803429062834496,4.274613938139993
B0007,419,117,24.0,2929.125,1.5136482266426952,0.7568241133213476,Warning,3.490216477408044,2.0793549048242492,4.200371214024706,0.2758276886812699,-1.8877303662432205,-1.995116853206629,0.001065313064968555,0.4384469835295734,33.01591345323486,24.0993140682898,41.6886924602386,4.313576443869671
B0007,423,118,24.0,2928.454,1.5136050185229033,0.7568025092614517,Warning,3.4905931958620466,2.0585109366080414,4.200965645223048,0.277468540309286,-1.8878077163294114,-1.9949523118907793,0.0004787085189064806,0.438505597682676,33.271000362987586,24.36377918362768,41.988171601182124,4.3242665867829135
B0007,427,119,24.0,2929.375,1.5139470614867965,0.7569735307433982,Warning,3.4911419366203664,2.0253107306977376,4.201492773602507,0.2798972380490623,-1.887674933393443,-1.994323430810411,0.0014011551714919052,0.4384231819570503,33.61966967517867,24.74466282559706,42.33252236723314,4.305718262524468
B0007,431,120,24.0,2946.031,1.5339599193158786,0.7669799596579393,Warning,3.49283645226053,2.0069579017420067,4.192768207316796,0.280648377364394,-1.901022727285377,-1.9935581248677674,0.0001912373509952447,0.41018924523222833,33.29697162630193,24.95875411585554,41.63553796804361,4.0496455069214905
B0007,433,121,24.0,2955.438,1.5391372798653098,0.7695686399326549,Warning,3.5025157522808223,2.19792648712031,4.204602036514753,0.26895843585075985,-1.8951144121477894,-2.002748484975491,0.003005896380260811,0.42332838857169847,33.393130865360554,24.95211336056763,41.470498076928735,4.027667151212495
B0007,437,122,24.0,2937.625,1.5236247972838737,0.7618123986419368,Warning,3.492953565598811,2.0299415196572554,4.200995491738166,0.2795996279931968,-1.8941478117057606,-1.9944619397860412,0.001322240211430216,0.42451541923358677,33.13820710362847,24.59206034022774,41.54038193238441,4.122985103685159
B0007,441,123,24.0,2929.078,1.5135813035589147,0.7567906517794574,Warning,3.4917462636517236,2.1171503915767786,4.201036137691208,0.27350870981613745,-1.8875042014728922,-1.993640903324712,0.001962038617783373,0.4382617517151343,32.84069778843796,24.21295183077047,41.13947017697289,4.157487508293686
B0007,445,124,24.0,2918.375,1.5077850749847914,0.7538925374923957,Warning,3.490432264232956,2.1309899052747716,4.200762329918291,0.2729068935891816,-1.8871434043422721,-1.994011319738722,0.0007664599576748683,0.43906275735498046,32.75739655594484,24.083470327760516,41.09041922644824,4.183156275222846
B0007,449,125,24.0,2919.812,1.5031960676037333,0.7515980338018666,Warning,3.488861416967918,2.1294318317485654,4.201013677167557,0.2728699120961805,-1.8807630082774924,-1.9944414808648834,0.0012256774265900067,0.45190204705088705,32.77234087259374,24.06336388722212,41.10034021580957,4.202981030070509
B0007,453,126,24.0,2900.422,1.4978220596995881,0.7489110298497941,Warning,3.4891932104785104,2.164511453629433,4.200439147859412,0.27114343726176793,-1.886419275237733,-1.9927344450972762,0.002815913681284574,0.44033851342651237,32.720417557744895,24.014672446811392,41.03075447325996,4.201910479264187
B0007,457,127,24.0,2901.375,1.492848534633516,0.746424267316758,Warning,3.4878785713375917,2.1743012710834013,4.200264786461796,0.27036963128436114,-1.8800039366336023,-1.9942563048805741,0.0022981628295229055,0.45328208839432876,32.710022803073514,23.987947203431663,40.99688397371006,4.212517381521927
B0007,461,128,24.0,2901.187,1.492414389867026,0.746207194933513,Warning,3.486430546073901,2.1928976284966537,4.200151660684939,0.2689857507962565,-1.8733366537372407,-1.9933001058929758,0.0016961980319279539,0.465528036840312,32.62076759783716,23.86413247301575,40.88481342461614,4.2318435663728
B0007,465,129,24.0,2891.64,1.487482776538081,0.7437413882690405,Warning,3.4812572775226682,2.0298495899147295,4.200453152662228,0.2805884049743061,-1.879702248133121,-1.994355063355133,0.00036095829228417655,0.45377105836715836,32.57651826255201,23.796556329674626,41.09400879501426,4.2680046087936
B0007,469,130,24.0,2882.906,1.482535148640411,0.7412675743202055,Warning,3.4823550791204023,2.0959492247836815,4.200291122451955,0.2757345575864043,-1.8790751470067306,-1.9927610429233324,0.00019610973754523192,0.45452900446391487,32.58396494906228,23.788802856443375,41.01377835587309,4.266172820747234
B0007,473,131,24.0,2883.265,1.4827874322228984,0.7413937161114492,Warning,3.4835074286280525,2.177723491219515,4.199877643371451,0.2702230568822358,-1.8728728303565048,-1.9944391195904978,0.001518080994059945,0.46708909531252873,32.623742674615976,23.82871891762843,40.90635248178393,4.259765769333201
B0007,477,132,24.0,2882.969,1.476971179775059,0.7384855898875295,Warning,3.478976541530706,2.056251340337525,4.200436806124781,0.2785599820113761,-1.8726786421400121,-1.994379463643991,0.0005279711713773091,0.4668330320827534,32.58599202496769,23.743478109305848,41.06596192416311,4.30066202858035
B0007,481,133,24.0,2891.656,1.4819015554137276,0.7409507777068638,Warning,3.483501191305966,2.1512510632923165,4.193077426787744,0.2710187642003124,-1.872734820116884,-1.992644974954703,0.002404244703822979,0.4662180398477774,32.864544723781215,24.457169523678328,40.84520330629611,4.080941387761504
B0007,483,134,24.0,2901.25,1.4981366198874824,0.7490683099437412,Warning,3.4899701994096612,2.1693699073642034,4.203372086437543,0.27165150373790076,-1.8800362373714223,-1.9933389783603288,0.0008283088613030969,0.453311253523682,33.079651096902374,24.575871874910508,41.12807910254104,4.10422717641776
B0007,485,135,24.0,2891.703,1.4820775214392872,0.7410387607196436,Warning,3.484801138956006,2.116759239247948,4.202065190134895,0.2744248030587602,-1.8730214281226414,-1.9933817364068822,0.0030675311032014436,0.46638797880400595,32.932141650182686,24.328512035193278,41.094988453128494,4.167224495126409
B0007,489,136,24.0,2883.016,1.4771155312812152,0.7385577656406076,Warning,3.47835437960934,2.009424225590032,4.200086642861885,0.28185158475661226,-1.8725486136074456,-1.9932411647857315,0.0030467354150696246,0.4670460159468524,32.755748003791545,24.080433038145774,41.11877573165318,4.224926755149784
B0007,493,137,24.0,2873.453,1.4720772783056488,0.7360386391528244,Warning,3.475694933923807,2.0034792344341588,4.199758658258613,0.2821225408880852,-1.8724613181992062,-1.995591810750265,0.002195963691779368,0.46760190562357584,32.52965474617847,23.77234297368613,40.980034990626955,4.271493224906279
B0007,497,138,24.0,2874.031,1.472248013656454,0.736124006828227,Warning,3.481431873453954,2.172988732474185,4.199843161074874,0.27031845545040223,-1.8659419458758726,-1.9935321227601952,0.0019190547671286233,0.4798199080245358,32.848065199041,24.130003633195166,41.017509953482886,4.229905234799717
B0007,501,139,24.0,2874.234,1.4670106672274665,0.7335053336137333,Warning,3.4796060336232353,2.087464676179042,4.200352076636086,0.2760443341294343,-1.865786095147701,-1.9930538887372675,0.0021311239778481466,0.4796371624062805,33.072327061961936,24.398489581288885,41.299420742573055,4.223536418835768
B0007,505,140,24.0,2864.984,1.4617672495335379,0.7308836247667689,Warning,3.4782258967329596,2.110564313669325,4.200169604165679,0.27467455818201325,-1.8654605849037513,-1.996737767854495,0.0025488236883237985,0.4803629887383534,32.85096451719535,24.15787591865575,41.105738037939375,4.2315095942649
B0007,509,141,24.0,2855.093,1.4566952670489708,0.7283476335244854,Warning,3.4743233868367187,2.0724687293779813,4.199911577879335,0.2773685437531875,-1.865134613881632,-1.9940890874950365,0.0015365248744252662,0.48115670765904056,32.572302329954546,23.833084099928946,40.87704013237699,4.272118524208809
B0007,513,142,24.0,2855.625,1.451354972758956,0.725677486379478,Warning,3.4737305453330443,2.1253826973270513,4.199564012073342,0.27350409030007017,-1.858515986418667,-1.9932272893446619,0.001152214891556579,0.4926088565466325,32.450684441760906,23.613836363374315,40.730219862268235,4.307107583090939
B0007,517,143,24.0,2855.594,1.451615926257375,0.7258079631286875,Warning,3.47481272321405,2.1147331324879475,4.199951033620322,0.27411896588082374,-1.8588972649148483,-1.9966895581151058,0.003091812567802781,0.49288536462136934,32.7394359440147,23.88537512458738,41.03226257370644,4.314471991597492
B0007,521,144,24.0,2847.437,1.4468161332173683,0.7234080666086842,Warning,3.476096426841386,2.1738445330859366,4.19995987158867,0.2707101067699333,-1.8581969672334215,-1.9930274022141452,0.002962840512688362,0.49363110012121336,32.775898242252914,24.02342893757079,40.89527781087817,4.253460060290458
B0007,525,145,24.0,2847.36,1.4467570607768785,0.7233785303884392,Warning,3.4686822529487804,1.9947266977360072,4.200414702164272,0.2832693778438166,-1.8581200056254086,-1.9935942445664658,0.0006568763083351514,0.4934164587081907,32.5817324044051,23.75894434400727,41.02491521192672,4.322639954618495
B0007,529,146,24.0,2837.328,1.4413797481446793,0.7206898740723396,Warning,3.4661964701943586,2.0033802121225017,4.199552965128597,0.2821947324675514,-1.8577209868352302,-1.9943703142615519,0.0026276137551773395,0.4943028089733894,32.35021153014993,23.458006651239486,40.815968345794715,4.367565785231717
B0007,533,147,24.0,2837.281,1.4362456252208178,0.7181228126104089,Warning,3.468183423895935,2.116470909151213,4.199706970400125,0.27403294432013725,-1.8512458354075154,-1.9938361784378094,0.002131550219558885,0.5055252635242714,32.28754240914786,23.312450683066256,40.65138669632271,4.387918298052043
B0007,537,148,24.0,2838.515,1.4368154153924828,0.7184077076962414,Warning,3.4678606629897453,2.051877342511651,4.199300346769649,0.27831710554100686,-1.8514531972432,-1.9942060517882434,0.0003083819002708808,0.5055032219238349,32.603239183227075,23.67192071435474,40.965385542419945,4.3654701294274805
B0007,541,149,24.0,2828.328,1.4362945145860047,0.7181472572930023,Warning,3.4662499547181245,2.003221375307111,4.200086391757318,0.28238524242891305,-1.8574211435317929,-1.993515247147098,0.0028170347777114165,0.49499694759507895,32.61208344144242,23.703251528067923,41.11319128215138,4.37997105530099
B0007,545,150,24.0,2838.265,1.4418575315878015,0.7209287657939007,Warning,3.462469269360201,1.9865974995249178,4.189989265375979,0.28188198416963234,-1.857823928669184,-1.99378580594933,0.0021921104214289405,0.4943078671975977,32.26742656599958,23.32719332912165,40.78738321989129,4.383264304717054
B0007,548,151,24.0,2864.547,1.4672063484781797,0.7336031742390898,Warning,3.480518309485383,2.1908121182442706,4.202670619155847,0.270428573348554,-1.8658259561850365,-1.9962132509416517,0.0023628760398125477,0.4805485663838978,32.637733704417855,23.97791363088396,40.73001188190229,4.214467261135465
B0007,552,152,24.0,2846.39,1.4518640367848885,0.7259320183924443,Warning,3.4723137993738336,2.033261415031626,4.199186500777735,0.2802109931464832,-1.8647784241320742,-1.993458887321793,0.0012510749735953092,0.4816733351722642,32.665258715232376,23.91927093515108,40.990354594470126,4.283289390084547
B0007,556,153,24.0,2837.969,1.4471379752748499,0.7235689876374249,Warning,3.474362108592906,2.19135439601875,4.199638763972608,0.2695426070546689,-1.8578958465335809,-1.9936626344417874,0.0026139024713906912,0.4944188415321409,32.502652632323915,23.750323116940578,40.62521315513875,4.270076308909606
B0007,560,154,24.0,2838.156,1.441790586562399,0.7208952932811995,Warning,3.4722823212388754,2.1840705012733683,4.200028390360542,0.2699344065566691,-1.8511947629213035,-1.9935668796843673,0.0027107013781295553,0.5056082033558461,32.446842086875606,23.628172831563695,40.58944296824891,4.299125865852939
B0007,564,155,24.0,2829.843,1.431630947911111,0.7158154739555554,Warning,3.4701761898320465,2.1664368343684446,4.199347098159206,0.2710858021641952,-1.8509042611451945,-1.9934697961407999,0.0007252787010097335,0.5063097294204744,32.39361892904713,23.53981212995311,40.584393586876246,4.325115898670607
B0007,568,156,24.0,2829.625,1.4318084249673686,0.7159042124836843,Warning,3.4635011119445216,1.987193667465448,4.199148920577739,0.2832898045943784,-1.850858274670624,-1.9934414275491175,-0.00017952143405607933,0.5063070156205356,32.417221778010834,23.49802323358846,40.884444140401214,4.3883223279882495
B0007,572,157,24.0,2819.437,1.4262562585106868,0.7131281292553434,Warning,3.467453100453348,2.1314172797434523,4.199648027535327,0.2734041808329979,-1.8504182940365097,-1.9940355259074865,0.0012810100184850572,0.5071972807923033,32.40094040453025,23.52742809133315,40.65159637790841,4.3463556783787
B0007,576,158,24.0,2819.579,1.4260877528924913,0.7130438764462457,Warning,3.4675864728547845,2.188995882590831,4.1991931757384515,0.2695141803952856,-1.8436892876926974,-1.9937717858912956,0.000535666450658973,0.5181427821072656,32.36314241861482,23.458033825865048,40.53138082339522,4.351714431704272
B0007,580,159,24.0,2810.672,1.4212633510031694,0.7106316755015847,Warning,3.462182535852444,2.0322464946417114,4.199053572226856,0.2801600866578969,-1.8498733070449755,-1.9938797141417293,0.0026041426376996195,0.507894137527647,32.382600705235255,23.438813900162128,40.821433488540606,4.4093849536368666
B0007,584,160,24.0,2811.485,1.4163272748795108,0.7081636374397554,Warning,3.465962999117946,2.1695130053947387,4.199879744716988,0.2708827931569411,-1.8432877207292044,-1.9940053249383378,0.0009364024885806814,0.5188324984812375,32.4323818014572,23.504429518319206,40.643362943412974,4.376928450134194
B0007,588,161,24.0,2802.422,1.4165781829175994,0.7082890914587997,Warning,3.4601727514874407,1.9917978280585305,4.1986801794397035,0.28320564015052707,-1.8494580225090995,-1.9936134940183787,0.0012154494508675095,0.5087585272156274,32.48861829940489,23.538505739106153,40.97063567014205,4.415256194230411
B0007,592,162,24.0,2801.625,1.4108401729425177,0.7054200864712589,Warning,3.464226115253961,2.1534486462617073,4.199235005181635,0.2718094069576828,-1.8426221358637018,-1.9932783787552537,0.0024889122249394918,0.5198946086774101,32.524062377970175,23.59680665310433,40.74888323397497,4.383646752360037
B0007,596,163,24.0,2802.031,1.4109949628347804,0.7054974814173902,Warning,3.458799193390812,2.0101572712330453,4.198950996279868,0.28154248712251484,-1.8427098003104345,-1.9936687629475545,0.0026875024090308453,0.5196065660798354,32.482615965621896,23.507102422227057,40.93461596721165,4.428070620096844
B0007,600,164,24.0,2793.39,1.4061714290398801,0.7030857145199401,Warning,3.4620805499710854,2.132718741006573,4.199393701075195,0.27338203683256124,-1.842239518040086,-1.9932378340066106,0.0009947078732730503,0.5205366588751019,32.46389583182878,23.49103023425758,40.74175890345818,4.408949817284241
B0007,604,165,24.0,2793.39,1.4063358479692922,0.7031679239846461,Warning,3.4578782949034514,2.0114763339798887,4.198994975977764,0.2814693412732219,-1.842252843487983,-1.9929534332525367,0.0027780084228780505,0.5205423339703974,32.55681404542561,23.555518771498985,41.00964443691023,4.442695390898806
B0007,608,166,24.0,2792.485,1.4004552399066514,0.7002276199533257,Warning,3.461590937144894,2.1610456063312298,4.198421699164089,0.2711287554522599,-1.8356063485512333,-1.9975549047179482,0.0017032344350931606,0.5311150305328971,32.576296430484255,23.595817643467868,40.80558697887537,4.412579006003441
B0007,612,167,24.0,2802.016,1.4217865046055154,0.7108932523027577,Warning,3.462906230864041,2.0143553387267827,4.188887274283021,0.28163618896619136,-1.8561013515700384,-1.9933150584565904,0.0005141412894631021,0.49740511520485786,32.81804879809979,24.482611948371623,40.92586026351328,4.125296278923238
B0007,614,168,24.0,2820.39,1.4324552720625434,0.7162276360312717,Warning,3.4753580425264796,2.1732119934933296,4.2050716026539625,0.27473843821115856,-1.8574370794605966,-2.0060375207298797,0.001683361634121328,0.49591138171784854,32.92941193334214,24.737923198971707,40.57390100608222,3.9194235342978154
B0018,3,1,24.0,3434.891,1.8550045207910817,0.9275022603955408,Healthy,3.5275462263272543,2.4721608434600437,4.188195942647034,0.2356155544529411,-1.9541761960216968,-2.012995081928318,0.001459080605681204,0.32755521190017756,31.773285281389256,23.8195202516044,38.10180309676608,3.3892433008816
B0018,7,2,24.0,3425.485,1.8431955317089987,0.9215977658544994,Healthy,3.534835576186522,2.4114381994148304,4.186703558364525,0.23789656784178786,-1.9474374301153292,-2.012643873951446,0.0031077708566253433,0.34474912073135366,31.924891594728642,24.314787074430125,38.14987995994155,3.2752302224155914
B0018,11,3,24.0,3410.375,1.8396018424355423,0.9198009212177711,Healthy,3.538246596159443,2.394395968141027,4.188811210133346,0.23728971261206758,-1.9520511323479741,-2.0118244627327857,0.0021731033544040283,0.33092880126857177,31.31691283374216,23.74169210144422,37.5266914843442,3.2627553263141578
B0018,15,4,24.0,3404.719,1.8306736044962053,0.9153368022481027,Healthy,3.537697945111872,2.3999481734774424,4.188875360300162,0.23668744588744997,-1.9460914562122762,-2.0135271229076634,0.0019898436251189404,0.3479124254783602,30.821190751176527,23.227856809949373,37.06279237079503,3.286261154647626
B0018,18,5,24.0,3417.641,1.8327002069419656,0.9163501034709828,Healthy,3.542667604586918,2.3851461229395867,4.189908817357781,0.2394353252581165,-1.9412796601390512,-2.014479287336525,0.001791496299138119,0.3634908467567985,31.95346971511436,24.414641711593454,38.2110354381278,3.299128199072179
B0018,20,6,24.0,3411.766,1.8285288846046388,0.9142644423023194,Healthy,3.5451037330477333,2.3716770708389117,4.190509582057232,0.24110752752449982,-1.9400338819083036,-2.01246830059768,0.002663054224170818,0.36496332223544575,32.02311236185272,24.695286535085184,38.17496505957075,3.208976723644848
B0018,22,7,24.0,3399.516,1.8212011895697924,0.9106005947848962,Healthy,3.5475142438631493,2.4964491577040793,4.1903241054041,0.2318511800008401,-1.9335667184847714,-2.0129654127777004,0.0024302706501015303,0.3808832811419138,31.634533158077694,24.31366014142129,37.64038685475582,3.1972191610410667
B0018,24,8,24.0,3388.75,1.8151700106433282,0.9075850053216641,Healthy,3.544812433691423,2.4374506721131883,4.190302498850287,0.2359561532347725,-1.9332161326561408,-2.0253396376938984,0.007315177847634387,0.3824771942488669,31.288194921595714,23.917267950078497,37.37602884738843,3.2292773880953023
B0018,27,9,24.0,3380.406,1.8042980520967649,0.9021490260483824,Healthy,3.5434780274164095,2.4152206992194847,4.188517549229078,0.23682620647693875,-1.9325959489970461,-2.0164107237206794,0.0013308719123062843,0.3841188149850458,31.11122470608501,23.654641102277676,37.28928029078695,3.2781775320054463
B0018,30,10,24.0,3404.141,1.8231002302844226,0.9115501151422113,Healthy,3.543133206790044,2.377432309524995,4.191794143442699,0.2397794991641069,-1.9387520938161948,-2.0137948590788683,0.0019160597964111145,0.36905252794524707,31.13166983979621,23.598003231352457,37.52377766578506,3.332242371690498
B0018,32,11,24.0,3396.141,1.8121253520255494,0.9060626760127747,Healthy,3.545155146280937,2.3887487262583647,4.190699409462101,0.2394912052033424,-1.9319248326301843,-2.0130992718348324,0.0028767662739353694,0.38518004774627046,31.51305775907457,24.126322531318674,37.72420412562674,3.2605514489475476
B0018,34,12,24.0,3384.094,1.8046916382117766,0.9023458191058883,Healthy,3.545032366549762,2.432289857016922,4.1902633112754275,0.23636543687105385,-1.9249594896453863,-2.012646457499825,0.002628201879030579,0.4008923507156673,31.31102568785445,24.009919830527505,37.41366095304306,3.221069707400618
B0018,36,13,24.0,3370.656,1.790844349786295,0.8954221748931475,Healthy,3.5440892170496827,2.497495633221204,4.18970538556629,0.23152309725169407,-1.9179528942264992,-2.011939908405691,0.003204989680715983,0.41604798160412765,30.893964711700164,23.551364638150325,36.94724908852665,3.2329854477192024
B0018,39,14,24.0,3357.797,1.783470722841926,0.891735361420963,Healthy,3.541317108618481,2.478768686108376,4.188354430914051,0.23215997251902853,-1.917373033348097,-2.013704827395307,0.0038464738146169104,0.41771515683186444,30.540598970902945,23.09050168217513,36.707091312059944,3.289215654112624
B0018,42,15,24.0,3363.015,1.7809386125310702,0.8904693062655351,Healthy,3.541197979542517,2.3858494078680206,4.193543208571066,0.23984848741538095,-1.9180652422275581,-2.0130040542547274,0.001982013280312633,0.41851037792194934,30.82566018736547,23.303464882146475,37.13061214416645,3.353002685245749
B0018,44,16,24.0,3357.734,1.771209039672698,0.885604519836349,Healthy,3.541255460524434,2.372854084449551,4.190238041929225,0.24107515468634144,-1.9106033469326071,-2.0147841532663255,0.0020341106534608818,0.4333538762209249,31.451400678644536,24.000119916961825,37.686600065941576,3.325243999668731
B0018,46,17,24.0,3344.187,1.7686303996707076,0.8843151998353538,Healthy,3.5427478949705886,2.4086912736769084,4.19075698083662,0.23851613291467513,-1.909404549449075,-2.0129355983090056,0.0030576354902658847,0.4345292193646614,31.518847747922937,24.22294874000798,37.633580732302406,3.2500563963932576
B0018,48,18,24.0,3339.969,1.7536304801917124,0.8768152400958562,Healthy,3.541251093602656,2.496331992137246,4.189715378549557,0.23208831014050751,-1.8960567702455413,-2.0117266911103093,0.005725980789228198,0.4608372568983002,31.11237289077096,23.79566158754756,37.15252578645951,3.2602557029885486
B0018,51,19,24.0,3327.641,1.7462197416415093,0.8731098708207546,Healthy,3.5350260562177453,2.4199896352919668,4.187635645163932,0.23636791212783306,-1.8948411660605735,-2.012077515518729,0.003541070186068654,0.46289745724666687,30.586452588663985,23.127324953354822,36.78829001793698,3.3321205431155807
B0018,54,20,24.0,3312.844,1.7376647337053737,0.8688323668526868,Healthy,3.5326627624319777,2.3587321881999297,4.191004692440202,0.24166851701811512,-1.90021436299665,-2.011349710066744,0.0036253848491611656,0.4524585670439338,30.242913021104116,22.780967262070938,36.541146197392216,3.3512442282208244
B0018,56,21,24.0,3302.031,1.7315166735475835,0.8657583367737918,Healthy,3.5333109441755526,2.4458096660548825,4.1906972904216495,0.2353392099181246,-1.8936767267608487,-2.0122749284189503,0.0031433432763886223,0.46616024714206783,30.10270376338569,22.578707611599036,36.372087786130464,3.377498800277712
B0018,58,22,24.0,3305.547,1.7085949894470602,0.8542974947235301,Healthy,3.52738705832889,2.3808537751929744,4.185877977731026,0.23900387966523803,-1.8739718829459886,-2.012448687975656,0.002668820853540544,0.5016651228882696,30.251184852221932,22.714077867822585,36.52608510498833,3.396238619784166
B0018,60,23,24.0,3289.562,1.711469957068211,0.8557349785341055,Healthy,3.5296025965720452,2.436955746154759,4.188109147549676,0.23587487275103497,-1.8791764961687347,-2.012334644346066,0.0029159205825874746,0.4927171230526787,30.212407704391104,22.65890518865621,36.476252762052624,3.4037650864430775
B0018,63,24,24.0,3283.797,1.7075021373272627,0.8537510686636314,Healthy,3.5289707694229833,2.4671365731790713,4.188302415854336,0.23400423826258288,-1.8780560689384003,-2.0122688936966697,0.0037528750707342844,0.4939304971807474,30.125011009636175,22.508167425430855,36.377208902376694,3.4207160165279014
B0018,66,25,24.0,3325.235,1.7492382064360228,0.8746191032180114,Healthy,3.5322741848919814,2.4129371999368505,4.18962510592865,0.23858471665050535,-1.8993718818269214,-2.0125131739991478,0.0019453368756264665,0.45598750208160416,30.22428629982563,22.614491386507936,36.64000948247426,3.4339337984234866
B0018,68,26,24.0,3317.547,1.7327697147429955,0.8663848573714977,Healthy,3.532438322521663,2.3497771039810256,4.190150750158746,0.2435419818393612,-1.8926958551018211,-2.0129844574191207,0.0029083838216241334,0.4697948293651852,30.976376254737342,23.427272668893146,37.38165499248184,3.4306235725098313
B0018,70,27,24.0,3311.766,1.7222313328292376,0.8611156664146188,Healthy,3.5363211310943603,2.4904700018477026,4.189151018945234,0.2339338166813496,-1.8783667048362822,-2.013596799411644,0.0037961984514900287,0.4950470415463233,31.41570291330098,23.95851287847354,37.59824760372582,3.366151084565415
B0018,72,28,24.0,3305.218,1.711846298984729,0.8559231494923645,Healthy,3.533535274219931,2.4650908929255406,4.189631312089484,0.2359904036028267,-1.870834339681941,-2.0157162812456435,0.0037891536387384367,0.507764643561668,31.383299841535273,23.961434154126863,37.560555155163414,3.356965113910435
B0018,75,29,24.0,3295.453,1.699267835126687,0.8496339175633435,Healthy,3.527012841842043,2.363133281953362,4.187690359657657,0.242952334807339,-1.8696567234639716,-2.0125462740568847,0.0035498928055129487,0.5096182399964857,31.167937826253635,23.619671716582488,37.52114200586718,3.422259431092308
B0018,78,30,24.0,3287.0,1.6940366439243106,0.8470183219621553,Healthy,3.52925730014011,2.4790616361836206,4.190215357888677,0.23562596170592504,-1.8623726014599724,-2.012800439982786,0.0016492704051233778,0.5218817031204004,30.994690437264207,23.47871848419422,37.21887096740918,3.4044019218347645
B0018,80,31,24.0,3276.922,1.6819027078768087,0.8409513539384044,Healthy,3.527821497534469,2.491905723274248,4.189776104976122,0.2348918872075118,-1.8547843408980225,-2.0132684044986244,0.002190147303883702,0.5343935057246717,31.055317978554886,23.470322857025764,37.33441415744885,3.444324786448923
B0018,82,32,24.0,3268.687,1.6769770618433686,0.8384885309216843,Healthy,3.525692957415014,2.4337177596826547,4.189846430994002,0.23964142570667826,-1.8538766950740675,-2.013231862286827,0.002422460444844895,0.5360454651325246,31.373945543706103,23.769516048374253,37.7331798444306,3.481141363540428
B0018,84,33,24.0,3260.594,1.6655229306478936,0.8327614653239468,Healthy,3.5243962482347273,2.4424506461535755,4.188109551881256,0.23906730756801445,-1.845735037450336,-2.0132145295965795,0.002215230640040344,0.5481632922577944,31.56128410753226,24.001463155521233,37.84649344841882,3.4519301147829986
B0018,87,34,24.0,3258.812,1.6571924575832084,0.8285962287916042,Healthy,3.520797576383474,2.4383419399858552,4.186368648390758,0.23898022240623704,-1.8382538558498933,-2.0141222933728917,0.003993572160097532,0.5592550058413754,31.318474723902874,23.697189900442215,37.670164941661795,3.479671046869549
B0018,90,35,24.0,3243.422,1.6482241555294048,0.8241120777647024,Healthy,3.519457281260753,2.4157245398944123,4.1901657245031085,0.2424910982322856,-1.8435676915974055,-2.0127023314619743,0.00307811413825585,0.5514391809129776,31.104012325043946,23.490432582557037,37.53185198546868,3.502286924662153
B0018,92,36,24.0,3236.515,1.6387701497987262,0.8193850748993631,Healthy,3.513165600287965,2.323395712524894,4.189966178473989,0.2501534875196626,-1.83704467002657,-2.0131406541163614,0.0023451184424322356,0.5613521431263848,30.989730398009076,23.31675245518661,37.593333753421376,3.552531731625153
B0018,94,37,24.0,3230.734,1.6276486907262062,0.8138243453631031,Healthy,3.517217159454334,2.4985039496028567,4.188259618341401,0.2360542563715132,-1.8211904293154166,-2.0140330003394356,0.004150949798063808,0.5844065284351198,30.967851972472324,23.252438684811104,37.361410110678264,3.53816546965165
B0018,96,38,24.0,3222.093,1.62215370227252,0.81107685113626,Healthy,3.5120091114107965,2.350237238739749,4.1897400575765795,0.24801564173667426,-1.8270453339799269,-2.012673084048405,0.003092327602219437,0.5765078413987346,31.285342046153826,23.493229087742925,37.899803246715464,3.613158829408131
B0018,99,39,24.0,3220.344,1.6140066510467586,0.8070033255233793,Healthy,3.50911052654104,2.3337740352348813,4.1862359225351335,0.24872755259651547,-1.819052179250902,-2.012635202899368,0.006196969805765551,0.5872722027551459,31.41096207271253,23.64731684697707,38.03149707759718,3.593965009145032
B0018,102,40,24.0,3250.75,1.6760516154424623,0.8380258077212311,Healthy,3.516106699716392,2.317647291087635,4.189625262426538,0.2523387804840423,-1.8693745969498121,-2.01318368468478,0.002701103444968023,0.51064241745496,30.755137125871208,23.01653902765608,37.42220155418978,3.585252505516807
B0018,104,41,24.0,3239.344,1.649300642552199,0.8246503212760995,Healthy,3.519010068254593,2.492394514304757,4.186586244011676,0.23801950601597288,-1.839770443871628,-2.0121931540017886,0.0036285932240811758,0.5568545144084124,30.977446633931525,23.382703180887166,37.32511174435206,3.483997639834989
B0018,106,42,24.0,3222.25,1.63238299185809,0.816191495929045,Healthy,3.5124212742229295,2.372828310153791,4.189366482043888,0.24764027911477246,-1.837963396328485,-2.012774153678253,0.007641409109865343,0.5595593689454879,30.800512192698992,23.141477779700992,37.31088262198154,3.5387349615325
B0018,108,43,24.0,3206.157,1.6164159719025777,0.8082079859512888,Healthy,3.50815215295169,2.3560703177076867,4.188553804618968,0.24868814670433595,-1.8296109578903785,-2.012946778665685,0.007676009080476515,0.5718849545545559,30.616192795676138,22.876954081867613,37.232346556887364,3.5940179207817446
B0018,111,44,24.0,3197.969,1.6109028378249377,0.8054514189124689,Healthy,3.508648568515266,2.4644431530094417,4.188764708195774,0.24124748892293107,-1.8210831511954937,-2.0135827897679706,0.0028721856858407295,0.5838696197039824,30.399839302766903,22.56634750757244,36.94850857727268,3.6128336064459083
B0018,114,45,24.0,3181.625,1.5954638693695657,0.7977319346847829,Warning,3.5051993439595477,2.4195167274486726,4.188636968174337,0.2454833870794045,-1.8199201144788144,-2.013020303951627,0.0029491869283430608,0.585778278664795,30.38386825126278,22.549823121887282,37.002663545357386,3.638873017099413
B0018,117,46,24.0,3302.36,1.726707440085764,0.863353720042882,Healthy,3.523165280193865,2.3422406504312434,4.188466199744378,0.2527663680637224,-1.8951156248467713,-2.023314533825632,0.0073633480208382,0.46384469380226484,30.576239500422748,23.125008977470344,36.71025442949399,3.311198636334725
B0018,119,47,24.0,3285.812,1.7165673917429753,0.8582836958714877,Healthy,3.527269876472835,2.3755467142668496,4.189570916346704,0.24691761491563502,-1.8867694858233446,-2.012680983917414,0.0032934948283157364,0.4783212150453822,30.705906284556665,23.408964388688208,36.72807623650589,3.2649850728849206
B0018,121,48,24.0,3260.016,1.6958235570934848,0.8479117785467424,Healthy,3.526762654741574,2.4146291375325917,4.189584987657955,0.24197228881643837,-1.8786631828974334,-2.0115911942512583,0.004286680782742665,0.49324032814050023,30.62583594950684,23.270929426489833,36.72959308355185,3.3054118485896375
B0018,123,49,24.0,3240.031,1.6777783190792557,0.8388891595396278,Healthy,3.523020179476104,2.3844645496129964,4.189371286385834,0.24328040938365159,-1.8704748023295987,-2.01260531537844,0.004183898934495341,0.5073349121605789,30.597357068657974,23.203934391629982,36.787462351640364,3.350287383237389
B0018,125,50,24.0,3232.265,1.6606586897774192,0.8303293448887096,Healthy,3.519792345798265,2.398646371281655,4.187606340824144,0.24184899896763243,-1.8562833971202242,-2.0134407767806635,0.0023580257907636596,0.5317240593773815,30.528493896066262,23.12071549691479,36.75689163314213,3.3691133878538584
B0018,128,51,24.0,3232.031,1.6664109274827466,0.8332054637413733,Healthy,3.5251014582287223,2.4557130111721626,4.188829347125095,0.23939833635840463,-1.8625354754370638,-2.0130995106645164,0.0026733379256400546,0.5212662196305107,31.203754246103966,23.773481587876258,37.350157630970955,3.3761499104047052
B0018,130,52,24.0,3209.5149999999994,1.6468336174407805,0.8234168087203902,Healthy,3.518519199837846,2.323665882820083,4.189202115880737,0.24895502990812382,-1.8606833274060013,-2.0125662318740924,0.003914352341410376,0.52395009380152,31.172639449335037,23.734039908264887,37.48126030855565,3.3931075584998456
B0018,132,53,24.0,3196.125,1.6257639928779952,0.8128819964389976,Healthy,3.5190801794284594,2.488054079510012,4.186778882107656,0.2364897838479307,-1.8383636766891702,-2.026718552407948,0.010979300984551101,0.5585249663671572,30.96825922704022,23.549534792728995,37.125443897626305,3.372510067494465
B0018,134,54,24.0,3172.562,1.6121577411874595,0.8060788705937297,Healthy,3.5114167272902406,2.3306937114568003,4.187888599491238,0.248742640175246,-1.8436958588115397,-2.013261835361458,0.014305956605835403,0.5507329669971996,30.821704306343133,23.30725669183149,37.19112571388883,3.461125225709339
B0018,136,55,24.0,3172.735,1.6057366823755344,0.8028683411877672,Healthy,3.5108038681605738,2.389399831578687,4.18915752014188,0.2451594140795012,-1.8362729789790888,-2.0186878439171223,0.0025621455991493543,0.5621879622030944,30.765219721637393,23.143976887539054,37.17642722353301,3.5039644474399885
B0018,141,56,24.0,3238.109,1.673645314879889,0.8368226574399446,Healthy,3.51432611790755,2.4864200723178747,4.191289655270872,0.2423708210517989,-1.864690278795044,-2.012371641203182,0.004131966284108246,0.5180525818431642,30.809988428281613,23.07707229087829,37.11936678632194,3.5173638369613456
B0018,143,57,24.0,3191.063,1.6404348572349936,0.8202174286174968,Healthy,3.5196664048265607,2.4673631110639858,4.190628233635541,0.24183473310310893,-1.8572649157581866,-2.013097827670719,0.002969131609571257,0.5299496773990815,31.039033590700278,23.56722203053731,37.2702464066457,3.4166236340276392
B0018,145,58,24.0,3165.828,1.6132653317422077,0.8066326658711038,Healthy,3.512403849382274,2.375173080957567,4.189158279329032,0.24831044327729748,-1.8483454421357695,-2.0125787987088013,0.00394248906687806,0.5439678410748331,31.04176453157222,23.533363397677242,37.39550861947664,3.4608039477331194
B0018,147,59,24.0,3140.407,1.5920964324686278,0.7960482162343139,Warning,3.5077862234460104,2.371626022111289,4.185868202467219,0.24798510872806295,-1.839168422289249,-2.015019692764474,0.0034682912763662715,0.5579580602841322,30.959784195511766,23.381334724831305,37.378956702246384,3.5047181709345994
B0018,150,60,24.0,3131.922,1.5866011820698824,0.7933005910349412,Warning,3.5076596102713244,2.463955873060647,4.186906972044146,0.24176513200558977,-1.8303326102702338,-2.020734675534358,0.004803683972892686,0.5706945055301016,30.843513277103145,23.16774870033671,37.245718322158105,3.536345990527338
B0018,153,61,24.0,3121.109,1.5800766490336253,0.7900383245168127,Warning,3.5074833565874615,2.475545296633258,4.189576283423886,0.24237941979502164,-1.829290599843924,-2.012930230685489,0.0015615748555885284,0.5724466902011421,30.797157400797865,23.120310509686572,37.21755583353321,3.5441345376258013
B0018,155,62,24.0,3105.265,1.5641732953289167,0.7820866476644583,Warning,3.5023865933440717,2.3791563087604626,4.189808713646982,0.25006126825340175,-1.8278449003095165,-2.0135210876274656,0.0030432402930327023,0.5742593028566971,30.984434580754094,23.27342231930282,37.56150979821064,3.597021783529328
B0018,157,63,24.0,3091.25,1.555618272193922,0.777809136096961,Warning,3.503693493885047,2.4776158338943337,4.188889298039903,0.24293051873935917,-1.8188198987741453,-2.013049747683001,0.0038725843255058953,0.586841984204412,30.967899275139946,23.278670276560845,37.4174791317661,3.567101754621834
B0018,159,64,24.0,3076.703,1.5402045278637397,0.7701022639318699,Warning,3.4989948462048113,2.4205549690097223,4.188220838257245,0.24757542528094925,-1.817194042260449,-2.01215000710487,0.0037249670985359342,0.5888596862938004,30.976616345195186,23.22385871065304,37.55101533655474,3.612043072703485
B0018,162,65,24.0,3062.328,1.5321613015959863,0.7660806507979931,Warning,3.495405576723954,2.415388497112405,4.186454063976498,0.24806656368733818,-1.8157980815469454,-2.0124985987201267,0.0037645779343444034,0.5908996546649903,30.89768961926806,23.027207477057086,37.59895044072871,3.6899668834506327
B0018,165,66,24.0,3050.563,1.5316232403693415,0.7658116201846707,Warning,3.494528300232307,2.3974205597873093,4.1895672733133145,0.25131607085775737,-1.822108117298183,-2.013303363874512,0.0032327560058023484,0.5821582195156936,30.81568822237933,23.026059458250696,37.489239782169804,3.6600445083242987
B0018,167,67,24.0,3034.672,1.5222595950771978,0.7611297975385989,Warning,3.4962554827793926,2.497752653580319,4.1892977641056035,0.24403995501441178,-1.8129628028687814,-2.0127782408337165,0.0041669753720565235,0.5952783563830066,30.726188079151118,22.903021044448273,37.37911114363861,3.6681577159350525
B0018,169,68,24.0,3031.25,1.5065267126851283,0.7532633563425641,Warning,3.48769646191346,2.3726090777895896,4.186793087812023,0.25261083356899555,-1.8044876731207795,-2.011894643612056,0.004069757272822615,0.6065337513252166,30.76818712651005,22.833484092130533,37.559604168615785,3.7358773030403323
B0018,171,69,24.0,3011.343,1.5014219556532926,0.7507109778266463,Warning,3.486547580844067,2.36844257542991,4.188594535127793,0.25421974568816713,-1.809986175960184,-2.0125266173463885,0.0038292070941918738,0.5993292137989468,30.775415173787835,22.85810521586403,37.61805450748922,3.740419157450185
B0018,174,70,24.0,3003.0,1.4963534117486457,0.7481767058743228,Warning,3.482298183882304,2.331968556073514,4.186295492358637,0.2567453685120387,-1.8090400456598725,-2.0121939690963395,0.0033564516364867365,0.6003399044077647,30.761821976538275,22.739418289546798,37.71101994346608,3.807327476212808
B0018,177,71,24.0,3045.187,1.5334262000312422,0.7667131000156211,Warning,3.491819481711868,2.4057755306304176,4.187384370589753,0.2523757254841878,-1.8273691233501441,-2.0205100517708847,0.010952486582947282,0.5753946456070788,30.913721930762733,23.009880638439665,37.767989299214086,3.7586786821951486
B0018,179,72,24.0,3028.469,1.523845267514426,0.761922633757213,Warning,3.493995853241935,2.4720838848798987,4.188929264481706,0.24787661625868782,-1.8180385592622932,-2.0131819742858483,0.0022373072205481145,0.5884044857138683,31.228215653165606,23.372100245576046,37.91919394450186,3.7153442937299124
B0018,181,73,24.0,3012.937,1.5011920994261239,0.7505960497130619,Warning,3.484377015629623,2.342731326096539,4.1852697593324315,0.2563184923366143,-1.8085351614741645,-2.013496073486494,0.004404973809935046,0.6017111392190142,31.261679783387308,23.432194318140894,37.99328509003338,3.6786940845474763
B0018,183,74,24.0,2998.875,1.492417671450291,0.7462088357251455,Warning,3.4859116793558376,2.4198650452188226,4.18799771486628,0.25178046921877606,-1.8068041184926535,-2.0122733205325782,0.001780177000886265,0.6035048613646924,31.18408593575448,23.292599343405758,37.984838024989045,3.7439712156426856
B0018,185,75,24.0,2983.547,1.483323851940123,0.7416619259700615,Warning,3.4842787539766786,2.438879997223475,4.187899339921793,0.2508652563260822,-1.8050190987020625,-2.013027320256293,0.003198488331731842,0.6056880584788689,31.001432353085377,23.099397757771566,37.8288851383529,3.772248758982031
B0018,188,76,24.0,2966.86,1.4807376792294196,0.7403688396147098,Warning,3.482988652120672,2.430465824271706,4.1882916128809375,0.2527666120037829,-1.8118563821702207,-2.012954260463709,0.0033492168235809095,0.5969033315535529,30.981374033120872,23.03846743756316,37.844837975501,3.7894093030372655
B0018,190,77,24.0,2954.797,1.4735077809902477,0.7367538904951239,Warning,3.483799876979844,2.4907267597860656,4.187409532380725,0.24802832713581485,-1.8021525551783737,-2.012741175686338,0.003924536033092068,0.6102519084386244,31.088687926688607,23.110947703655086,37.8984610468502,3.7929642716009595
B0018,192,78,24.0,2945.735,1.46801928526661,0.734009642633305,Warning,3.4787540756450497,2.3678328028644775,4.188656943531829,0.25814755065726835,-1.8092953592546854,-2.013377348559974,0.002327705686226338,0.6003267799218304,31.336420133762665,23.4240998983518,38.27784043980244,3.803271010666152
B0018,194,79,24.0,2941.375,1.4580923557119019,0.7290461778559509,Warning,3.4752194351784507,2.3532703553328904,4.188198669984733,0.2587418006364251,-1.8000309691416814,-2.013211476410487,0.0035939400914024445,0.6124490248454585,31.22599987103565,23.211014993257855,38.24434303919528,3.8504748781567057
B0018,197,80,24.0,2923.953,1.4478660988891399,0.7239330494445699,Warning,3.470739535801023,2.362897904778893,4.184528192003684,0.25772371294595886,-1.7981302589297092,-2.0142936610392694,0.004826343280178228,0.6145766343541279,31.037323488688802,22.93446707088835,38.06956259266949,3.887767420027259
B0018,200,81,24.0,2921.031,1.4527808777541982,0.7263904388770991,Warning,3.474600910003521,2.420200016704328,4.1927676322495895,0.2561984574820731,-1.8058248446047425,-2.013245286480298,0.0030147593152949946,0.6046864853168988,30.811349225731828,22.715597927537367,37.81744565252647,3.8873838582496485
B0018,202,82,24.0,2902.75,1.4425356364492432,0.7212678182246216,Warning,3.4740521567700093,2.472605886588914,4.187873640279204,0.2512971706951936,-1.795955865281378,-2.0138967840468363,0.00188911652035422,0.6181698739348518,30.932223179746046,22.816866662883296,37.902567770354786,3.8978488164370293
B0018,204,83,24.0,2897.875,1.4392712877203313,0.7196356438601657,Warning,3.475075728648004,2.483165462226557,4.1880559282136725,0.2509904827066951,-1.7951057003644757,-2.0132739002306224,0.0014032197731020648,0.618933989993131,31.215527070380897,23.144424017860068,38.16628336469349,3.8865976358564236
B0018,206,84,24.0,2892.094,1.4286475681888218,0.7143237840944109,Warning,3.472424307596416,2.4341986830086237,4.188063095530185,0.25484104285559894,-1.7940097981352856,-2.0131642650090824,0.0030231667836495995,0.6205845867664036,31.400797084337558,23.36546101646915,38.36789486715962,3.8751971722133556
B0018,209,85,24.0,2886.921,1.4249026750004896,0.7124513375002448,Warning,3.471751102262539,2.497859027600416,4.185913481526783,0.24949789396086638,-1.7841592631620102,-2.012453716602352,0.0024527231990189072,0.6322457302959145,31.259213269721236,23.10859423301546,38.19823604401131,3.9086071853484206
B0018,212,86,24.0,2942.531,1.4698115324524124,0.7349057662262062,Warning,3.4745407296058963,2.3747408457948316,4.187259539606346,0.25954019804112044,-1.8136320536623207,-2.013506755621097,0.0031177160092426474,0.5946002285557522,31.134701292957466,23.10528361267006,38.099982807571635,3.860822526667847
B0018,214,87,24.0,2912.469,1.4525819651050202,0.7262909825525101,Warning,3.471720060423485,2.3589340839760866,4.187670932765983,0.260516253498242,-1.8109604460875317,-2.014872086495032,0.002504583669096718,0.5979305613457744,31.246879695988095,23.26167836334653,38.214523782841354,3.8457459444261883
B0018,216,88,24.0,2895.594,1.442834198908794,0.721417099454397,Warning,3.471398409828823,2.4413266342198545,4.187836103953847,0.2544263229056697,-1.800802328247715,-2.0126300040805116,0.0016023425232613384,0.6114932928667776,31.027558674438325,23.027044613835702,37.939696536164234,3.856206251259731
B0018,218,89,24.0,2884.406,1.428376058807949,0.7141880294039745,Warning,3.4626491088970703,2.311419659807122,4.18719517574786,0.26385932209588037,-1.798647877727257,-2.012054810012164,0.0024115620742285447,0.6138855024551874,30.931917385258963,22.789023525262486,38.06666733482501,3.9414476470124526
B0018,220,90,24.0,2873.766,1.4154547844370715,0.7077273922185358,Warning,3.466072725920186,2.4953159238201255,4.183339938829854,0.24944379745426662,-1.7804067367547436,-2.011816454093025,0.003922239513771784,0.6370599693980358,30.667082236656018,22.47935333131366,37.63260475617888,3.93067479455812
B0018,223,91,24.0,2893.375,1.454576670077708,0.727288335038854,Warning,3.4730670533412877,2.4398479869382084,4.192209704853633,0.256998603773989,-1.8167125180994765,-2.0147251295387147,0.003202237339106182,0.5905432240305882,31.226789107710772,23.14563143539215,38.18223603956323,3.894243733720098
B0018,225,92,24.0,2884.9839999999967,1.4283179548274056,0.7141589774137028,Warning,3.4668548162926327,2.376538319699514,4.1866224559264715,0.25940577128111114,-1.7981268087177564,-2.01362953818943,0.0022908479361973973,0.615175869824526,31.387733116648285,23.299987417730907,38.3907466519188,3.9188316151382807
B0018,227,93,24.0,2870.234,1.4197026883204058,0.7098513441602029,Warning,3.46527367520258,2.3722299202290382,4.186945959000922,0.26004857673152804,-1.7964439222994821,-2.0143431411678145,0.002742773505057746,0.6175723216535413,31.505666838292886,23.43938495660897,38.51622654624205,3.914095366589241
B0018,229,94,24.0,2864.11,1.4155606630306516,0.7077803315153258,Warning,3.4638878223448684,2.361475505115684,4.1874400308161395,0.2614012721012322,-1.795371462470329,-2.013805013275104,0.002494763805785208,0.6185854999461717,31.5462258449116,23.52414825084503,38.56612180540248,3.8983467287559384
B0018,232,95,24.0,2846.64,1.405680035419228,0.702840017709614,Warning,3.457807923440064,2.317937855025735,4.1845980039811215,0.2637843275246904,-1.7937175263130196,-2.0140103653857673,0.003657732380165694,0.621305543593045,31.389977882297476,23.166973356692417,38.5606541602861,3.9985715147003824
B0018,235,96,24.0,2839.532,1.4084461071166137,0.7042230535583068,Warning,3.459813554486507,2.3372859753156225,4.186742025132256,0.26401849793435667,-1.8014517734888207,-2.01313706710909,0.0021603358076119307,0.6106925334860716,31.385433749863733,23.275962802186438,38.53842073636507,3.9657190589451488
B0018,237,97,24.0,2832.703,1.3968547782872414,0.6984273891436207,End_of_Life,3.458027727779737,2.3528810264952194,4.1871520936423146,0.26240215486440727,-1.7915215753378781,-2.0146560328783325,0.003971959499767635,0.6236313916998142,31.423707199142058,23.24250038456045,38.548873480234754,3.983738947024171
B0018,239,98,24.0,2827.077999999994,1.3935670371440676,0.6967835185720338,End_of_Life,3.4613996718507845,2.4646122144537173,4.187096292904282,0.25436348272958975,-1.7816941240706174,-2.013905602750019,0.003500477982654989,0.6362211262767111,31.435368910968148,23.25643130784119,38.45838357496903,3.9674658136262253
B0018,241,99,24.0,2821.531,1.3893644292809475,0.6946822146404737,End_of_Life,3.4611285476693214,2.4684655225527004,4.187367312766795,0.25451400427608056,-1.7797379985412234,-2.0129862192992305,0.0019150019110163161,0.6387591462974623,31.542375291159843,23.40948042071164,38.54382874673793,3.9642465111259853
B0018,244,100,24.0,2805.156,1.3785651415666713,0.6892825707833357,End_of_Life,3.455556822823358,2.4092923539400735,4.18534593452204,0.2589834605607093,-1.7856528650965158,-2.0130373888261315,0.0035633455174765133,0.6312222058682411,31.52669677306915,23.25216185853628,38.650883957434026,4.030635450508156
B0018,247,101,24.0,2814.906,1.384901110085747,0.6924505550428735,End_of_Life,3.459598362944341,2.477625480372779,4.186646524222555,0.2543532391096489,-1.7784070647657095,-2.012440412153309,0.0025270257598763997,0.6396665691444494,31.435921914290372,23.267794615238977,38.45654834997334,3.9799942134001074
B0018,249,102,24.0,2801.156,1.3703251814242443,0.6851625907121222,End_of_Life,3.4506569891269216,2.335608852853518,4.184730834033599,0.263423300497629,-1.7778412667349817,-2.014185743260078,0.0023090961991655713,0.6413506214395214,31.475238112886494,23.181832500776718,38.6564130442344,4.050740963804575
B0018,251,103,24.0,2794.187,1.3733464385229082,0.6866732192614541,End_of_Life,3.455515243082573,2.441999086782534,4.187175976285891,0.2569366308625665,-1.7764462760420034,-2.014463667770562,0.002745502446135923,0.6426186512846561,31.5817445550721,23.347201662807525,38.655587491253975,4.0183573093301135
B0018,253,104,24.0,2785.391,1.3679487285504814,0.6839743642752407,End_of_Life,3.455840338587253,2.4651687831472158,4.186108406696249,0.25545113736601277,-1.7752748972563315,-2.0133489214151132,0.003537652556034693,0.6439585053065756,31.647958536134297,23.433341482891272,38.6997087046862,4.016418469674935
B0018,256,105,24.0,2779.5,1.3567141087089647,0.6783570543544823,End_of_Life,3.448678293668265,2.370892032033162,4.183460397462309,0.2612930004988529,-1.7742013268724648,-2.013428528654807,0.00777136119727041,0.6451719450259635,31.662032275252905,23.298067848672567,38.87481687744787,4.0939130100114145
B0018,259,106,24.0,2899.234,1.4604310209194575,0.7302155104597288,Warning,3.474503178644755,2.461879783248223,4.187091541628412,0.2556944497754274,-1.8196650877007408,-2.01277944734302,0.0026017060660145164,0.586549765279328,30.434500875864142,22.45542569835154,37.363974526077364,3.8534942001727446
B0018,261,107,24.0,2894.922,1.4500998937104097,0.7250499468552049,Warning,3.474031881945217,2.4247066368907255,4.18736921126964,0.25755756066824986,-1.8096836854216038,-2.0200047420918392,0.009113413153803115,0.6002875701859975,31.017997058077018,23.061560846748243,37.88258787662229,3.841559669354344
B0018,263,108,24.0,2888.25,1.4381406901824496,0.7190703450912248,Warning,3.474404210386772,2.4447222974031386,4.187597633155394,0.2554759257484419,-1.7993287687468955,-2.0133646895300226,0.0037645837135773905,0.6132733366274968,31.39483761465523,23.475330204930167,38.158980736604235,3.8004854675567885
B0018,265,109,24.0,2873.906,1.4283681980964316,0.7141840990482158,Warning,3.471767043833224,2.443569395327192,4.187608979498198,0.2569035121433625,-1.7959419603883284,-2.0145941601021073,0.004329207944597547,0.6173426525372289,31.24511885640641,23.342810660410986,38.05243159675446,3.824354254118013
B0018,267,110,24.0,2847.406,1.4147874517552432,0.7073937258776216,Warning,3.4685305272975935,2.4666000274194886,4.186194120124063,0.25388594966506284,-1.7956017209600372,-2.0124706482591095,0.00414847549756057,0.618300999238423,31.05306925187263,23.05129068270268,37.89096376444466,3.8617083945398245
B0018,270,111,24.0,2849.281,1.413889163393182,0.706944581696591,Warning,3.4651213646662598,2.4272514813701016,4.186991375693876,0.25859194493549637,-1.7929541659933774,-2.0131822133527364,0.004724226515961871,0.6216320056247608,30.88589263299331,22.881894923564886,37.81203585126145,3.8954477323182317
B0018,272,112,24.0,2833.688,1.3989331662177225,0.6994665831088612,End_of_Life,3.4652879859475885,2.4762628371779,4.185443351643291,0.25283242586660987,-1.784474211719448,-2.0130225462243683,0.0013113732243447548,0.6323087479107589,31.053992379018933,22.925649519285958,37.9591954678784,3.931967860502407
B0018,274,113,24.0,2826.453,1.3953322584033976,0.6976661292016988,End_of_Life,3.461799526154992,2.3607989727330003,4.186308413669027,0.26236963956853215,-1.793581043096934,-2.0189079388265974,0.0025506726829285183,0.6220040809868876,31.492840068071885,23.438805891313166,38.521043498835155,3.9472345294231523
B0018,276,114,24.0,2818.312,1.390046129540245,0.6950230647701225,End_of_Life,3.463260140320492,2.377011586588198,4.187179397572641,0.2613577584434526,-1.7920645354970144,-2.012765928007659,0.007811398672227585,0.6233712946026018,31.93832684630049,23.89396136161553,38.878687997701746,3.9215405106927648
B0018,279,115,24.0,2812.7189999999973,1.3860271454209647,0.6930135727104824,End_of_Life,3.462839429201602,2.4567563196678455,4.1854460754417,0.25503797910208703,-1.7809541104468565,-2.0130424938927276,0.0028245095443000727,0.6363041167015956,31.74562722135923,23.638036923350842,38.65118899876309,3.9322760275289097
B0018,282,116,24.0,2803.5,1.388215260193751,0.6941076300968755,End_of_Life,3.4569152237960306,2.3277314025979847,4.193052368415502,0.26697340100884936,-1.7989851707207014,-2.012206599766764,0.002422871753456174,0.6136015374226743,31.31018499405759,23.131840707705734,38.434235278537344,3.991914149737072
B0018,284,117,24.0,2783.25,1.3761826562394497,0.6880913281197248,End_of_Life,3.4574690175816127,2.4537913827403948,4.186241953638429,0.2568228137679184,-1.7873231599598716,-2.012141821898546,0.003192129137073553,0.6283660366326043,31.127360345471814,23.032251614508017,38.103875724329995,3.9586881060793737
B0018,286,118,24.0,2776.391,1.3647168898640165,0.6823584449320083,End_of_Life,3.4502191781217797,2.3475608877759067,4.186011006323472,0.2643003813390103,-1.7861666392556754,-2.01231372073967,0.003924964064534741,0.6300010907202901,30.985550813719595,22.829010081336715,38.12742842632319,4.0221548276103825
B0018,288,119,24.0,2766.516,1.3589854739373584,0.6794927369686792,End_of_Life,3.4486728051793962,2.3558347560196564,4.18675624032869,0.26393140331671344,-1.7849995504167615,-2.0131811880616888,0.002101974331477834,0.630878906976592,30.899653280757406,22.67782621456358,38.03962943213698,4.045052346052421
B0018,291,120,24.0,2751.516,1.3462308764008801,0.6731154382004401,End_of_Life,3.444632719716698,2.3791102362944754,4.1831553230638425,0.26169754461682443,-1.778331020505836,-2.0132734649228214,0.002880850510536099,0.639379848746925,30.706123644966482,22.35025648802666,37.85657903247749,4.086965241473662
B0018,294,121,24.0,2848.859,1.4268427818454643,0.7134213909227322,Warning,3.467272639213176,2.444740635238248,4.191989955143364,0.2590954604625469,-1.809775952165901,-2.013950042532596,0.0031832258024873626,0.5998929255667806,30.47122187456595,22.367517988223096,37.43017193410286,3.9229679264032944
B0018,296,122,24.0,2840.016,1.4064481483279663,0.7032240741639831,Warning,3.464490491162134,2.431867772331712,4.185628679672912,0.25720031438600915,-1.7896694300229208,-2.012375320433943,0.0020467170443975663,0.6259143571313354,30.939221783021114,22.904023394656047,37.8264149292754,3.901367821909319
B0018,298,123,24.0,2817.375,1.3934907492075153,0.6967453746037576,End_of_Life,3.459667012281024,2.344037291947413,4.186834478731371,0.2645119375542321,-1.7970097248124899,-2.0124205467796688,0.0033289159470451285,0.616291401136465,31.111640631561894,23.11186259982214,38.08307173716899,3.9050165905225134
B0018,300,124,24.0,2809.234,1.3882493512249316,0.6941246756124658,End_of_Life,3.462241956955771,2.456436863057259,4.186613091061155,0.2559372101503028,-1.7861513769566684,-2.0131578787415245,0.003253304712230313,0.6297547238438339,31.037910219908994,23.04417103672731,37.88279649093536,3.891840650133118
B0018,302,125,24.0,2791.187,1.3701878338420928,0.6850939169210464,End_of_Life,3.4555661695067355,2.395547668334432,4.183907160253637,0.2596982368038693,-1.784162084841115,-2.0123169807019234,0.004023509653083662,0.6324689086646982,30.967950840538833,22.83426471365,37.96027066990377,3.9665391332141313
B0018,305,126,24.0,2794.016,1.3796951665608619,0.6898475832804309,End_of_Life,3.458696199585801,2.4536749172979215,4.18533882899107,0.2567368169580032,-1.7845257009241222,-2.0152254170182307,0.0030324690133305163,0.632625610318277,30.93996203578424,22.83589303178486,37.880513353762176,3.955686030516635
B0018,307,127,24.0,2774.719,1.3686586323935683,0.6843293161967842,End_of_Life,3.4525282614097663,2.3062728144586413,4.185280284017658,0.2674956170053475,-1.7920667435100546,-2.01421415925087,0.011629893425885716,0.623598617743903,31.295019295352862,23.179921311075763,38.43416278222213,4.011703374555781
B0018,309,128,24.0,2777.844,1.3627371779096438,0.6813685889548219,End_of_Life,3.4552290080443044,2.3471092023857154,4.186281579801858,0.2641142102955423,-1.782779873271704,-2.0128415184323125,0.001790405186493135,0.635139666997203,31.81846533166901,23.715085051859607,38.847489737859576,3.980924402691639
B0018,311,129,24.0,2781.125,1.3634051133928073,0.6817025566964037,End_of_Life,3.4619744219744675,2.4884289104730986,4.185356132672309,0.2539173569253529,-1.7725212915953121,-2.014392678620289,0.004782655629114369,0.6472460682723474,32.00067162597675,24.038521624132176,38.80283421497622,3.8851848597317638
B0018,314,130,24.0,2760.906,1.3518646035305233,0.6759323017652616,End_of_Life,3.452221905520614,2.3992178234155577,4.181406543107895,0.2592424399841937,-1.769870119236631,-2.012835608795986,0.004238943215349039,0.6498776113343834,31.73992229230571,23.56288829160871,38.72699121838442,3.998454935719956
B0018,317,131,24.0,2753.25,1.3547969729652622,0.6773984864826311,End_of_Life,3.447650049442191,2.2786338886500292,4.185252405343103,0.2701822921841344,-1.7884847819526568,-2.011864019911752,0.003419727085108473,0.6271065213681674,31.52613649688221,23.401477050368772,38.67191958148309,4.01073484507329
B0018,319,132,24.0,2742.843,1.341051440640485,0.6705257203202425,End_of_Life,3.447928507599004,2.3655846763383734,4.185763363191996,0.2633941942740437,-1.77774044867741,-2.0128686821286053,0.003082458417792545,0.6406746344246685,31.27624493654335,23.123582937943876,38.371813640118894,4.0288319974474485
B0025,4,1,24.0,6515.422000000006,1.847011162956716,0.923505581478358,Healthy,3.400080836543819,1.9182683747066012,4.196965327364252,0.2770427667121989,-1.0680263652396946,-4.027931217882849,0.00362245138600783,1.7763814850769495,33.13281956573637,26.503791065076168,41.81748104839704,4.252813417845759
B0025,6,2,24.0,6516.219,1.8485654344528386,0.9242827172264193,Healthy,3.4067357604110753,1.8939610306669548,4.202556431495687,0.27482526968832,-1.0683949803553137,-4.0283470601196845,0.0038947878766607863,1.7765241714085083,32.848310333012144,26.21789049788759,41.504410609595574,4.227032855667029
B0025,8,3,24.0,6489.5,1.847111177186175,0.9235555885930875,Healthy,3.407792325190085,1.82462740970999,4.202713117217314,0.2776126923183023,-1.071886802134967,-4.028306841028089,0.0037637098566710753,1.7781365588101776,33.07297579198606,26.419675926917517,41.670776193570134,4.172239333070495
B0025,10,4,24.0,6471.25,1.8489837601535537,0.9244918800767769,Healthy,3.425685226676254,1.9612044915457982,4.203084581094102,0.2643698606546062,-1.069881568315977,-4.028897912512196,0.005409341565185887,1.7773710921137398,33.12836651135456,26.557301540486087,41.58349706133725,4.123497492788356
B0025,12,5,24.0,6466.672,1.8370120718560439,0.9185060359280219,Healthy,3.4102415310941074,1.7869386268841287,4.200058863569411,0.27761430696201045,-1.0696478002906964,-4.029600870864891,0.0032108902176176297,1.7767162002546446,33.20066590827124,26.61720163533676,41.82908827830225,4.135096500982315
B0025,16,6,24.0,6410.672,1.817549211247137,0.9087746056235685,Healthy,3.395651158058303,1.9399607811955055,4.178122904439056,0.2731767510788664,-1.0609975004031984,-4.02823190197934,0.0031691595779807236,1.7725897109099185,32.8030291471027,26.38695918330851,41.15307253815554,4.080767718834413
B0025,20,7,24.0,6474.156,1.839863822522073,0.9199319112610365,Healthy,3.3987545550856617,1.7632585904014149,4.198227921922519,0.28379817097986154,-1.0700556397664167,-4.0284426372332245,0.011942320812140217,1.776994428725522,32.70663040910488,26.182583925840603,41.167510218490015,3.9421248621432103
B0025,23,8,24.0,6460.75,1.8430595619731431,0.9215297809865716,Healthy,3.4107861698937034,1.7411634552856725,4.201052747751877,0.2790689138261572,-1.0673189298080559,-4.028591260100669,0.004251121425607281,1.7754012746009722,32.88774741633189,26.57839299781365,41.40744159178738,4.0431875407764135
B0025,25,9,24.0,6448.907,1.8401871729536057,0.9200935864768028,Healthy,3.4362212866947472,1.990361763373611,4.2014816169511375,0.2571119653949873,-1.0619524466901569,-4.028787836120025,0.004995226754526997,1.7732254636817137,32.85054388832057,26.516178483949197,41.089112912518665,3.9719930270471355
B0025,27,10,24.0,6447.125,1.8281265632888257,0.9140632816444129,Healthy,3.429899192703782,1.8524105657072532,4.201461223125712,0.2639601646633932,-1.0617949104462787,-4.029715142311533,0.00923119912736286,1.7728854382333332,33.21344988692114,26.776145101766126,41.56081694228564,3.961104382196395
B0025,31,11,24.0,6431.219,1.8253563336445804,0.9126781668222902,Healthy,3.4061977189259807,1.7970500760271888,4.190430872833885,0.2743031254537046,-1.0616392954595641,-4.027391825734414,0.004483366830661881,1.7726576585206468,32.54793058844526,26.14548341054868,41.027186904575295,4.088404871300384
B0025,35,12,24.0,6442.203,1.8214180552626154,0.9107090276313077,Healthy,3.431364532702854,1.9099130781506344,4.197641122625931,0.2606260247324691,-1.0590758191027096,-4.027595208325832,0.004890389760649614,1.7715544694180327,32.95568065114475,26.576468758844456,41.20659187421087,3.9817315714346453
B0025,37,13,24.0,6427.079,1.830315627968932,0.915157813984466,Healthy,3.437199999112006,1.9344488971472638,4.200877212432817,0.25868037282669615,-1.0596169539874956,-4.028474225036271,0.008092210324098516,1.7718670343332463,33.31259035127085,26.983382387627444,41.458124206642374,3.9373132828377226
B0025,39,14,24.0,6417.156,1.8175491643824844,0.9087745821912422,Healthy,3.4349851634526334,1.8425883947903754,4.20189282071032,0.2626981593999096,-1.0597552847363263,-4.029721928809883,0.03046127232114153,1.7717148438855492,33.27639301328207,26.96989321715805,41.50830652935,3.9409282147039355
B0025,41,15,24.0,6398.907,1.810901200296979,0.9054506001484895,Healthy,3.4358715577304486,1.8285852544110042,4.200832471783116,0.26252258706779347,-1.059854592361014,-4.028724169575779,0.008863039345181947,1.7716578967487187,33.13052620279671,26.840841260921778,41.369681799861574,3.9545358823071743
B0025,43,16,24.0,6384.75,1.8083032603084233,0.9041516301542116,Healthy,3.437200278486185,1.8355395996102943,4.2006834078208275,0.2618235635547514,-1.0604451363745762,-4.030782136338009,0.017170204462116916,1.7719426727856373,33.262538649813465,26.879810126294203,41.46226760798129,3.9398493039544578
B0025,47,17,24.0,6284.063,1.7928016149381065,0.8964008074690533,Healthy,3.3887362465772446,1.9492783916128957,4.176908127442872,0.2793078291380924,-1.061164896269225,-4.027991609867125,0.004450321459459288,1.7729038430215145,33.455906862521594,27.38742094844262,41.32045149274522,3.751599869680929
B0025,51,18,24.0,6370.937000000005,1.812563150045885,0.9062815750229425,Healthy,3.3997812429989795,1.7363301713780446,4.198430576015103,0.2868693925570401,-1.0644657893096274,-4.0277556636915905,0.004809562587394428,1.7740182187670137,33.359161719231366,27.278235740158276,41.29100352861782,3.7589966198176104
B0025,53,19,24.0,6359.812,1.807772607491239,0.9038863037456195,Healthy,3.4092528162288933,1.7105280581137303,4.201378297006623,0.2814034742945381,-1.0636693462251967,-4.028543330165215,0.004504843262715071,1.7735125235673492,33.19907517017467,27.155818753476673,41.08913600776219,3.731783763945216
B0025,55,20,24.0,6346.156,1.8048055175003972,0.9024027587501986,Healthy,3.413290161572333,1.6755342791432475,4.201267329262803,0.2802094988553024,-1.063944284256531,-4.027516600690674,0.005444848316188652,1.7735736182091215,33.10915637159371,27.025078005866863,41.020672808164036,3.7226311959304277
B0025,57,21,24.0,6328.172,1.800538555899242,0.900269277949621,Healthy,3.418321145613461,1.6704419000715314,4.201007650907643,0.2774190300830893,-1.0644931821377202,-4.02700237666114,0.005047689637102718,1.7736360342382804,32.8730319628199,26.87253908617082,40.73588950026045,3.771411918825551
B0025,59,22,24.0,6326.062,1.7942356098033032,0.8971178049016516,Healthy,3.4228002445936747,1.7016507714607274,4.200640308563649,0.27280921158621285,-1.0611486398597036,-4.027487021545032,0.005449243485488303,1.772001695212777,32.8903015920882,26.819965319318538,40.76227622359968,3.687202047041496
B0025,66,23,24.0,6352.843,1.807409052434889,0.9037045262174445,Healthy,3.4103062616510487,1.8891035060983299,4.199028873312285,0.2726714857312039,-1.057828326267502,-4.029754792125187,0.005434986874264781,1.7710578297893387,32.07013291213046,26.151023423681288,39.71112605386658,3.656087418697095
B0025,68,24,24.0,6309.172000000006,1.7902504816962075,0.8951252408481037,Healthy,3.4104689136383888,1.756482386846181,4.200691577023061,0.27692734094770227,-1.0619681305424282,-4.028900600933191,0.0059730062396821885,1.772735614527799,32.18349666127279,26.242111136505635,39.797043058510575,3.6641842549670454
B0025,70,25,24.0,6284.297,1.7961223845359495,0.8980611922679748,Healthy,3.4208452515825636,1.8323981556137667,4.199965507353377,0.2690806882383923,-1.0623591353414312,-4.028134432056257,0.0071363997758972265,1.773277151658895,32.133961271398654,26.235453942984385,39.64019141128942,3.6426513655567065
B0025,72,26,24.0,6265.969,1.7912236690350776,0.8956118345175388,Healthy,3.426965494192803,1.8971268658440401,4.200628533399999,0.2644588381686,-1.0638074812423732,-4.028496319452566,0.005573763624208927,1.7739077735437305,32.19734869129393,26.19622065765121,39.75344188854835,3.705584186143065
B0025,74,27,24.0,6266.641,1.7854822365303245,0.8927411182651622,Healthy,3.4343195510923628,1.9934958310371553,4.200021709929957,0.25825410988849684,-1.0603658561835867,-4.030782393095651,0.004617963619156729,1.772564265185778,32.128660226085096,26.170530846818277,39.57317189988566,3.67148195169613
B0025,78,28,24.0,6198.75,1.7677890780323617,0.8838945390161809,Healthy,3.379891621690332,1.9679550948765454,4.179880908916163,0.2831766559019388,-1.0606190479243294,-4.027217905704875,0.006979406727267191,1.7725446231125621,32.16680073898097,26.291996929686196,39.45687787991913,3.538344683258347
B0026,4,1,24.0,6515.422000000006,1.8132504303869899,0.9066252151934949,Healthy,3.404890220315493,1.98069037313681,4.185453870728775,0.2669668516674607,-1.0495360191773455,-4.027935564812271,0.002538134600464907,1.7661882274192156,32.764485625071856,26.41603138908335,40.711455499237935,4.0744034355411
B0026,6,2,24.0,6516.219,1.8149760087078302,0.9074880043539151,Healthy,3.418631404129339,1.9296821070764223,4.191986600147927,0.26289196776483414,-1.0501897262481419,-4.029362314258353,0.002675384267946554,1.7663235849388792,32.560591865941106,26.345453817866563,40.56984371986605,4.081817976648714
B0026,8,3,24.0,6489.5,1.8135354175561993,0.9067677087780996,Healthy,3.4453022579697716,2.169258771295841,4.19141376026019,0.246039741687949,-1.0474152615120338,-4.027846247982629,0.0022300953649009077,1.7648685061694613,32.70948277164228,26.842146069678503,40.420735413096146,3.9286837575573674
B0026,10,4,24.0,6471.25,1.815149273310334,0.907574636655167,Healthy,3.4281919482774947,1.898741105703338,4.188502919522219,0.25990886047812817,-1.0511342688931857,-4.028749226179444,0.0031754521995803935,1.7667883493569287,32.89402601565415,26.73411994275517,40.839359753382105,3.9936120968969946
B0026,12,5,24.0,6466.672,1.8142913014068198,0.9071456507034099,Healthy,3.433945869545595,1.9095478812878097,4.191429313781171,0.2573070459710433,-1.051239794627214,-4.028704122042971,0.002372958802629003,1.7668684646520203,32.88851048708752,26.66618164782183,40.762597974826,3.970379482930641
B0026,16,6,24.0,6410.672,1.3863373424430125,0.6931686712215063,End_of_Life,3.2986715430208906,2.0442560844271522,3.9865474622465253,0.23187895933177424,-0.8176606997984731,-4.028710959917574,0.004266984341373865,1.6182611067273855,31.60887613480477,26.28928363042606,39.78739652537364,3.812855735507267
B0026,20,7,24.0,6474.156,1.8165277958816064,0.9082638979408032,Healthy,3.395711592779412,1.8584184081271529,4.1842030048921135,0.275888205168666,-1.051071206615797,-4.028058491701451,0.007320773684125001,1.7668300570243751,32.4909596779559,26.458131735942853,40.12859054534907,3.792431624194329
B0026,23,8,24.0,6460.75,1.8085638576011063,0.9042819288005531,Healthy,3.4209107644287986,1.9288388497995346,4.189253474215399,0.262287793561101,-1.0489813674620347,-4.028495234172356,0.0024839459442753376,1.7655929653054623,32.63416073863936,26.47590651334998,40.39287009990307,3.9364075334713657
B0026,25,9,24.0,6448.907,1.804936077644182,0.902468038822091,Healthy,3.4290052342029878,1.935441772448038,4.190404777859946,0.2580620036365273,-1.0490946281054965,-4.027850787866815,0.003353708617280294,1.765710418330214,32.646683898798194,26.420629809971153,40.37811271633581,3.899125028757
B0026,27,10,24.0,6447.125,1.8049315924982108,0.9024657962491054,Healthy,3.4422746572295977,2.0842440571468894,4.188068725985081,0.24805439032853877,-1.042943784297617,-4.03024351282461,0.0049785783479378365,1.7622126808600458,32.95341147758712,26.668129241717903,40.6345527951007,3.8365461448312774
B0026,31,11,24.0,6431.219,1.717679232699393,0.8588396163496965,Healthy,3.391747147883427,1.8964443776301838,4.137907749692748,0.2556778882716662,-1.002108129626011,-4.0277523093513175,0.0035022633535197072,1.7391740569142435,32.14122281811958,26.253373650244296,40.0980220096873,3.9492364267316744
B0026,35,12,24.0,6442.203,1.809804813280106,0.904902406640053,Healthy,3.433128893119263,2.0399077334404954,4.186123854255208,0.25297141889198604,-1.046478428570111,-4.028862296598938,0.002465421576114108,1.7642652063260653,32.73498021932445,26.46703845524767,40.34748376711444,3.879028297849136
B0026,37,13,24.0,6427.079,1.806556213274488,0.903278106637244,Healthy,3.4445618404708633,2.1312634408664395,4.1900980869893365,0.2475457610631164,-1.046791486848897,-4.027646271570473,0.007179850996485138,1.7643780494907528,33.0777254348539,26.866927200418342,40.655125518765814,3.8332818400896995
B0026,39,14,24.0,6417.156,1.7938155707698507,0.8969077853849253,Healthy,3.435084142217923,1.8782785619868927,4.18806162606315,0.2572617260713015,-1.0469850347811238,-4.029328017656563,0.0061861294480158755,1.7643401902344973,33.067457381369145,26.846354528059383,40.78648924035223,3.8821731468997074
B0026,41,15,24.0,6398.907,1.799304949381792,0.899652474690896,Healthy,3.4457210478614795,1.9640553148703692,4.1883484559434,0.2502691293073183,-1.0475275600281526,-4.029272047274109,0.005741252990129893,1.764649470332957,32.902717226956746,26.721977656250186,40.64545029611132,3.878493328773138
B0026,43,16,24.0,6384.75,1.7842197448470132,0.8921098724235066,Healthy,3.4449342432242034,1.9028600928182506,4.18723267594963,0.2520616656913995,-1.0476470565655591,-4.028750889542927,0.0039839523366369525,1.7648031396157438,33.04143942038261,26.76115770717377,40.753548433947245,3.8417840121057383
B0026,47,17,24.0,6284.063,1.6818819918515189,0.8409409959257594,Healthy,3.348388974288582,2.066791178782658,4.116319031433004,0.26944182934103833,-0.99787222854682,-4.027668196882973,0.005249192243253369,1.737172684988675,33.28920270851618,27.272018113625958,40.90407080657346,3.794569150721836
B0026,51,18,24.0,6370.937000000005,1.8007519383961936,0.9003759691980968,Healthy,3.4115903895548496,2.1735697218309302,4.1829771605808554,0.2617822201498266,-1.05175253436239,-4.027827958238032,0.0037481053878815466,1.7676558282741908,33.31828122927918,27.178165265331575,40.760169873884465,3.787946074641643
B0026,53,19,24.0,6359.812,1.795972684272296,0.897986342136148,Healthy,3.4077180188358045,1.8699981350012518,4.188680037627242,0.2722544946157835,-1.0581306387784024,-4.02962982115965,0.00515289392316887,1.7708507407535288,33.24546150252619,27.037146422025586,40.86760057065783,3.807344333409932
B0026,55,20,24.0,6346.156,1.7931026940553298,0.8965513470276649,Healthy,3.416993809879986,1.834360851438286,4.189566172290167,0.26822799990446744,-1.0584303641401285,-4.028266984927104,0.002527081159935938,1.770910802595974,33.19381621015531,26.912811421770908,40.845772478695196,3.780820146855691
B0026,57,21,24.0,6328.172,1.8010267542068712,0.9005133771034356,Healthy,3.4279308915459796,1.8588013920189892,4.191202777072821,0.262402145529525,-1.058835499937123,-4.029480151507068,0.0037213046467527502,1.7711721533491755,32.950371591621256,26.794587883115437,40.61328442378913,3.8472047016077267
B0026,59,22,24.0,6326.062,1.7824572301269948,0.8912286150634974,Healthy,3.450423062016945,2.1656553710973343,4.18738502716279,0.2434768719967029,-1.048570222149277,-4.028789778263289,0.00353301902756691,1.7658030440830614,32.98142836772341,26.68911300750602,40.55411444614823,3.7994913877888377
B0026,66,23,24.0,6352.843,1.7959303030608789,0.8979651515304394,Healthy,3.4243550860962872,2.161441726851442,4.187376898822461,0.25523705702751964,-1.0522245912177104,-4.028805091889541,0.00591276904559493,1.7677747819970289,32.285643510120714,26.055865754438425,39.89740047610024,3.82843986566964
B0026,68,24,24.0,6309.172000000006,1.7783142127341003,0.8891571063670501,Healthy,3.419928142613709,1.8357784756785414,4.187719914558781,0.2657963889449642,-1.0562946339613315,-4.028118554798276,0.004736714019873918,1.7693952811305744,32.40988062398286,26.129925036104066,40.148009555945954,3.8408407681187793
B0026,70,25,24.0,6284.297,1.771719092984802,0.885859546492401,Healthy,3.4304184604928114,1.7730752055194368,4.187714468300498,0.2627047133930131,-1.0562794361681302,-4.032124737768037,0.00542191560161902,1.769242482054923,32.395070835603484,26.125417290944853,40.16428171644192,3.846937078573314
B0026,72,26,24.0,6265.969,1.7790749489536772,0.8895374744768386,Healthy,3.4416415585585702,1.8034969218504175,4.1886348865652785,0.2568257035937933,-1.0570022650761444,-4.029296562552747,0.004076928573911276,1.769606616873422,32.48055490141574,26.079677017636747,40.348229188960836,3.9147637766407866
B0026,74,27,24.0,6266.641,1.7733229782464675,0.8866614891232337,Healthy,3.448941537538792,1.8019162984387032,4.188731148597371,0.2536204394776369,-1.0532958143214937,-4.029143714811075,0.004842197764890287,1.7677584587790964,32.39831599080119,26.06579910051455,40.155136061235744,3.8623048668673468
B0026,78,28,24.0,6198.75,1.768754111010884,0.884377055505442,Healthy,3.3679598202717265,2.094755756018166,4.16813557610843,0.2836200003142359,-1.061746365944055,-4.028758416480095,0.003813682948653234,1.772889167128315,32.5316653403438,26.214960316138942,40.014600736484276,3.774768406208476
B0027,4,1,24.0,6515.422000000006,1.8233077742149364,0.9116538871074682,Healthy,3.415635388206693,2.4407952016086623,4.201942981365258,0.26348603590940445,-1.048298128077691,-3.9783143078898098,0.003323509431851215,1.750336118390269,33.531461449042084,26.281751283369985,42.07194057268294,4.668691361076615
B0027,6,2,24.0,6516.219,1.8142384651167962,0.9071192325583981,Healthy,3.405140913759623,2.4193060956450503,4.206957767652323,0.2726529665422416,-1.049212058679183,-3.9768925426133843,0.0033952109005791044,1.7506147807252528,33.768115475386416,25.96471800834349,42.526459613766654,4.993755336777247
B0027,8,3,24.0,6489.5,1.8128596793130867,0.9064298396565433,Healthy,3.425659661801085,2.4982363525248754,4.206087528624208,0.26743462548777713,-1.0465273412198817,-3.9768476817269596,0.004058825730750291,1.7491462645464366,34.0575363030056,26.165819522764874,42.65704114936764,4.9544064489025175
B0027,10,4,24.0,6471.25,1.8144242446739973,0.9072121223369987,Healthy,3.4201699208239194,2.4798358184535396,4.206597549468143,0.27243475369547326,-1.0503251867609642,-3.9770011933599085,0.0032144239681810545,1.7509397918350857,34.34311925332076,26.288545989531762,43.07456793109374,5.069356816731562
B0027,12,5,24.0,6466.672,1.812800333853042,0.906400166926521,Healthy,3.4180604683404985,2.4669313816061296,4.206708529635488,0.2740054478250831,-1.0497801003401392,-3.975861081535826,0.0026358337984817106,1.7506481427158975,34.3900563067441,26.342034597511443,43.12836631992577,5.0775896840526915
B0027,16,6,24.0,6410.672,1.7946038703195293,0.8973019351597646,Healthy,3.3978401981445576,2.492471012096456,4.182675464297748,0.2724065088172257,-1.0476986183510903,-3.976047513456661,0.004539629204396564,1.7500187600999006,34.16207101391941,26.163341707715524,42.9279467397339,5.109775663006125
B0027,20,7,24.0,6474.156,1.816519171293833,0.9082595856469164,Healthy,3.3984422668226393,2.4232193266263646,4.202445131277022,0.27460677376586035,-1.0572775446036453,-3.976869439992001,0.0038870252283919613,1.7551786255594906,33.65117316898919,25.913266368151522,42.344909658609986,4.699127008988081
B0027,23,8,24.0,6460.75,1.8198335565190242,0.9099167782595121,Healthy,3.411384397730043,2.4791120561344835,4.207150334625055,0.27287870729755964,-1.0548269593999815,-3.9771945719805046,0.003203472704923935,1.7533407841645772,33.993154419553875,26.32052844790478,42.501459218547076,4.929113115611335
B0027,25,9,24.0,6448.907,1.816980986440728,0.908490493220364,Healthy,3.40775629545449,2.4281027036480562,4.206634870908589,0.2762785419737256,-1.0553776405080413,-3.9769324995805095,0.003644913267306345,1.7537017442589717,34.121102900157744,26.250108125500603,42.75456095698592,4.9380704757548575
B0027,27,10,24.0,6447.125,1.8047602710768988,0.9023801355384494,Healthy,3.4031041806987625,2.4202095510772232,4.206620391551443,0.2775947993527853,-1.0554671306178591,-3.9758459422284784,0.003066801674998059,1.7537425349308915,34.521504581092735,26.532556061939943,43.208685492251035,4.900585950003771
B0027,31,11,24.0,6431.219,1.8021778881408677,0.9010889440704338,Healthy,3.38665218439762,2.3998890148152445,4.194991220811618,0.2806173502475224,-1.055670294257971,-3.9761066659419098,0.003852509395055512,1.7540044456056294,33.91883669839733,25.910238372733108,42.59572185384836,5.098838544215813
B0027,35,12,24.0,6442.203,1.810054375611175,0.9050271878055876,Healthy,3.4140369130125587,2.483742346997907,4.2023598960429815,0.271009074012288,-1.0529574586448565,-3.97580379555999,0.0041516587874309285,1.7522135340559994,34.203791109857484,26.318007051932856,42.63365730314649,4.893770872931218
B0027,37,13,24.0,6427.079,1.8191618703574552,0.9095809351787276,Healthy,3.3945090590148355,2.382935984422233,4.206738745019596,0.27818286841921114,-1.0601013419063348,-3.976485689239373,0.008933045446703994,1.756369431766923,34.48622307207774,26.721485029988013,42.89197473994752,4.7875168472928715
B0027,39,14,24.0,6417.156,1.806344581230731,0.9031722906153655,Healthy,3.4204049256076163,2.4903839742860163,4.205268152663341,0.26913412537292575,-1.0537206430621189,-3.976936142536244,0.013919280025734757,1.7527538691440743,34.40141739485763,26.679725292854272,42.736703039205324,4.811606158001092
B0027,41,15,24.0,6398.907,1.8120006378747944,0.9060003189373972,Healthy,3.401908039296132,2.39789040439265,4.205946910651655,0.2763995865629319,-1.060902364203764,-3.978429203873616,0.005657378060216962,1.7565310549866258,34.3150259504104,26.557001937562,42.71819238433457,4.832642503445456
B0027,43,16,24.0,6384.75,1.809238569578753,0.9046192847893765,Healthy,3.407597938928066,2.41937557251393,4.205053312485709,0.27494735493567696,-1.0613281994084631,-3.9781812521692537,0.008687490936460632,1.7567194641965456,34.450526992415796,26.60786055056083,42.87852551010068,4.801806981504728
B0027,47,17,24.0,6284.063,1.7820717716005336,0.8910358858002668,Healthy,3.3774091842080276,2.444119634453687,4.181855642136106,0.2769215777460325,-1.061988907424718,-3.976050497666082,0.0048115513778526995,1.7572049817389088,34.741504044616725,27.166084479360034,42.99196482622249,4.6584628946742
B0027,51,18,24.0,6370.937000000005,1.8145504562341046,0.9072752281170523,Healthy,3.3771878224396685,2.395925863485738,4.20282058770571,0.2842600819705951,-1.0662806393885873,-3.975790795970914,0.006022897300786533,1.7594534796399066,34.663008920131865,27.035503711204466,42.920147884014575,4.696289145022207
B0027,53,19,24.0,6359.812,1.809153485164282,0.904576742582141,Healthy,3.390746744780089,2.408349641748691,4.206436642050531,0.2794474232538435,-1.0653782286766842,-3.978211822678376,0.003494223099227473,1.759196174240153,34.47643463041281,26.890332641639585,42.77821015998406,4.657983326693638
B0027,55,20,24.0,6346.156,1.8065551508093707,0.9032775754046853,Healthy,3.3939882666698242,2.399239705167686,4.20638281753962,0.2789093472884377,-1.0657949875596555,-3.975995723123535,0.00319249131673547,1.7596238698132685,34.45771838499012,26.74997853742709,42.71393681070588,4.658731754778904
B0027,57,21,24.0,6328.172,1.802401655959492,0.901200827979746,Healthy,3.395270569622429,2.378335964879865,4.2054658678946755,0.2793146139889074,-1.0664883306260853,-3.9770352078730906,0.004540074797142588,1.7601519055122512,34.276431502022604,26.635565264459924,42.66066961608101,4.776938111249385
B0027,59,22,24.0,6326.062,1.7964331683322998,0.8982165841661499,Healthy,3.4104656511949063,2.437999478526856,4.206584936190674,0.2745275082193091,-1.0632318841030186,-3.9760554400518497,0.0062928096652375524,1.7580348166444306,34.35292925698558,26.541772227520706,42.64239690775237,4.743539132256641
B0027,66,23,24.0,6352.843,1.8088036930508289,0.9044018465254144,Healthy,3.400641404160475,2.484818012933219,4.202786069304105,0.2751233786347394,-1.0590432103446814,-3.9743844585266417,0.004005736341078889,1.7553822291479728,33.64812848797218,25.912130164990632,41.86831727976231,4.7854580783409055
B0027,68,24,24.0,6309.172000000006,1.7915527748749653,0.8957763874374827,Healthy,3.403879368199544,2.456168013420922,4.206301818692852,0.2757609435559332,-1.0635509942186294,-3.975516779186955,0.0061507531757700375,1.7577666066250508,33.75077258934032,25.98951235766809,41.97207960495628,4.769648396683905
B0027,70,25,24.0,6284.297,1.7853375192239571,0.8926687596119786,Healthy,3.4141854712687336,2.4697995830050976,4.205750597989692,0.273367119306613,-1.0638261484808664,-3.9768226550322385,0.006435201489942423,1.758077145144313,33.72038549007088,25.977709355582487,41.92250461031742,4.761002961267753
B0027,72,26,24.0,6265.969,1.793209210325309,0.8966046051626545,Healthy,3.4230599701504794,2.491582666091738,4.20589200120434,0.27131172908647727,-1.0651012851496238,-3.9771390967306828,0.0049998578208822675,1.7582679507201062,33.812030459081335,25.926157732808466,42.14300769699952,4.82343818433581
B0027,74,27,24.0,6266.641,1.7873097711102113,0.8936548855551056,Healthy,3.4023930606429906,2.3944859739266695,4.205560793070628,0.2785758952035429,-1.0684596107286113,-3.9746886011207567,0.00897085631713148,1.760230433574853,33.79680193008211,25.907382263131502,42.43039551713637,4.819438066614642
B0027,78,28,24.0,6198.75,1.7700926253324452,0.8850463126662226,Healthy,3.3633791712406205,2.4249816079125552,4.186200185347402,0.2864446371413158,-1.0694140697591357,-3.9731771319705014,0.005915341113398426,1.760809358749019,33.92036482801563,26.050915731101185,42.033372446715575,4.723112931173703
B0028,4,1,24.0,6515.422000000006,1.8046847720100736,0.9023423860050368,Healthy,3.676492835528995,2.6151397684307285,4.181907184700754,0.22932539822023007,-0.9970402880141495,-2.003545780105601,0.003953073598938974,0.9973457313824224,30.261078788805897,26.429257363552026,31.679728237853865,1.1290370331229969
B0028,6,2,24.0,6516.219,1.8047833214525881,0.9023916607262941,Healthy,3.677932362103996,2.578716047628789,4.186798367560072,0.23102269615491433,-0.9969604106618353,-2.0005429484896995,0.007679245805984592,0.9969915519258229,30.023214006195516,26.12187016145863,31.42728999177483,1.1490299445175196
B0028,8,3,24.0,6489.5,1.797618668222458,0.898809334111229,Healthy,3.681544140844236,2.679890873914289,4.186905629206883,0.226586842003534,-0.9970702802711341,-2.001716318999832,0.0026433737140248567,0.9971704123312908,30.21665562692593,26.30148047924344,31.694210133469813,1.1977927151943888
B0028,10,4,24.0,6471.25,1.7929913687761174,0.8964956843880587,Healthy,3.6819955552100256,2.674600586599544,4.1855363847405656,0.22657929942388616,-0.9973030888189304,-2.0013061408259385,0.0029380177679172244,0.9970660095360344,30.363564779968748,26.463617778864535,31.849947051821633,1.1953638531572857
B0028,12,5,24.0,6466.672,1.7919180081592216,0.8959590040796108,Healthy,3.6822366580622092,2.655983638577288,4.186483098548598,0.22733426672952325,-0.9974129863341045,-2.003132431573937,0.004413434213121981,0.9976876215058514,30.383708693138953,26.511110764722833,31.891976600913974,1.1838330197469449
B0028,16,6,24.0,6410.672,1.775026135903797,0.8875130679518985,Healthy,3.6730621916612125,2.5587601304544574,4.167593667891115,0.22329109074567416,-0.9966248234259864,-2.0003822656473735,0.00527894202997255,0.9973202787494431,30.151543075778466,26.339716125642624,31.647839531181656,1.1225470060494809
B0028,20,7,24.0,6474.156,1.7920487852223415,0.8960243926111707,Healthy,3.6821638997402064,2.684075980505414,4.183182085400848,0.22177641228707443,-0.9963089849547179,-2.0009566453567627,0.004455450538189413,0.9970860781677938,29.942877366572425,26.081978657015885,31.66717160096336,1.2100077402197777
B0028,23,8,24.0,6460.75,1.790475801581265,0.8952379007906325,Healthy,3.6829104616020185,2.692955180725203,4.1836584764239335,0.22196782572054807,-0.9974947737184627,-2.0032399141635833,0.0029396928561688128,0.997496927829375,30.159672019699293,26.4946424474431,31.543075306784417,1.0727400768502253
B0028,25,9,24.0,6448.907,1.7868365091987264,0.8934182545993632,Healthy,3.6830910997567576,2.664091579679959,4.186132992895621,0.22348140072470052,-0.9972667051793968,-2.0048267623571854,0.002281299292246033,0.9971492235439927,30.18503729745987,26.42252679550981,31.63889282611546,1.1322465059435378
B0028,27,10,24.0,6447.125,1.7871529619962185,0.8935764809981093,Healthy,3.6823376400116725,2.599501054239839,4.18607245667024,0.2260566684311122,-0.9977254189629398,-2.0036009637765297,0.0025771990386505204,0.9973244966988991,30.557366977302667,26.726549087436442,32.06283964981591,1.1901672802778172
B0028,31,11,24.0,6431.219,1.7816340617009505,0.8908170308504753,Healthy,3.6779403019036363,2.5987712023407274,4.177617061522188,0.22382532650235404,-0.9970949960183577,-2.004912384137109,0.005262647908366891,0.9974807167069975,29.87809290999813,26.073901766341304,31.17821904490572,1.1100000697758554
B0028,35,12,24.0,6442.203,1.7850235136604733,0.8925117568302366,Healthy,3.6809827017477756,2.5683373423176117,4.183570268917493,0.22662380525388784,-0.9972732896654727,-2.007057616844831,0.004231529539215724,0.9973248422012785,30.329541918405045,26.51359515192976,31.830430244172504,1.1420650440626565
B0028,37,13,24.0,6427.079,1.7803865429693038,0.8901932714846519,Healthy,3.6821031308211283,2.571655326217227,4.186886063009724,0.22714644898543934,-0.9970037592871084,-2.002345592887727,0.0056377270822839595,0.9969468937942636,30.67805955282036,26.88710614624046,32.176676996947776,1.1573327107671774
B0028,39,14,24.0,6417.156,1.7789060856417256,0.8894530428208628,Healthy,3.68119828344271,2.5464403411304843,4.186431294608572,0.22831870263398096,-0.9977226887954374,-2.0042056776412545,0.003986600909576778,0.9974514605944089,30.61748146501738,26.881618625470296,32.101579055970326,1.1245223221692005
B0028,41,15,24.0,6398.907,1.7738387518973049,0.8869193759486524,Healthy,3.6808780113914024,2.5488905698718844,4.186605296553263,0.22855630947587238,-0.9976984888319611,-2.005381985851277,0.003913446348392992,0.9973920327698991,30.47693232752601,26.75738535571653,31.927225800846255,1.1205014106052162
B0028,43,16,24.0,6384.75,1.769682881523146,0.884841440761573,Healthy,3.6816453877057884,2.592227961453642,4.186411251128915,0.22709297677692253,-0.997566184368524,-2.008651720668571,0.005140040512136122,0.9973890949731444,30.59851621920085,26.794758372897117,32.17577171129977,1.171261474207355
B0028,47,17,24.0,6284.063,1.7408787283206992,0.8704393641603496,Healthy,3.6751321799254955,2.598546956085325,4.1643364768914175,0.22059902953457186,-0.9970360820430222,-2.003317125586951,0.004532886198049818,0.99750771569575,31.100240402928506,27.34376856854934,32.50607956309833,1.1340854416716435
B0028,51,18,24.0,6370.937000000005,1.7648189744011906,0.8824094872005953,Healthy,3.6846266213857497,2.6924907199800523,4.183279934429277,0.221855166205316,-0.9969371531723804,-2.0076002242955377,0.0033873420104242563,0.9974823313196185,30.938169249041685,27.2242309376204,32.36361154404582,1.1212376917108664
B0028,53,19,24.0,6359.812,1.7617857390844023,0.8808928695422011,Healthy,3.6832544826548084,2.6173421756941537,4.185224082214954,0.22503995916122416,-0.9969974742534108,-2.0035478824784314,0.003129703051341058,0.9974033084011936,30.779624907003203,27.07546829589154,32.23987480909281,1.1187220380010712
B0028,55,20,24.0,6346.156,1.75770610357021,0.878853051785105,Healthy,3.6830019424524427,2.6240203066915697,4.185772001736481,0.224939209972402,-0.9968197698794886,-2.0037779278104373,0.00311192032402325,0.9974594517579985,30.70960684046627,26.952556111660147,32.1209393902127,1.1583269122646627
B0028,57,21,24.0,6328.172,1.7519375960601256,0.8759687980300628,Healthy,3.6825149277266642,2.63525875804135,4.185968902546653,0.22503062085183007,-0.9963445930927353,-2.0020973714849553,0.005108476771780937,0.997101149131679,30.47705959403915,26.85238485179539,31.876773372691297,1.0762093032335351
B0028,59,22,24.0,6326.062,1.7521244035832177,0.8760622017916089,Healthy,3.6802726203570852,2.540126038881981,4.185740020171981,0.2288351077697829,-0.9967865142227076,-2.0081929501788918,0.0031152716245573613,0.9973021473407734,30.54925924889458,26.70985682862992,32.13891568195097,1.17339654273853
B0028,66,23,24.0,6352.843,1.7597714133989641,0.8798857066994821,Healthy,3.67908706723787,2.5784590711144535,4.1838351172655095,0.22650273231435689,-0.9969143005288548,-2.0032214377942505,0.00482089823549462,0.9977075888584651,29.858081061792472,26.083510383297202,31.30995086456362,1.1345529438615418
B0028,68,24,24.0,6309.172000000006,1.7483011320324189,0.8741505660162094,Healthy,3.680942088612725,2.6156681128542663,4.185613308228973,0.22559447406287061,-0.9972513551873874,-2.004916509907621,0.004467728139745615,0.997762865053277,29.92749751367273,26.163475060687134,31.443900397243077,1.1361920489716668
B0028,70,25,24.0,6284.297,1.7411482627836237,0.8705741313918118,Healthy,3.681439648314102,2.6736673087239393,4.186072517005326,0.22390677818289212,-0.9970973800951103,-2.0052175769933474,0.007882581084872718,0.9976936191315176,29.887309173794996,26.15231542588846,31.383820135357173,1.1274532580521246
B0028,72,26,24.0,6265.969,1.7363833316311177,0.8681916658155588,Healthy,3.680615489022298,2.6531966228276134,4.186079245979765,0.22493032951062783,-0.9972667201815385,-2.0045790903634986,0.004056280310501597,0.9975309912722178,29.974612767860144,26.1081814095458,31.360116664622666,1.1602252787734295
B0028,74,27,24.0,6266.641,1.736559066269527,0.8682795331347635,Healthy,3.6776600467841285,2.5306280538039845,4.185739001637966,0.2300171239739823,-0.997266880260863,-2.0106987182265015,0.0028456839768755578,0.9977283140873734,29.928807475767645,26.09981871901358,31.44534438395542,1.1546786895557453
B0028,78,28,24.0,6198.75,1.7172335652295245,0.8586167826147623,Healthy,3.67453404625628,2.651385292787423,4.167590440976821,0.2196472797258553,-0.9969394063653587,-2.0051316277429905,0.0051030876956673,0.9978234784928319,30.029795182593666,26.236488265406727,31.550251048213177,1.1725010584348865
B0029,2,1,43.0,1572.359,1.697507332205763,0.8487536661028815,Healthy,3.3651860477851834,1.9999364731586213,4.122758586822445,0.26433790398086704,-3.9753962170197243,-4.025628898561539,-0.00032066021316996915,0.43500167530757294,51.631545591665024,43.40626577176862,58.72626885895911,3.854502735874846
B0029,4,2,43.0,1723.281,1.844701206961174,0.922350603480587,Healthy,3.3905928994464873,1.8520590925934357,4.2013457680138195,0.2962663671773508,-3.9342485526057955,-4.025958335657771,0.0012561628407100863,0.5870268296219977,52.84944288631656,44.6512950787826,59.76796387174703,3.7028585421487317
B0029,6,3,43.0,1705.906,1.8254376674722927,0.9127188337361464,Healthy,3.3944582472061784,1.8857258246963948,4.20075138362936,0.289096966049954,-3.9332952670181975,-4.026389228000425,0.0023685910867064855,0.591565618707197,52.905865867265994,44.703793008883345,59.844347317645614,3.718911362319005
B0029,8,4,43.0,1697.688,1.815750429913437,0.9078752149567185,Healthy,3.394696317253661,1.8534777499421093,4.20121939681188,0.29281766825136385,-3.932113456162452,-4.026146941716451,0.0011560987226028083,0.5947770086252228,52.90438507577814,44.70284265888931,59.9199472840752,3.7342175052389797
B0029,10,5,43.0,1686.094,1.8132993337127028,0.9066496668563514,Healthy,3.398579443319999,1.913443763136564,4.20151734595852,0.2850155825601988,-3.931581069158435,-4.025666629939814,0.004024554850396811,0.5980898509488167,52.87534956891003,44.69471969782321,59.89475354681757,3.736010369572422
B0029,14,6,43.0,1678.563,1.8151647619660576,0.9075823809830288,Healthy,3.3970260675114696,1.9392366668780092,4.190431936024234,0.28137637559623646,-3.976472905870513,-4.025842153897144,0.0016011471718590672,0.4278142962979307,52.762650424805656,44.65632079442231,59.588132364640614,3.6777225422058275
B0029,16,7,43.0,1677.469,1.8143317955190057,0.9071658977595028,Healthy,3.4017447799349796,1.926680416628282,4.20151685379873,0.28398648427208,-3.953172457226365,-4.0254086973557195,0.0009277908051389524,0.5237804800919047,52.78843384352056,44.68760486959879,59.81336613073259,3.68530875073423
B0029,18,8,43.0,1666.093,1.801343601809866,0.900671800904933,Healthy,3.400790257856999,1.89070792341858,4.201511694320507,0.28753191668733674,-3.952037378872224,-4.0262930686050655,0.003093422629167856,0.5268037133833411,52.7841972696045,44.675584452215,59.75433532594285,3.7046609613317285
B0029,20,9,43.0,1654.328,1.7881558802945825,0.8940779401472913,Healthy,3.4030834056443755,1.93249158993614,4.201805179645606,0.2824106792462271,-3.951642628329456,-4.0260391640732776,6.222737166087955e-05,0.5296665410090562,52.751738383515125,44.65379509474975,59.7737242563152,3.7078943465979455
B0029,22,10,43.0,1643.812,1.7760714604539518,0.8880357302269759,Healthy,3.4052467951556413,1.9713665258317914,4.201438773335668,0.2778721469749268,-3.9514812160488924,-4.026327827070244,0.0023072676102569986,0.5329719703809649,52.7506031720156,44.691080314771256,59.800107348599425,3.6961797272104464
B0029,26,11,43.0,1652.266,1.7852807447597443,0.8926403723798721,Healthy,3.3969592538295337,1.8523796286853516,4.19368630303113,0.2935488199453025,-3.974136073511708,-4.026273510345562,0.0016645890423313801,0.436931965790559,52.76187024768883,44.6911020162878,59.92418745751934,3.7111252380534343
B0029,28,12,43.0,1648.672,1.7698116401111978,0.8849058200555989,Healthy,3.3978270130572263,1.8385968486453488,4.20025041732416,0.2964747626779718,-3.94933484428352,-4.027610977919839,0.0020667822164484742,0.5348915903483973,52.810328108304326,44.697471358923025,60.120904895462246,3.7366002665394764
B0029,30,13,43.0,1636.969,1.7565231680521758,0.8782615840260879,Healthy,3.3976547229925322,1.8332269197665616,4.200366031445772,0.2960297920349158,-3.948773942479504,-4.026372824644528,0.00017828899779495544,0.5379894925734277,52.803620504971605,44.71815315905492,60.159083367849426,3.744598668519875
B0029,32,14,43.0,1625.187,1.7543413277348154,0.8771706638674077,Healthy,3.400358560849027,1.8809955356138472,4.199929373943819,0.2883466863185636,-3.9481894541359304,-4.026624128013423,0.001282121289534383,0.5411018176094535,52.774286568476356,44.676030389528265,60.033062355018394,3.7537552438029103
B0029,34,15,43.0,1622.016,1.7392875506998715,0.8696437753499358,Healthy,3.3951054015762527,1.800038174333754,4.199792574461424,0.3020093427658083,-3.946655613412357,-4.027030400371651,0.0007913011353634216,0.5431745492725769,52.80429201579515,44.72237198935258,60.155675284547456,3.7443108927437905
B0029,38,16,43.0,1638.422,1.7797845109331345,0.8898922554665673,Healthy,3.3952154633066987,1.9415928705254093,4.186389353535962,0.2821356531960963,-3.97371791832226,-4.026417322328161,-0.001846352852179499,0.44271416531013563,52.721179096315566,44.643414385114724,59.708263302408355,3.6935586026157736
B0029,40,17,43.0,1646.438,1.7657088508465202,0.8828544254232601,Healthy,3.400939370892573,1.9724619388377238,4.200779737725044,0.2795462551977248,-3.924297634283963,-4.026696437352965,1.6646507974658135e-05,0.6223655114433599,52.76566676387698,44.659869952836516,59.826072535975634,3.7273567310415188
B0029,42,18,43.0,1634.765,1.7523941408724169,0.8761970704362084,Healthy,3.3990966930758852,1.9166086737918735,4.20106410059631,0.28531021433245957,-3.922569043688066,-4.026796677718367,0.0006598008082064501,0.6260571805902035,52.80160858510679,44.68666896928979,59.97193555147316,3.753691185475415
B0029,44,19,43.0,1622.016,1.7380191225603105,0.8690095612801553,Healthy,3.4005060708668395,1.9416286020335691,4.20039236023258,0.2816848749736101,-3.9219324486852223,-4.026614754186135,0.001591428387879406,0.6300534686614302,52.76338281760698,44.675835276593766,59.90509096707212,3.74940916207469
B0029,46,20,43.0,1616.25,1.7312214443143976,0.8656107221571988,Healthy,3.397536794846482,1.8754484122099284,4.200576454073823,0.2892858079751447,-3.920549166756126,-4.027889167613304,0.0009650393837989778,0.6320446244382171,52.793663259837146,44.68982543817814,60.003884509148,3.7671085605977517
B0029,50,21,43.0,1622.218,1.7379128985265808,0.8689564492632904,Healthy,3.391570729569499,1.8380927294124034,4.1947095538907675,0.2985215730427468,-3.9453058787745463,-4.028085314718813,0.0003372827104996951,0.5495931510744325,52.75741582344694,44.630428830517836,60.25771781052726,3.776946184589268
B0029,52,22,43.0,1619.656,1.7224270683625882,0.8612135341812941,Healthy,3.4006008999743154,1.999771637867575,4.200658594506185,0.2758915999512075,-3.895864092268878,-4.029581554780258,0.0006424778434889145,0.7064837946744661,52.866554147425745,44.71415991617437,59.90492726798961,3.7937387230644006
B0029,54,23,43.0,1605.484,1.7184213765608034,0.8592106882804017,Healthy,3.3937647508109445,1.8317514112942035,4.200792247486221,0.29732064389455815,-3.9179079273158917,-4.027766402722573,0.0007644836711493694,0.6382662283238036,52.88238533970063,44.735306086378706,60.33243416075105,3.804556856010171
B0029,56,24,43.0,1600.75,1.7010220930648232,0.8505110465324116,Healthy,3.3990916405291434,1.9739559216587699,4.200103293228043,0.2778808244031721,-3.89292863950299,-4.026628807325158,0.004550486490843414,0.7131522270714034,52.89174684629843,44.73801386071172,59.986696705381924,3.8106395824019472
B0029,58,25,43.0,1595.0,1.693698739563104,0.846849369781552,Healthy,3.396460061958035,1.9069490533352143,4.200392899920808,0.2844631318871838,-3.891007378210508,-4.0280756332387835,0.0007852751427292697,0.7152075892074797,52.86276331800625,44.72080656471346,59.99528714045464,3.8061502019707527
B0029,62,26,43.0,1612.422,1.713072721286705,0.8565363606433525,Healthy,3.3953349055125526,1.9996278665665834,4.193452277045169,0.2767607521976619,-3.8931180785218142,-4.028992071533853,0.0017380580129921106,0.7131331771501478,52.85514927949408,44.684139567457066,59.98821696841703,3.820722859855507
B0029,64,27,43.0,1598.969,1.6976972688567131,0.8488486344283566,Healthy,3.397203474478597,1.9297361391600052,4.200426069460966,0.28350746402494464,-3.8906661202538677,-4.027443008545737,0.0008433944608980141,0.7175635954744704,52.84555100149494,44.69955125789035,60.01985635641876,3.8094668977099504
B0029,66,28,43.0,1592.187,1.6899314034061208,0.8449657017030604,Healthy,3.389787970407681,1.811689567857529,4.200350636061038,0.3004575140364543,-3.8880091290817527,-4.02657515612885,0.0011155218413833165,0.7203636449776143,52.82153486606997,44.67589276572789,60.26410091872941,3.8457103665955117
B0029,68,29,43.0,1577.484,1.685023551367069,0.8425117756835345,Healthy,3.3967598380460484,1.9610731754377526,4.200274898374017,0.2794392084658424,-3.8880141667450476,-4.026308111025025,0.0021054304856953756,0.7245471205362526,52.81580315824478,44.658205256139574,59.92046248220958,3.8193119167449336
B0029,70,30,43.0,1571.547,1.678389965463405,0.8391949827317025,Healthy,3.3957223246260377,1.9482718394124843,4.200350219079989,0.28104092342404263,-3.886820317431477,-4.027821145847748,0.0006492320626428532,0.726625869986305,52.80521928839473,44.66940974573534,59.887692512983016,3.8240506758131256
B0029,74,31,43.0,1578.484,1.6737947494868326,0.8368973747434163,Healthy,3.3892258428534876,1.8674943991912756,4.195839706712194,0.29179141650815266,-3.88571106427998,-4.027453382422719,0.0017194451734670855,0.7269385185966211,52.80312343851032,44.60923646358358,60.158935395611046,3.865744864816357
B0029,76,32,43.0,1574.469,1.6687898927884715,0.8343949463942357,Healthy,3.3940321153796114,1.926783206032701,4.20011947590298,0.2826912184141584,-3.85843433412322,-4.027257877744434,0.0012161364231368394,0.7958767430123744,52.85759471288148,44.657908969411466,60.047482357880945,3.8852447552837557
B0029,78,33,43.0,1568.281,1.6492566306631427,0.8246283153315713,Healthy,3.3906922693966584,1.869562035017659,4.20020354565233,0.28942209531853313,-3.8565643666104146,-4.028220020010547,0.0009569528423221208,0.7986683491989731,52.85638451770691,44.650393271280834,60.167863371476415,3.898861805143907
B0029,80,34,43.0,1561.422,1.6409676757039668,0.8204838378519834,Healthy,3.3912179554575785,1.8881277069953313,4.200021865512612,0.28675706733997264,-3.85547414018331,-4.026463660977024,0.001949166205152269,0.8013096318057173,52.882092513244274,44.66166028239045,60.09738415148209,3.9087296934813693
B0029,82,35,43.0,1554.234,1.6456360229757092,0.8228180114878546,Healthy,3.3923453388185667,1.9264548202409049,4.200544725415334,0.28279557377820747,-3.8555734475773074,-4.02785957922289,9.386519420112687e-05,0.8037526792254696,52.87120880021078,44.67197301409441,60.02940147619038,3.9035011932890127
B0029,86,36,43.0,1573.734,1.654547743574037,0.8272738717870185,Healthy,3.3840832974347714,1.8497742851139864,4.193996290293578,0.2945567596924814,-3.854823111014098,-4.0268345490967095,0.001077661361211677,0.8013346870265292,52.8949932373189,44.60925310792597,60.33090148423857,3.9442366576191588
B0029,88,37,43.0,1566.578,1.6461201520877546,0.8230600760438773,Healthy,3.3935243600466607,1.988399313722457,4.1998075622524835,0.2768943863074781,-3.8279463752523526,-4.028134400513877,0.0012055515072253253,0.8650529417568069,52.90577737967025,44.651733083497575,59.88870262903497,3.909932318769255
B0029,90,38,43.0,1550.047,1.6275119188151763,0.8137559594075882,Healthy,3.388551594762018,1.8822716064606955,4.199665175987453,0.2886780624081147,-3.851886221713202,-4.0269371723961935,0.0007959899779690719,0.8094014822788177,52.85049305569667,44.624308005806974,60.13011665786984,3.922718321600744
B0029,92,39,43.0,1543.64,1.6200530533464497,0.8100265266732248,Healthy,3.3876827466759964,1.8693019781355498,4.200099273216301,0.2902200606247618,-3.8509488961783584,-4.02674927094555,0.0012414717003364055,0.8121766860776538,52.93318563948955,44.684149828783205,60.20528139553767,3.9444802276333037
B0029,94,40,43.0,1536.781,1.612079811711934,0.806039905855967,Healthy,3.3850191492367943,1.8433554303146658,4.2000806322388815,0.294008945307403,-3.849366331322892,-4.027330387109479,-0.00025552171593965254,0.8147621021582478,52.91920185424772,44.66301381472874,60.24494659507955,3.9520917134890525
B0030,2,1,43.0,1572.359,1.6560706096175404,0.8280353048087702,Healthy,3.3464479682177357,2.1274170450668684,4.121228264511843,0.2563418232112226,-3.881093691840246,-4.02642257980551,0.0017593005385624875,0.7442757029527051,52.450611378612734,43.15149833518289,61.11438949471705,4.619913840776093
B0030,4,2,43.0,1723.281,1.7815548749509116,0.8907774374754558,Healthy,3.3780751936361146,2.1401060472348874,4.191571549203586,0.2607811305572771,-3.7838858314888455,-4.027659504109606,-0.0007868077489712377,0.9534617010571046,54.113241117794225,44.54353972746864,61.9990871891876,4.489105001296106
B0030,6,3,43.0,1705.906,1.761969227822918,0.880984613911459,Healthy,3.3818672028482375,2.1657237815883463,4.191314909952094,0.25814045976585637,-3.78000742647211,-4.0263997172904,0.0005981133953777508,0.9606558870072772,54.157828260748424,44.60400022940282,61.89071493502735,4.487141909903265
B0030,8,4,43.0,1697.688,1.751755031874225,0.8758775159371125,Healthy,3.3803545588103714,2.095376108282347,4.191510310362352,0.26486970944640814,-3.7771963627067855,-4.027127991303563,-0.001594860757599507,0.9658154426010658,54.212018750385205,44.61072161333403,62.214205409958005,4.552672321308373
B0030,10,5,43.0,1686.094,1.7381688070362076,0.8690844035181038,Healthy,3.383237725223628,2.12524665517798,4.191406236830394,0.2614419453230774,-3.774391482257296,-4.027089196239373,0.00020936411371284372,0.9709710927043589,54.19837692352459,44.6020225990607,62.31179793095802,4.552288982635738
B0030,14,6,43.0,1678.563,1.7506745293461339,0.8753372646730669,Healthy,3.374148303155992,2.0759632130565406,4.1809364775885,0.26972402232410325,-3.8401506129683893,-4.026801519572001,-0.00019692796860968457,0.8400557719302467,54.14161744851121,44.586012876295115,62.29994268441351,4.523450763344149
B0030,16,7,43.0,1677.469,1.7491047649061158,0.8745523824530579,Healthy,3.3806295984219497,2.0440070679316857,4.191416983179895,0.2710300101096779,-3.8162308411426897,-4.026685043731495,-0.0003961802022008918,0.8906017585668305,54.21167948917778,44.618842215325756,62.48134926186261,4.553247911899323
B0030,18,8,43.0,1666.093,1.7252544028765475,0.8626272014382738,Healthy,3.387081847293872,2.173948548947525,4.19167898729129,0.25760237686784565,-3.790540920260821,-4.027008162529609,0.0012292703677715302,0.9410471899802145,54.18634900836399,44.59936994632644,62.158212651524295,4.544688796515333
B0030,20,9,43.0,1654.328,1.7112621367644252,0.8556310683822126,Healthy,3.3879461849049983,2.1712631392036204,4.191660740391253,0.2577836227383274,-3.7878863152954003,-4.026835815972069,-0.0007190799526456637,0.9462824866802928,54.15360140656882,44.59290494580976,62.11029841216025,4.5533401200359105
B0030,22,10,43.0,1643.812,1.6990418392711273,0.8495209196355636,Healthy,3.3883925705991067,2.1722790601698723,4.190518218566902,0.25786627275917706,-3.78521295034333,-4.027530832099604,6.463182257801e-05,0.9518591462676281,54.168189231806274,44.62895122356867,62.21537292970592,4.5546454882247165
B0030,26,11,43.0,1652.266,1.7185770039532977,0.8592885019766489,Healthy,3.3829900242224884,2.1399140868464497,4.18494757447594,0.2616856341081728,-3.8087556215689466,-4.026804684381526,0.0002587364015666509,0.9056491402359739,54.22057063412252,44.61876601472716,62.42078136779365,4.587029086450203
B0030,28,12,43.0,1648.672,1.70324722921867,0.851623614609335,Healthy,3.3872270612733906,2.112329336316492,4.19138696373963,0.2635633147742534,-3.7838496795424073,-4.028658336876764,-5.4386711688319114e-05,0.9544845987992014,54.24400266886001,44.6290146536895,62.42541404009337,4.590767200633537
B0030,30,13,43.0,1636.969,1.689458044662304,0.844729022331152,Healthy,3.387969833955272,2.1141726056716275,4.1916098999207785,0.26290775313626247,-3.7810084173912366,-4.027635336965244,-3.662130729819738e-05,0.9599268880049819,54.24150010859244,44.632688209599,62.43136471336018,4.606627416494592
B0030,32,14,43.0,1625.187,1.6756136292719177,0.8378068146359589,Healthy,3.3908449439184096,2.1697054636701996,4.191138031319589,0.2579094518479587,-3.7778398595622393,-4.028103263729137,0.0007633648614528158,0.9655096700137185,54.183697227073836,44.60212525746821,62.27459158639179,4.593721702443698
B0030,34,15,43.0,1622.016,1.6718407140871654,0.8359203570435827,Healthy,3.3859058007878593,2.0502203248956845,4.191251588829171,0.2696032323992304,-3.7765035959555266,-4.0291043008663845,-0.00020336028221777343,0.9678591011744595,54.228866401573256,44.624665823870856,62.57843700986901,4.6136518516052725
B0030,38,16,43.0,1638.422,1.7233056681204446,0.8616528340602223,Healthy,3.375492904033759,2.056845844411806,4.17866916142942,0.27323611128001307,-3.8520176715688708,-4.027517719449719,0.00014967081296308286,0.8153044881535618,54.15865206479903,44.56326262853694,62.47198799326229,4.567003032417494
B0030,40,17,43.0,1646.438,1.709207290507283,0.8546036452536415,Healthy,3.381550645715128,2.0026548733538236,4.19028213835832,0.27521831915053147,-3.8026336945838506,-4.028208252016326,0.0008772235570089911,0.9189046429437464,54.242750421230845,44.60490806087971,62.678287399200066,4.595580729561933
B0030,42,18,43.0,1634.765,1.684001734344571,0.8420008671722855,Healthy,3.3864480900407194,2.098247338071892,4.18930659174196,0.26381162234267413,-3.7747932414905923,-4.028530108942317,0.0003336214553142062,0.9711485537118218,54.26601179807604,44.6218039286095,62.48426799373123,4.5982882952007955
B0030,44,19,43.0,1622.016,1.66898698813004,0.83449349406502,Healthy,3.387180494037813,2.095250035916422,4.189336480826855,0.26386837811729835,-3.7717048923113476,-4.028059956110559,0.0012011416906636968,0.976736294779003,54.24164371768822,44.610355218782736,62.520660259063135,4.6125042558359555
B0030,46,20,43.0,1616.25,1.6620689362837142,0.8310344681418571,Healthy,3.3813445010797873,1.9652225177027667,4.1879616710018945,0.27713116690106226,-3.7701783748857105,-4.029736567587315,0.0005223927726711554,0.9796011570167718,54.32282816477177,44.633104163960176,62.837923181745914,4.66130429860502
B0030,50,21,43.0,1622.218,1.6687049625248174,0.8343524812624087,Healthy,3.385606758982866,2.1649300939348857,4.183473493335224,0.2583018887296693,-3.770286001350055,-4.02892193533513,0.0007621949361175212,0.9796359776007147,54.27566161448939,44.564430771238534,62.47596510401283,4.65071826753991
B0030,52,22,43.0,1619.656,1.652762183550463,0.8263810917752314,Healthy,3.3887947335699504,2.1107101939003567,4.189021310957518,0.26212290602901644,-3.74290317214084,-4.028238890396407,0.0010776037840459023,1.0269305178068908,54.346520622463046,44.633491087453194,62.54340291733675,4.647659772057164
B0030,54,23,43.0,1605.484,1.648481366235244,0.824240683117622,Healthy,3.390949417762555,2.154272422860638,4.188208290959306,0.25818804244157884,-3.7394250053816305,-4.029657303351485,0.0007478351109079817,1.033272438114385,54.369563893787316,44.680330122145484,62.542537819338854,4.656825767791729
B0030,56,24,43.0,1600.75,1.6307406443132095,0.8153703221566048,Healthy,3.3873404080498895,2.056878607135279,4.188944596283129,0.2669392534296509,-3.737622424800312,-4.028147301835234,0.00035745634528035913,1.0361491892534644,54.38101073340462,44.64880695403803,62.633169726331985,4.690578060051821
B0030,58,25,43.0,1595.0,1.62323023017929,0.811615115089645,Healthy,3.3880651957973615,2.0619330487714467,4.189721988537926,0.26652685929519104,-3.7356557463501385,-4.027460243343909,0.00046012588963197494,1.039230319734636,54.366222070376075,44.6494752691612,62.63885708285674,4.680986004227726
B0030,62,26,43.0,1612.422,1.6541906540394393,0.8270953270197197,Healthy,3.3873336724752856,2.182829076635093,4.182121595717829,0.2560563163011633,-3.737388532394875,-4.028374864371009,0.00048626331454628216,1.0362628686485178,54.36082826974155,44.619224416467304,62.50972828784737,4.664425861469
B0030,64,27,43.0,1598.969,1.638514396616985,0.8192571983084925,Healthy,3.391596603751742,2.152270345667462,4.18953881832451,0.258930272335589,-3.733773399938973,-4.0280399278365575,0.00015012443566113953,1.0424465812748502,54.329082038301124,44.62244303647462,62.41430430344205,4.642098323126425
B0030,66,28,43.0,1592.187,1.618847673357618,0.809423836678809,Healthy,3.3844695827460796,1.9853664248869802,4.18877344296717,0.2747937897988348,-3.7318248243234815,-4.028759921717576,0.0020082664928365124,1.0458867689660982,54.350797312061744,44.61775964712291,62.71706660837061,4.702661665786438
B0030,68,29,43.0,1577.484,1.6134212267751404,0.8067106133875702,Healthy,3.3883015570002266,2.085108474542319,4.187364248433742,0.2642219374659569,-3.72789586160175,-4.028912968695677,0.0014800577774969916,1.052058658023619,54.30570319180817,44.579388125992374,62.554566036297686,4.699315766113706
B0030,70,30,43.0,1571.547,1.6066443601761986,0.8033221800880993,Healthy,3.389973588057286,2.1156809695842997,4.188843927084549,0.2620384937992771,-3.7258803546166885,-4.028240237923387,0.00020204579670861887,1.0554663826709085,54.311769035681074,44.63882940473298,62.48691429447336,4.675275087530564
B0030,74,31,43.0,1578.484,1.6138387876938998,0.8069193938469499,Healthy,3.386403894086122,2.0858806041580396,4.184536605382707,0.2645673010364215,-3.7258300678775145,-4.0292228155278815,0.0005341350957084978,1.0552120213275789,54.31694947968931,44.52996519417786,62.59235284434121,4.728917851045079
B0030,76,32,43.0,1574.469,1.596329501327274,0.798164750663637,Warning,3.382990062267617,1.9452863886535996,4.188530465383751,0.2788425340281009,-3.7235246959842048,-4.028629666143592,0.0008757216237683139,1.0585978746279334,54.37602664745592,44.584489397198766,62.84622214879507,4.763610976524002
B0030,78,33,43.0,1568.281,1.5890785867406987,0.7945392933703493,Warning,3.3809665909442286,1.9166604901616162,4.188200529397757,0.2828054904243156,-3.7209177432015643,-4.028807042725253,0.0017244489688656864,1.062071549660156,54.40922760509475,44.60072493720745,63.0242156686281,4.791152727595977
B0030,80,34,43.0,1561.422,1.5805481432309574,0.7902740716154787,Warning,3.3813241868366974,1.9272509897554042,4.187743893425592,0.28060437011607264,-3.7188832576508455,-4.027678632162258,0.00019360866792722796,1.0651266464323055,54.43118438830086,44.600104116200306,63.00027240816272,4.800574554125706
B0030,82,35,43.0,1554.234,1.5846131054270807,0.7923065527135403,Warning,3.3870672693934285,2.051939170845275,4.1898269490660445,0.26800982095805037,-3.7178481811964144,-4.028626046511251,-0.0004863640898333398,1.068694983560774,54.42543761419732,44.62647326379676,62.80130766887856,4.7840025564600035
B0030,86,36,43.0,1573.734,1.5936651221220735,0.7968325610610367,Warning,3.382718302752806,2.0447593292567268,4.183231697201542,0.2687458027537103,-3.719718780129346,-4.030594809378983,0.0005358834776928994,1.0652782084325563,54.40878572720797,44.54512422560238,62.737405296482684,4.791795141818069
B0030,88,37,43.0,1566.578,1.5849874126960888,0.7924937063480444,Warning,3.3896129797375174,2.1123670299751245,4.187178870202528,0.2617943981795915,-3.6895994891111914,-4.029376137378532,0.0011516362003643117,1.111974072306061,54.42284720424547,44.580240242165594,62.57852749153667,4.7514425329524625
B0030,90,38,43.0,1550.047,1.5787064969416462,0.7893532484708231,Warning,3.38569510149779,2.029028311417829,4.188109008087897,0.2697794324624057,-3.7133420593367292,-4.02789957320431,0.002182040333721505,1.0758264495651062,54.38754363122996,44.5770883956101,62.84908045214772,4.786973882318285
B0030,92,39,43.0,1543.64,1.570705516096967,0.7853527580484835,Warning,3.387023398111767,2.0574175231777425,4.188695408653485,0.2673071622195867,-3.711313300597217,-4.027280488641001,0.0014808367056352084,1.079190035708861,54.45246463683033,44.64554626607071,62.7284644620379,4.7921433365246715
B0030,94,40,43.0,1536.781,1.562780404428482,0.781390202214241,Warning,3.3870565445350174,2.068863283525511,4.18874384592953,0.2665877771207172,-3.709186360280257,-4.027633935183195,0.000172026667901443,1.0823350102432165,54.41109814733754,44.59631266869645,62.69299470731855,4.795547278460239
B0031,2,1,43.0,1572.359,1.6666751942525773,0.8333375971262886,Healthy,3.3729664490249562,2.4944372580491163,4.116561748956975,0.21749863413149423,-3.8333672232532003,-3.9768793547938315,0.002776712923689234,0.7356761461815012,52.65501135302439,42.830036312976034,60.84632469517393,4.743171702128677
B0031,4,2,43.0,1723.281,1.8328583629543174,0.9164291814771587,Healthy,3.410655663961355,2.4703791051999655,4.206499027366964,0.2375574818582882,-3.8451016770532584,-3.977675278876834,0.0013441287397587707,0.7058813577292086,53.97231092767106,44.29462858436861,61.81769411336386,4.474882374701079
B0031,6,3,43.0,1705.906,1.8139835002945137,0.9069917501472569,Healthy,3.411724207737072,2.432998201540817,4.206542652746716,0.2414848439345273,-3.8650342644443447,-3.9778181212183674,0.001388631365358068,0.651360474580357,53.99108510894419,44.34086545841149,61.82805706187581,4.4896127002799675
B0031,8,4,43.0,1697.688,1.8044387333514835,0.9022193666757418,Healthy,3.414079984476593,2.455290559392926,4.206636701109276,0.23960043671171902,-3.863745544431601,-3.977299190367607,0.0012237431001445548,0.6548486442885432,53.996608338848425,44.358531698383615,61.95644236061217,4.496166419635264
B0031,10,5,43.0,1686.094,1.802147684291295,0.9010738421456475,Healthy,3.412679097550016,2.379788594335936,4.206755471453542,0.24672701922318055,-3.8849374979545646,-3.978022092833197,0.0019526644022268577,0.5906635848134668,53.954262670522155,44.36904249712909,62.099570509363424,4.475950999186677
B0031,14,6,43.0,1678.563,1.7715647509798835,0.8857823754899418,Healthy,3.3963237722822415,2.3704531055353044,4.172458299789621,0.24232674193593404,-3.8380587255136756,-3.9767159781784978,0.0007310241436229694,0.7231340120416078,53.973288387308486,44.30711469547115,62.03750729435005,4.559107725472326
B0031,16,7,43.0,1677.469,1.8139928165779542,0.9069964082889771,Healthy,3.4200798093339357,2.479852487101495,4.2067410088524975,0.2377767699417258,-3.906047424985772,-3.9771843837683436,-0.00028470823587591326,0.5171832561580818,53.88993125496472,44.35989201809373,61.84294867967338,4.435117968766711
B0031,18,8,43.0,1666.093,1.8013261041198854,0.9006630520599427,Healthy,3.4200087266691894,2.4765516954388933,4.2068100656143335,0.23849749744961554,-3.905358988025778,-3.9770974674013813,0.0034950031885560436,0.5204998603595957,53.87262295937195,44.34916844771062,61.837947652588504,4.44132391682748
B0031,20,9,43.0,1654.328,1.7883722583933568,0.8941861291966784,Healthy,3.417702003194436,2.359674470455269,4.206952621072369,0.24774265680927673,-3.9279761474648427,-3.9768622317890006,-0.0005880407744395051,0.4284825671946921,53.81893583109196,44.33299798913963,61.84646585876763,4.4207705140407345
B0031,22,10,43.0,1643.812,1.7765401657373159,0.8882700828686579,Healthy,3.420480701190782,2.4195090802038206,4.206832562039922,0.2423295482773346,-3.9274541286439484,-3.9791104324571194,-0.0006256190501035624,0.43099178692037116,53.82033376097016,44.3479986805051,61.76013798618494,4.43047891943254
B0031,26,11,43.0,1652.266,1.7856209131823229,0.8928104565911614,Healthy,3.4123332615490005,2.3489668209281325,4.193946956737359,0.24694692964167142,-3.927239655425038,-3.978347529374349,-0.0010874786116113592,0.43094454557558537,53.821133604090825,44.31576932699988,61.91960614794014,4.457481525302493
B0031,28,12,43.0,1648.672,1.7813634036685941,0.8906817018342971,Healthy,3.420910074120946,2.3997094392914415,4.206655556995042,0.243901455948645,-3.9268971976071376,-3.9771521389968303,-0.0005179713142655227,0.43219655346650476,53.81794815350033,44.353705438737805,61.86471031425517,4.425873361782119
B0031,30,13,43.0,1636.969,1.7684898383971241,0.8842449191985621,Healthy,3.4216539858581876,2.4168059304515817,4.207198543313955,0.24266752290769733,-3.926457770086078,-3.977691809263504,-0.00031108791098065635,0.43487718862836305,53.80194299620242,44.33947487486351,61.77393480386064,4.431219066282664
B0031,32,14,43.0,1625.187,1.766505238291406,0.883252619145703,Healthy,3.423749066677016,2.471072287476068,4.206978754188053,0.23851363263886727,-3.925817080441477,-3.977537552103438,-0.001873169665873956,0.4373421723480279,53.75880729814269,44.32818975028374,61.645390510898466,4.430395321658081
B0031,34,15,43.0,1622.016,1.751740527921767,0.8758702639608835,Healthy,3.4209893105313918,2.4044472636058316,4.20675228195214,0.244119038533075,-3.9255513820662964,-3.978111649265431,-0.0019110207790176733,0.4386130848293259,53.78850848662172,44.354445173178064,61.88870329111738,4.445355764313558
B0031,38,16,43.0,1638.422,1.7352349314055016,0.8676174657027508,Healthy,3.40095456627701,2.4059387688210077,4.168980783747018,0.2392682004327862,-3.852591436358121,-3.977751186219502,-0.00038177137737480354,0.6851527425207342,53.8368863785077,44.287842733511,61.98674236534618,4.531421372374137
B0031,40,17,43.0,1646.438,1.7782778274549178,0.8891389137274589,Healthy,3.421591713831319,2.386904670931757,4.207227268504839,0.24540500508907914,-3.925749357747081,-3.97681234987642,0.0004080663527147944,0.4373141667649414,53.773379186088945,44.32034939655615,61.736554527800706,4.412789089352231
B0031,42,18,43.0,1634.765,1.7649894859707393,0.8824947429853697,Healthy,3.420573981542695,2.3650342661568575,4.207303258469689,0.2473722961611701,-3.9249912249362797,-3.976912066880602,-0.0010155926122537079,0.4400359820496345,53.77386924606414,44.32225352667264,61.822305205835185,4.425069489468182
B0031,44,19,43.0,1622.016,1.762591283533551,0.8812956417667756,Healthy,3.422624599533156,2.4186775515647607,4.207353806036226,0.24307326325060008,-3.9244475102493666,-3.9786886477737884,0.0009277629617384309,0.4429395647786454,53.754659591825344,44.3225456238234,61.702657378071684,4.42821664494481
B0031,46,20,43.0,1616.25,1.744314576121582,0.872157288060791,Healthy,3.4201177255120836,2.360775838409723,4.206667054740019,0.24770911321404301,-3.9241185399534726,-3.97903376287443,0.0002704688389542206,0.4442069947859374,53.766677549195336,44.31558221016735,61.83339482415222,4.450134662986822
B0031,50,21,43.0,1622.218,1.7628373753518478,0.8814186876759239,Healthy,3.4199667649637617,2.4505597087782616,4.198651200144167,0.23946623243356968,-3.924417903030087,-3.9780140451348855,-0.0002627284743440295,0.44428458461017256,53.731744909320135,44.27500624240207,61.71886225058171,4.455551923177987
B0031,52,22,43.0,1619.656,1.747857930947971,0.8739289654739855,Healthy,3.4203305433739613,2.3428829070219703,4.207348617133544,0.24933707692159618,-3.9240126202473213,-3.9779736389102816,-6.675195362322442e-06,0.44569798490068663,53.77927288646249,44.338088141973124,61.9456150656118,4.4427146186536035
B0031,54,23,43.0,1605.484,1.7441167338864993,0.8720583669432497,Healthy,3.422863512888695,2.411955819284382,4.2072481474909695,0.2434864024340028,-3.9232971090768873,-3.9784996176795904,0.00016408495912041446,0.44854157538195083,53.77940592279519,44.36308273819081,61.68681561807962,4.459226062383543
B0031,56,24,43.0,1600.75,1.7268422932817387,0.8634211466408693,Healthy,3.4198002859215846,2.3413222526109294,4.207149488755062,0.24952110311648557,-3.92291737914847,-3.978808047093823,0.001292763200131917,0.4498440540726831,53.7498055148608,44.350792998541806,61.72142337926525,4.445923216095667
B0031,58,25,43.0,1595.0,1.7203093493042265,0.8601546746521133,Healthy,3.4194705619732524,2.328244465576847,4.2072173595407625,0.2502135177343609,-3.9226738819129343,-3.9775428897202,0.001472605857913956,0.4513858257324389,53.75572683773813,44.33360202803315,61.922368397426354,4.465784973664955
B0031,62,26,43.0,1612.422,1.7394245516699778,0.8697122758349889,Healthy,3.4145994489347062,2.318164845471509,4.196145238330935,0.2499621649172745,-3.9229572377699213,-3.9805743604314343,-0.00033744302510461553,0.4497117288117621,53.7542876562008,44.308176124250195,61.875049319197814,4.4613794652582905
B0031,64,27,43.0,1598.969,1.7367384416372014,0.8683692208186007,Healthy,3.4248774653161553,2.4548236850102603,4.2069462617112805,0.24006075503282026,-3.922700094183036,-3.979162923764102,-0.00010401984862474699,0.4528817383656795,53.711431807207,44.31984957720723,61.49120341342234,4.428087647366238
B0031,66,28,43.0,1592.187,1.716963468448543,0.8584817342242715,Healthy,3.420974185160828,2.3584309858697914,4.207372373768093,0.2479352694155544,-3.9220779649294735,-3.978306860506898,-0.0012343201163544065,0.45420958748918727,53.69342764953342,44.31789791986238,61.70751319442212,4.4528429304938895
B0031,68,29,43.0,1577.484,1.7127773558366357,0.8563886779183179,Healthy,3.4245085053170605,2.4660401403368404,4.206841499612997,0.23942500939927955,-3.9213702793706045,-3.977319747335911,0.0023885964497716784,0.4574671448339746,53.61958378565316,44.28877858426322,61.49432037699378,4.424567304026755
B0031,70,30,43.0,1571.547,1.7061083466554066,0.8530541733277033,Healthy,3.4232173747975634,2.442554361335084,4.207073830058116,0.24145035865262604,-3.9210732675731483,-3.978351078081253,-0.0007856884123706902,0.4587734339468889,53.633628437869824,44.302021606946646,61.505904797603456,4.434836981667208
B0031,74,31,43.0,1578.484,1.713732696207521,0.8568663481037605,Healthy,3.4217612690112014,2.455972935605985,4.202288246181564,0.23979863548008903,-3.9208447863377685,-3.977915936469046,0.0006476350430282945,0.4589196598908102,53.64298219337473,44.25632742061698,61.58650298757853,4.459580607632521
B0031,76,32,43.0,1574.469,1.7093475797926974,0.8546737898963487,Healthy,3.4200957312475437,2.3451886335989784,4.2068098855652165,0.24926698390025231,-3.9207501433470915,-3.979004823352766,-0.0005359838169886397,0.46039866668811585,53.640194623026446,44.29229687154297,61.668030365099106,4.4419744809189
B0031,78,33,43.0,1568.281,1.6901000454115587,0.8450500227057793,Healthy,3.418207639268387,2.3048157078228537,4.207132897125494,0.25252984643799004,-3.9202672088226542,-3.9789940224296374,-0.002785939291192321,0.46165690402387893,53.65373339276206,44.27297575844494,61.83745125268187,4.466929037648206
B0031,80,34,43.0,1561.422,1.6946883343387664,0.8473441671693832,Healthy,3.4190055604969225,2.327904771892418,4.207018144824621,0.250087347308428,-3.919741625648533,-3.977360849056161,-0.000803782731406179,0.46338239288956484,53.65355338521763,44.29374100507224,61.7791359328034,4.4687000652633175
B0031,82,35,43.0,1554.234,1.687010991299212,0.843505495649606,Healthy,3.4200180230564365,2.3672431402232186,4.206967994384534,0.2470860360486735,-3.9196997597664827,-3.98157731389867,-0.0021179755950894007,0.4648516404500312,53.647830742878845,44.29685687451413,61.63755727730526,4.471578549619915
B0031,86,36,43.0,1573.734,1.6957069027070075,0.8478534513535038,Healthy,3.41552953622903,2.32931910043758,4.198742074510769,0.24925617916495926,-3.919678832661814,-3.978371819312698,-0.00013831878756091233,0.463453121358229,53.654715008055895,44.240407412762536,61.76541153453152,4.495496567436377
B0031,88,37,43.0,1566.578,1.687696889615565,0.8438484448077825,Healthy,3.4189014427486333,2.3136169782429055,4.206906802432806,0.25135915544880433,-3.9194105864839486,-3.9792781650234965,0.0004421767681534127,0.46518559396202686,53.66098543950281,44.277682069015725,61.71412204720752,4.47760964141225
B0031,90,38,43.0,1550.047,1.6819617127259294,0.8409808563629647,Healthy,3.4233537843227144,2.464103908062826,4.20664698001037,0.24000927236772238,-3.9186527397651205,-3.979799695817293,0.0004194401026205966,0.46827760409978825,53.59867010741405,44.26325414571517,61.46370523914892,4.470293554955565
B0031,92,39,43.0,1543.64,1.6750033888978846,0.8375016944489423,Healthy,3.4227287920309317,2.450218643464606,4.206935457661614,0.2411851497756468,-3.9185184747583235,-3.978467204430153,0.001218907102783235,0.46998149266076406,53.628910349751585,44.29498234288963,61.45868723262231,4.462652690502544
B0031,94,40,43.0,1536.781,1.6672987794846676,0.8336493897423338,Healthy,3.422760457985402,2.4650879684691613,4.207096999865798,0.24032728010684978,-3.918145386509849,-3.9775318525247547,0.0010226274780877642,0.4716606612624063,53.61379694880726,44.27909841111377,61.44540062417477,4.456850040131781
B0032,2,1,43.0,1572.359,1.7048641073512139,0.8524320536756069,Healthy,3.31356881404843,2.62709691854036,4.087016142066692,0.20452766863624255,-3.895034492956119,-3.994111633376854,-0.00023507909736742707,0.6062495623875361,52.14812251926887,43.25683175903665,59.47600707924567,4.149810269578739
B0032,4,2,43.0,1723.281,1.8940319526948572,0.9470159763474286,Healthy,3.360932103985418,2.6672646952717707,4.187844886919987,0.22169521731322211,-3.9466385151298375,-3.993584927278223,0.0015127124644952277,0.4138555899936466,53.49862731805315,44.37911850231533,60.121290886265,3.9556294142601036
B0032,6,3,43.0,1705.906,1.8747686491853095,0.9373843245926547,Healthy,3.362818742242725,2.653980741191812,4.187701456265651,0.2244601061857667,-3.9459503925460986,-3.994420868734206,0.0012837813797894058,0.4170285831915816,53.56355547229223,44.42491231836779,60.28987126771494,3.998326922288966
B0032,8,4,43.0,1697.688,1.8654947184112376,0.9327473592056188,Healthy,3.3620666570592657,2.614778884516638,4.187956631748198,0.22782841501899884,-3.945374357087773,-3.992737735565066,0.0017161804656120666,0.4193285186350442,53.636497641934646,44.42345633074317,60.570618627724706,4.058052066484388
B0032,10,5,43.0,1686.094,1.8527398169018068,0.9263699084509034,Healthy,3.362352506750974,2.611753951946988,4.187837270519941,0.22830155899768806,-3.9451013111259323,-3.9948661162805594,0.00040717823626788244,0.42177585735885026,53.66821955000141,44.41711926456754,60.444872622429784,4.070546872621435
B0032,14,6,43.0,1678.563,1.844174397003866,0.922087198501933,Healthy,3.3539141264171213,2.6899647104301128,4.176580463554566,0.22378066726755516,-3.9441329415172497,-3.9943122416105044,0.001708441430192,0.4241674436388373,53.78514931831166,44.37941292443623,60.80514996345169,4.141305888228838
B0032,16,7,43.0,1677.469,1.8430238477512753,0.9215119238756376,Healthy,3.359881578137895,2.6352220172441965,4.187717629562103,0.22853511348026836,-3.944073053011351,-3.994189778619774,0.0009693359917359237,0.42521020330651255,53.80370465565283,44.42226254081613,60.791314861400984,4.1235421161859485
B0032,18,8,43.0,1666.093,1.8302818174911863,0.9151409087455932,Healthy,3.358862190732693,2.616116680441599,4.1875582845369195,0.229729401496559,-3.943421894744355,-3.992661318532081,0.0012858070277202214,0.42769998890023836,53.860865202701575,44.39808687756001,60.824534439051064,4.172830103671871
B0032,20,9,43.0,1654.328,1.8173838456081814,0.9086919228040907,Healthy,3.3601097902247443,2.6377575512804055,4.1878149871796655,0.228214349516288,-3.9431707154426756,-3.9925014219671766,-0.0031257014604457478,0.4298702526473072,53.86937461780675,44.397132148523106,60.93844327722512,4.179658209186296
B0032,22,10,43.0,1643.812,1.8057992981104682,0.9028996490552341,Healthy,3.3601434422461938,2.6425811435343314,4.1878814798124315,0.22814223515820833,-3.9427909793014866,-3.994253875500499,0.0013400939842073787,0.43262966690585064,53.919241142689074,44.42440180577051,61.056928797496845,4.202638094863233
B0032,26,11,43.0,1652.266,1.8149829605049186,0.9074914802524593,Healthy,3.355149818972587,2.6868552360676885,4.180429711622443,0.225200327440381,-3.942681377393959,-3.993279981032099,-0.0014889906843565941,0.4325705469344236,54.04736439027926,44.403748475386195,61.26264235870029,4.276230082557914
B0032,28,12,43.0,1648.672,1.7995150369321797,0.8997575184660899,Healthy,3.3593418283288132,2.6740516269543457,4.187435297570574,0.22621676661376758,-3.9184845032163933,-3.9928213513263473,0.0016267295925668302,0.5298323872670793,54.07432799473692,44.39805639027924,61.309095933731044,4.283279898349425
B0032,30,13,43.0,1636.969,1.7866516942518147,0.8933258471259073,Healthy,3.358629751735543,2.6712280977184064,4.187467933100937,0.22626930109723967,-3.9177419538846427,-3.9936307443005115,0.0038627008274447795,0.533363258415452,54.13198237630402,44.423423394108156,61.35860964032413,4.30877843722013
B0032,32,14,43.0,1625.187,1.7735550719416031,0.8867775359708016,Healthy,3.3590704748251823,2.6834486699239664,4.187491241001438,0.225891004772022,-3.916992039332035,-3.9933041077525164,0.0030013386583011147,0.5363545753412592,54.1706485784692,44.405296432368274,61.482188769123354,4.343798786964841
B0032,34,15,43.0,1622.016,1.769995333364443,0.8849976666822215,Healthy,3.3579238322389635,2.670098200587867,4.1874322769983605,0.22694144471512198,-3.9165301686540293,-3.9940797199332114,0.0014240302884510813,0.5379819477479437,54.230275057026425,44.433840746655626,61.558060893098116,4.368203139516428
B0032,38,16,43.0,1638.422,1.799526080374287,0.8997630401871435,Healthy,3.346388148340216,2.6512994484308834,4.174276691190384,0.2284622597202136,-3.941133829882486,-3.9939678062045267,0.00211788380601706,0.43939862403698127,54.344649105313806,44.39020318316664,61.75555924618304,4.419028878739511
B0032,40,17,43.0,1646.438,1.7968530684449833,0.8984265342224916,Healthy,3.3534652549262995,2.6257034386294866,4.186860433427951,0.23108116515835692,-3.9168961856121998,-3.994597299462833,0.00171086722647622,0.5363401354622882,54.34024033975075,44.38622768250236,61.788148736083365,4.399576875277683
B0032,42,18,43.0,1634.765,1.7838265504081745,0.8919132752040873,Healthy,3.3539379658636705,2.6363985091733704,4.187242083144707,0.22973665731317067,-3.9161279657117896,-3.99403993642454,0.0001165466879612154,0.5394439599218488,54.383818324015124,44.4051269140013,62.026796878552666,4.437399140874226
B0032,44,19,43.0,1622.016,1.7696444491040102,0.8848222245520051,Healthy,3.352033498067153,2.6091385279000474,4.187348698823322,0.232671166462101,-3.9150746408037618,-3.996695123471853,0.001878510603219966,0.5428785299577575,54.44223460892958,44.42169542184864,62.05922080379437,4.473173426445594
B0032,46,20,43.0,1616.25,1.7512940457049684,0.8756470228524842,Healthy,3.356088193037498,2.6928273258727593,4.187458308694366,0.22555180494751262,-3.8893700702054987,-3.996085886074777,0.0009533628343327387,0.626553438030082,54.47793957059441,44.414900411879636,61.81678431928173,4.48945628227521
B0032,50,21,43.0,1622.218,1.7697554297961993,0.8848777148980996,Healthy,3.3485978246821815,2.6580053475407666,4.18032452902128,0.2289008129164992,-3.914545791564823,-3.9941183811183705,0.002640804918085652,0.5446731369929253,54.522884319691855,44.37973715309972,62.13034562682843,4.529287532828512
B0032,52,22,43.0,1619.656,1.7547726933914918,0.8773863466957459,Healthy,3.350888760453381,2.622656733898926,4.187278944270903,0.23149812931054553,-3.88872960338246,-3.99420296582248,0.00027940867379329083,0.6284546357773587,54.63737439274004,44.435051057028076,62.20855323363066,4.553502479377023
B0032,54,23,43.0,1605.484,1.7389166355812984,0.8694583177906492,Healthy,3.351949039148667,2.6579673401898325,4.186871482774904,0.22905522079179735,-3.887437874711392,-3.9942076761239322,-0.0006333733548199719,0.6323585344261966,54.626766126568995,44.45074387838419,62.27936068413306,4.558791966111052
B0032,56,24,43.0,1600.75,1.7337200518764075,0.8668600259382038,Healthy,3.349297591300232,2.62449780009349,4.187368946542894,0.23164163609116734,-3.8867994146602536,-3.9938232398252884,-0.0020744273359697553,0.634185003524004,54.64310926864166,44.4475889304923,62.40536913200032,4.571540971860239
B0032,58,25,43.0,1595.0,1.7150972597500092,0.8575486298750046,Healthy,3.351231111091802,2.6693549937573904,4.187171328295389,0.22838174102756265,-3.8600791350059627,-3.9947546221632204,0.0012452126846412897,0.7092989864835462,54.70581681215588,44.4423253200928,62.216007793788314,4.622676531864626
B0032,62,26,43.0,1612.422,1.7462926148815636,0.8731463074407818,Healthy,3.3435018088780115,2.6245992054256915,4.179483481777926,0.23188011263330344,-3.8867131837578937,-3.9935521542972516,0.0008661686052773623,0.6343682245846062,54.73634803491553,44.41306950471116,62.6157960112704,4.633316986079548
B0032,64,27,43.0,1598.969,1.719149261914565,0.8595746309572825,Healthy,3.3521161040604457,2.6829848740711117,4.187057003834118,0.22819550552496431,-3.859329219112499,-3.9950865002613853,0.0017493587339206494,0.7114746219330226,54.729006905014316,44.42726286487183,62.26360588854172,4.6295042228520575
B0032,66,28,43.0,1592.187,1.711582246191498,0.855791123095749,Healthy,3.3500497479561155,2.6671246169170018,4.186996418231206,0.22906533166296844,-3.858428126429743,-3.9949368262887304,0.0029029926987244646,0.7139705872476034,54.73589338579687,44.42740030389657,62.42580063958537,4.6383415823846095
B0032,68,29,43.0,1577.484,1.6951051195225901,0.8475525597612951,Healthy,3.346822633241171,2.6334454972272856,4.1871621368173555,0.2331580798393388,-3.8566873181204584,-3.9949029619473433,0.0030505218567754874,0.718480479454483,54.73540508711326,44.40480279768343,62.5594040849182,4.669406247322092
B0032,70,30,43.0,1571.547,1.7005124371100973,0.8502562185550486,Healthy,3.3445668126766406,2.6133538721871226,4.187124475593186,0.23431776193396303,-3.8827695760741974,-3.99441842582716,-0.000644345960708234,0.6467176108875095,54.74865999209295,44.39853762644303,62.582629376324434,4.688466064453156
B0032,74,31,43.0,1578.484,1.7080989351250158,0.8540494675625079,Healthy,3.3426166901503263,2.647938106735209,4.181856074494181,0.23099358422181585,-3.882600911283088,-3.9933943376990633,0.0024583516966073405,0.6468797246835731,54.78747299373422,44.35319619672111,62.57090441669303,4.707338660566392
B0032,76,32,43.0,1574.469,1.691435430587127,0.8457177152935635,Healthy,3.34732439121854,2.6715941703662405,4.18690867607217,0.22967244467405912,-3.854937565206465,-3.9945059330621557,0.0009777946664947625,0.7231480544354428,54.781382520592445,44.39241607753322,62.42898686923908,4.684345274435013
B0032,78,33,43.0,1568.281,1.6844494328889932,0.8422247164444966,Healthy,3.3453547357724522,2.6462614968063676,4.186886051758731,0.23197903726383598,-3.854046236326502,-3.9949900066471686,0.0008586417537280709,0.7254389116373965,54.78435229628446,44.38940961934091,62.43152363917722,4.703905916052175
B0032,80,34,43.0,1561.422,1.664037581688075,0.8320187908440375,Healthy,3.346646262078225,2.6718636231921065,4.186961283097403,0.23096871860777882,-3.825515955469031,-3.9944555852207273,0.0008078766421049594,0.7944512375056753,54.845012944023324,44.40456977005993,62.5729328576623,4.744943963006639
B0032,82,35,43.0,1554.234,1.6686372014231974,0.8343186007115987,Healthy,3.3430379418002483,2.6372752376377897,4.186797536056034,0.2335366121513391,-3.852185223644289,-3.994950149647624,0.0003270290264657244,0.7300350859643504,54.84412055277582,44.41077624094624,62.57967644827836,4.742840893719729
B0032,86,36,43.0,1573.734,1.6899344075625968,0.8449672037812984,Healthy,3.3373798184076704,2.6027515790201994,4.180871809929545,0.2357792705220493,-3.8529024760904154,-3.9939090960595336,-0.0004538951829893893,0.7278052282550442,54.916794359881244,44.34599596279828,62.96996562520999,4.797613602886494
B0032,88,37,43.0,1566.578,1.669431712846442,0.834715856423221,Healthy,3.3435347690202875,2.6344496446331838,4.186876840985748,0.23406084003525413,-3.8243694013351117,-3.9956769444125584,0.0031454037894103255,0.7974438290573665,54.90429470994109,44.40208052480985,62.75574288944966,4.779661433479578
B0032,90,38,43.0,1550.047,1.6634226761839213,0.8317113380919606,Healthy,3.3406975425250534,2.612265282912701,4.1866310585931235,0.2361649936221938,-3.850082677405248,-3.995326411032614,-0.0010781432331686787,0.7351225864072244,54.85304065526831,44.38078135255614,62.70443033939053,4.777250475247536
B0032,92,39,43.0,1543.64,1.6436152195947373,0.8218076097973687,Healthy,3.3456376475453258,2.6874948249577777,4.1868719484291095,0.23126533318033354,-3.820950546148158,-3.9933417260498723,0.0005040802090653307,0.8053590073670002,54.870101858468004,44.42484682444376,62.46020747529598,4.776480548489035
B0032,94,40,43.0,1536.781,1.6358000873538245,0.8179000436769123,Healthy,3.33983349960651,2.6076358711453813,4.186758471539941,0.23817340568158477,-3.8197049752589796,-3.992853792791997,0.0011578976243076559,0.8080110047762605,54.9152115205818,44.41205349181541,62.789754357166764,4.807424602637066
B0033,1,1,24.0,1819.406,0.06842572240601812,0.03421286120300906,End_of_Life,3.3726641134399764,1.9848598462488805,3.6772190710694983,0.3055422614147209,-0.4032887109837347,-4.027448488189357,0.003180472315653078,1.204626391256962,29.26541655615828,23.709046954662966,34.973341925251844,2.205172099574216
B0033,5,2,24.0,3260.531,0.6895699007862814,0.3447849503931407,End_of_Life,3.717995304466161,1.9816234331870684,4.191105953862248,0.35099880316465176,-0.8109495942196226,-4.027610772655682,0.0012239145172062258,1.6120584617830287,32.82332257180906,25.173023588997943,47.876225604831575,5.196564733090272
B0033,7,3,24.0,3265.75,1.1610848192311252,0.5805424096155626,End_of_Life,3.524738825009034,1.287217552704193,4.19762922160552,0.384754284553718,-1.3467063374074053,-4.028150816942063,0.0013754928034409725,1.8948573652151448,35.79329539654299,24.982438023452065,53.521374145800095,7.067097544056373
B0033,9,4,24.0,3264.109,1.2529393053824995,0.6264696526912498,End_of_Life,3.489168398195939,1.92499373482904,4.199816411135521,0.3812725175512178,-1.4664895935962654,-4.027874138842302,0.005999157112787059,1.9353505974148166,36.38266836733648,24.55968114896303,53.59969491765948,7.483597162972967
B0033,11,5,24.0,3253.531,1.302918002447558,0.651459001223779,End_of_Life,3.4703882503796533,1.9480187400221975,4.2005663942344365,0.3838108543665505,-1.5284631729967968,-4.033138447887385,0.003173522307824234,1.951967982452144,36.45901475182768,24.346865543240558,53.81770081109488,7.736433672137404
B0033,13,6,24.0,3242.578,1.3218773211472525,0.6609386605736263,End_of_Life,3.453967625388434,1.891347070952385,4.200743805234223,0.3902042145894823,-1.5665630077013475,-4.028549406404835,0.0011907176612640303,1.9606983208115847,36.279780573622936,23.833054464449923,53.57104302015468,7.776750327270139
B0033,17,7,24.0,3234.625,1.2884694418301417,0.6442347209150708,End_of_Life,3.4578247593455274,1.1932458808760276,4.197576934147749,0.40840579135978244,-1.5273103379999617,-4.029060240993913,0.0012234808875597027,1.9491919581733432,36.16552578493363,23.849523839998607,54.60856796915766,7.9569082177083015
B0033,19,8,24.0,3235.36,1.713169326386719,0.8565846631933595,Healthy,3.209334990541558,1.9170515174362301,4.20050246544483,0.3341320666254831,-2.081391887401403,-4.028435536553458,0.0002512950478151137,2.0102492255260676,39.93652051985124,23.811627133806077,54.191463730088664,8.456901009632583
B0033,21,9,24.0,3236.125,1.6560966776720512,0.8280483388360256,Healthy,3.2871463464425337,1.9084502918482382,4.199260915072752,0.34149551344742857,-2.031933664083695,-4.027703797647405,0.0025156394444598175,2.0112237452464536,38.25328053802186,23.834882721167357,52.934331210631875,7.651814386307562
B0033,23,10,24.0,3230.25,1.6197297341990775,0.8098648670995388,Healthy,3.3197461384202485,1.9529802665635712,4.200453230054564,0.34663808114741457,-2.007342900413476,-4.029010576937479,0.001943913403446106,2.0115420281678276,37.62899446299115,23.790077881473504,52.5032036116964,7.429623542388801
B0033,25,11,24.0,3226.078,1.604655812282729,0.8023279061413645,Healthy,3.3333097880411087,1.9889951350881314,4.200671023041403,0.3478080410924156,-1.9948389441406584,-4.029371158559712,0.0007927284230400828,2.0117119906072323,37.32713409422702,23.77022071547008,52.17652816361563,7.3805797728836176
B0033,29,12,24.0,3224.5,1.6255699769029337,0.8127849884514668,Healthy,3.335992217657965,1.9634548720089502,4.19613941105053,0.3426073978055048,-1.994851949410258,-4.028926555600406,0.0008138436718322889,2.0114957364033095,37.40237649452651,23.90835353077424,52.04937847239831,7.252871409423051
B0033,31,13,24.0,3222.188,1.5900967306245992,0.7950483653122996,Warning,3.3499333575510475,1.9596564991730565,4.200736119460894,0.34780069944158554,-1.9821032756925434,-4.030095334789055,0.0047879231111514365,2.011431126121996,36.995742754141574,24.159049068640833,51.73549267436528,7.126041523534313
B0033,33,14,24.0,3216.546000000002,1.5739402299623984,0.7869701149811992,Warning,3.352100511151755,1.9224375381620544,4.199983318886737,0.3516970721237098,-1.9816298756157713,-4.029301699475618,0.0008137321239976772,2.011155030549314,36.85780455256667,24.253747041388166,51.66117418178819,7.079746952539795
B0033,35,15,24.0,3211.859,1.5711303351557309,0.7855651675778654,Warning,3.364435103530164,1.9701535031712945,4.198997952942716,0.34694508137597885,-1.9691328896327156,-4.028374929061863,0.0004291964092569833,2.0111614455886273,36.6450177655176,24.469001088502946,51.20270858784091,6.953439509963802
B0033,37,16,24.0,3215.859,1.5897706153457416,0.7948853076728708,Warning,3.3619403221625435,1.9056198246248632,4.200390681379551,0.34316373354644664,-1.9747683237565228,-4.028389076445655,0.017416510273001708,2.011080608505853,37.06472736671567,24.569584126877498,51.54633126076106,6.904048544413017
B0033,41,17,24.0,3225.125,1.6257378771074,0.8128689385537,Healthy,3.3654741602580085,1.9194841380159542,4.19244756297013,0.32850784942823263,-1.9682317715937605,-4.028586118410664,0.00036249119026178945,2.0109622088017285,37.66051476409482,25.655407440527878,51.68734548388082,6.703426992104098
B0033,43,18,24.0,3234.343,1.6523506333962537,0.8261753166981268,Healthy,3.3663272801721305,1.8976584375642789,4.2017771251555125,0.31942547595566806,-1.9814766540711188,-4.028842731009181,0.0011298889882579554,2.011347357930839,38.32310986221148,26.351491764299766,51.806645557310055,6.596737901922363
B0033,45,19,24.0,3218.25,1.6143816761595386,0.8071908380797693,Healthy,3.377217174172977,1.9491950772703672,4.201164004146235,0.33094490947005756,-1.9615148467447636,-4.030100031226656,0.00784864250788584,2.011190054730705,37.01126182016034,25.32531937014495,51.013524625767204,6.689554464443418
B0033,47,20,24.0,3203.5,1.58697453394504,0.79348726697252,Warning,3.380792043459977,1.984512151427813,4.201517882926393,0.3360193218472848,-1.9543536128625176,-4.029009682675262,0.0007141636301609649,2.0109298350817655,36.45751890099188,24.48952813086066,50.612625791907234,6.758927997427444
B0033,49,21,24.0,3194.39,1.5818355572787333,0.7909177786393666,Warning,3.379892729676732,1.9563552671465751,4.20178668140198,0.33908855386984316,-1.9543735971035472,-4.029820948579601,-0.0002999730234341766,2.010633726350987,36.245832392874156,24.192526340264504,50.476231965221594,6.7726354910208935
B0033,53,22,24.0,3225.219,1.6919769406371152,0.8459884703185576,Healthy,3.3335163148815434,1.9541530671990093,4.1779630595627175,0.2897886349411339,-2.008024980015611,-4.029429516237868,-9.800144433961224e-05,2.011456314962217,38.88044910257506,25.94382700697729,52.80944186421341,6.910440842601646
B0033,57,23,24.0,3252.985,1.6879483800354476,0.8439741900177238,Healthy,3.35231211831231,1.9044972660711088,4.196973763278454,0.30779944970909595,-1.9876053283446151,-4.029363256265371,0.005218954560454124,2.0109915315412383,37.68662439550755,24.902870283744065,52.001298745862094,7.109031554643447
B0033,59,24,24.0,3245.25,1.6586223007531458,0.8293111503765729,Healthy,3.359089419531549,1.8748346357265961,4.200398891523595,0.320540843658043,-1.9736296482799287,-4.030201623675916,0.005553090986286007,2.0108090054956556,37.02885798715912,24.092897160454218,51.65598739515965,7.199174401352082
B0033,61,25,24.0,3235.031,1.6420179032789863,0.8210089516394932,Healthy,3.3667293867076395,1.897981208291145,4.200117032191553,0.3235977669998556,-1.9603089116784294,-4.030021583929906,0.007265280166586811,2.0104377488427763,36.84829116229335,23.94183770011008,51.50939532095622,7.212985287826509
B0033,63,26,24.0,3228.141,1.6381810791118743,0.8190905395559371,Healthy,3.376711639438572,1.991339490634848,4.199696801054791,0.32134483903081673,-1.946637400827973,-4.029862208715491,0.016500338698040882,2.0108038824433687,36.78338270641005,23.964709389367574,51.25839715822789,7.168925080568912
B0033,65,27,24.0,3217.875,1.6422892507912386,0.8211446253956193,Healthy,3.367781888938211,1.8710207024150525,4.199468615978848,0.3264143135470195,-1.959191352221616,-4.029053434590447,0.00276585452568468,2.0101115902937323,37.1454352740502,24.167613125666932,51.77188968997154,7.182012780770648
B0033,69,28,24.0,3220.219,1.651270876264092,0.825635438132046,Healthy,3.372839244866595,1.9449657495126544,4.1967559287812986,0.31834522823370337,-1.9525734623288529,-4.03323407643102,0.005023227506817284,2.010561686256954,37.43950673452506,24.662973384656638,51.73759469619592,7.11533778373063
B0033,71,29,24.0,3210.234,1.6326559297917211,0.8163279648958606,Healthy,3.374002354868022,1.907571146047148,4.199575185389948,0.3235605066756574,-1.9519388696631121,-4.029609473738784,0.004855381962412541,2.0102502479284943,37.21232307005263,24.504187968208015,51.61243426951156,7.123589033601559
B0033,73,30,24.0,3210.546,1.6260888111680731,0.8130444055840366,Healthy,3.372312698394194,1.853794752061886,4.199545032445997,0.3329222793669897,-1.944321269342409,-4.029153463598805,0.003091520377884157,2.0095184165156508,36.823942592131566,24.00539966396368,51.546238399221565,7.225124048596667
B0033,75,31,24.0,3200.969,1.6079292963823688,0.8039646481911844,Healthy,3.3827767161652114,1.9738070273097836,4.199505571389485,0.3295560795897958,-1.9306892906025632,-4.029585877984303,0.0020661891649316304,2.0097768072587523,36.46405070511895,23.64186235900653,51.03143629880169,7.186584738381572
B0033,77,32,24.0,3188.625,1.6125361114907395,0.8062680557453697,Healthy,3.375532247108578,1.8729343749213587,4.199241343123339,0.33422212401777157,-1.9434335891264498,-4.029845065383976,0.002357497667880069,2.009499382161268,36.76266900330653,23.79581768454326,51.41437811978397,7.201760013680705
B0033,81,33,24.0,3191.735,1.6218384168987892,0.8109192084493946,Healthy,3.3809635204151607,1.9731628226811078,4.196166399561636,0.32509532609797315,-1.9370016811131343,-4.03055037109141,-1.777228155773812e-05,2.010016760085563,37.105629207043215,24.275077073346086,51.44638168113912,7.130250243756465
B0033,83,34,24.0,3190.313,1.6145443029101134,0.8072721514550567,Healthy,3.3849609857132434,1.9801558945564506,4.199389890561037,0.3270482339496878,-1.9294565493698395,-4.028904787104472,0.00830975941903553,2.009712993183015,36.92446822577901,24.229252988895677,51.30248392082844,7.129951084617136
B0033,85,35,24.0,3182.156,1.5953958917107596,0.7976979458553798,Warning,3.3815674619499325,1.8983018980313588,4.199342510279409,0.3360240169968807,-1.9282533581562031,-4.028816718572523,0.001554269889544501,2.008997803556455,36.60695698382364,23.762823270525672,51.29496206472584,7.2251428936537305
B0033,87,36,24.0,3180.156,1.5877243027113057,0.7938621513556529,Warning,3.3851857877548657,1.9438604398554957,4.199371542863236,0.33470680570149286,-1.9211152251549157,-4.028814615699915,0.001315143854414586,2.0091352439638697,36.55039143131212,23.69664102467678,51.186634675664926,7.210324006701291
B0033,89,37,24.0,3171.953,1.5811840578305605,0.7905920289152802,Warning,3.3864604240259375,1.9632916036547936,4.198739953896501,0.334836938664912,-1.9205487390114635,-4.0293423558858095,0.0025301006204114843,2.0092671756030134,36.5823314777477,23.752588955549978,51.182616761589756,7.20058609751951
B0033,93,38,24.0,3192.172,1.6128422608267754,0.8064211304133877,Healthy,3.38478424054856,1.9667908439255781,4.196658469661701,0.32266641965723,-1.928157401644312,-4.031050217020222,0.0024156823537104096,2.009529211217982,38.03675863150647,25.367856702975423,52.16803502599322,7.021462843193714
B0033,95,39,24.0,3194.735,1.61998606328022,0.80999303164011,Healthy,3.382889233805488,1.9197120509411163,4.199179844744276,0.3201914697871785,-1.9349668442210473,-4.030106767683525,0.0006400926876088788,2.0095649462288456,38.760697217070216,26.10767929324037,52.74767841756611,6.964036846850142
B0033,97,40,24.0,3178.75,1.6099381853611876,0.8049690926805938,Healthy,3.3844125991586744,1.90479520665137,4.199367783528825,0.326291983423154,-1.9341884259387427,-4.030953176534828,0.0054549410937690165,2.0095252273234743,38.235160610115415,26.018215627550084,52.437956139686314,7.034886276474023
B0033,99,41,24.0,3165.359,1.5770977539565159,0.7885488769782579,Warning,3.3857968945581733,1.9002006601986492,4.199251268298133,0.33724999318883603,-1.9188525560254726,-4.031039705836091,0.0019693936084294195,2.0088081010175816,37.20770413073148,24.499091356728492,51.81197793605918,7.185554853388708
B0033,101,42,24.0,3155.25,1.5708599066554392,0.7854299533277196,Warning,3.3829095031701564,1.8511721039377573,4.199383120313636,0.344684489147871,-1.9177244980858124,-4.029997935260405,0.0026026251110056174,2.0083863792337904,36.9160184906247,23.997221430790674,51.73653410504897,7.259034523622445
B0033,105,43,24.0,3173.766,1.6261581345348248,0.8130790672674124,Healthy,3.3669463001908233,1.9532771236637267,4.1862894653699865,0.31910447458299196,-1.955575681668958,-4.029710862662991,0.0008207747777911208,2.010441386547205,38.272310782775065,25.33769164423877,52.54160752520686,7.068551267830959
B0033,109,44,24.0,3199.485,1.6348129972245726,0.8174064986122863,Healthy,3.3716190861386144,1.8536215036991406,4.19649142433425,0.32211098879072464,-1.9478198159800646,-4.0307758077283395,0.0015734936112625545,2.009791897006708,39.10342018909909,26.35335522097585,53.32326193954195,7.038281061822988
B0033,111,45,24.0,3196.015,1.6117053637342613,0.8058526818671307,Healthy,3.383250579221141,1.8889976705304934,4.1993042516227,0.32763411506108436,-1.9259112286553692,-4.031306085570448,0.0006231010202338925,2.009074910555213,38.33805950325132,25.872885571783414,52.66626648084271,7.076930025939361
B0033,113,46,24.0,3595.281,1.8851401699720662,0.9425700849860331,Healthy,3.3541040884435995,1.9693514891283213,4.297261420299437,0.2869451796671725,-2.003289552090588,-4.032672225135528,-0.0009158378024188325,2.01175614619158,40.78203629126505,27.54619924958732,55.391416850220025,7.323505136885448
B0033,117,47,24.0,3198.0,1.6584957887780232,0.8292478943890116,Healthy,3.363721350351351,1.9935504677327178,4.196439332501794,0.30880938794019075,-1.9793333607509414,-4.031780602841451,0.00033320145127354494,2.011161788779229,38.52395699562303,25.882186329625984,52.73529025292928,7.033273472708216
B0033,119,48,24.0,3183.516,1.62418934644937,0.812094673224685,Healthy,3.366918878823245,1.9102322543360104,4.198801406927717,0.32719045418056375,-1.9635759174250933,-4.030791007814564,-0.000753560863892919,2.010455878787367,37.84185542205372,24.91350298150035,52.530629852108135,7.172838417424294
B0033,121,49,24.0,3183.797,1.6041720988563641,0.8020860494281821,Healthy,3.376033697850269,1.9518631378335147,4.199283799066005,0.3302229667918912,-1.9412525646606564,-4.0310640182247095,0.0013937024175848071,2.010150142948797,37.464100471383695,24.557603485911184,52.2186933985822,7.215067700418389
B0033,123,50,24.0,3191.516,1.6080016740907346,0.8040008370453673,Healthy,3.3722882262741316,1.8963514295309498,4.198824744163288,0.3287261180171691,-1.9409306611824064,-4.03130596458528,0.0025228711514761124,2.009684359285018,38.110532137074216,24.97536739446595,52.72731536294026,7.163738722632164
B0033,125,51,24.0,3189.985,1.6256752138435595,0.8128376069217798,Healthy,3.371464716917886,1.8979233738345112,4.1991786619721845,0.32008527065009,-1.948285830860844,-4.03322808557455,0.0003608441658017704,2.010157728171684,39.04860411133125,26.217649548826355,53.20573413452146,7.019901864837076
B0033,129,52,24.0,3189.734,1.617632765910718,0.808816382955359,Healthy,3.3745591325938995,1.9266531976002355,4.196322805258936,0.32215737855672494,-1.9406336588697692,-4.031813043363584,0.014180589829354377,2.0099848665792774,38.882226863166906,26.456664936108442,53.164414772235126,7.0807416316951235
B0033,131,53,24.0,3176.016,1.5973191489094263,0.7986595744547131,Warning,3.3793714907223658,1.939997570224548,4.199012202779581,0.3306150721928648,-1.9251256018615566,-4.030821588081266,-0.00010853183838927168,2.009169217469493,38.10273900805949,25.30421479573262,52.600411784093296,7.1737581936429065
B0033,133,54,24.0,3171.36,1.5875852250170606,0.7937926125085303,Warning,3.3812950636091506,1.9585672641473335,4.198460705965928,0.3325688316297887,-1.9170834321948271,-4.032137075383287,0.017289236291238273,2.009184188872804,37.91537679971282,25.066835451881584,52.46865748904612,7.205181122624223
B0033,135,55,24.0,3170.843,1.5802530015403684,0.7901265007701842,Warning,3.382171233915879,1.9572832344435456,4.198803103697235,0.3349630592819254,-1.9091378265076395,-4.03124499599466,-0.0011548525975083356,2.008481675921408,37.92480929373238,24.923079918284653,52.40979732740365,7.128081415433812
B0033,137,56,24.0,3164.672,1.583036530487776,0.791518265243888,Warning,3.3795623822599756,1.916168037790613,4.198672374221831,0.3340852439135985,-1.9160969808869277,-4.031640962287776,-0.0014734947558618747,2.008711215530714,38.34698157796738,25.34147126319954,52.834042544635665,7.187883480889506
B0033,141,57,24.0,3177.453,1.6027138832797037,0.8013569416398518,Healthy,3.37961009118628,1.9463675093023414,4.195265814954276,0.3268325722899466,-1.9162480832673106,-4.031167247658788,0.0007354370554732212,2.0089147696601897,39.30988108210959,26.42711805216501,53.601451975349555,7.099851530434838
B0033,143,58,24.0,3172.375,1.5930709154513834,0.7965354577256917,Warning,3.384287544034087,1.9780549546482917,4.198697754700443,0.32831502401101625,-1.9085281127715084,-4.032439717618345,-0.0005055321995240153,2.008958415717278,38.964980792259276,26.565656255374613,53.25152711755672,7.132799483093677
B0033,145,59,24.0,3158.406,1.5448888685020246,0.7724444342510123,Warning,3.3822784871834886,1.905966283713238,4.198102779366344,0.34448948979597094,-1.8916136445674485,-4.032672607638048,-0.000271915848045076,2.0072045378673753,37.72135386687406,24.785095946349767,52.64070518740206,7.341474722308102
B0033,147,60,24.0,3141.578,1.5352188565640517,0.7676094282820258,Warning,3.3814602813053565,1.90750106961619,4.19847889707735,0.3486480205132388,-1.8905533567609432,-4.0312142392988,-0.00041562573050468656,2.007013540836827,37.45856152891539,24.360961192677404,52.51312011499367,7.394651509457532
B0033,149,61,24.0,3138.187,1.5252677314227332,0.7626338657113666,Warning,3.382560441964418,1.9292976600569,4.198444396938235,0.35053520132149685,-1.8823068188002856,-4.031802508115526,0.0006536849289642663,2.0066781673118554,37.2659552140469,24.127061124602072,52.3982280962388,7.438074818671881
B0033,153,62,24.0,3157.969,1.5559492005453626,0.7779746002726813,Warning,3.3801788533503028,1.8981581536679577,4.195342051626477,0.34277772524551814,-1.8905479396562952,-4.031765665107094,0.00029587786907101795,2.0069884305781356,38.74887799470947,25.446679804307124,53.455944890050766,7.30622179459818
B0033,155,63,24.0,3159.281,1.5648029438427147,0.7824014719213573,Warning,3.3800922874688264,1.8884361117708077,4.198552819065784,0.33677061921447415,-1.8980856969312407,-4.032044401412751,-0.00024824984298430354,2.0073764691977254,39.69321386954275,26.62675849083193,54.15574298880717,7.18977853527538
B0033,157,64,24.0,3150.375,1.5518620461881205,0.7759310230940603,Warning,3.382133740383054,1.8935389971250938,4.1984923238862795,0.34258071732782674,-1.8896314109891985,-4.031354508468829,-0.00019168184237226582,2.007050276908277,38.99544744527789,26.407185531575575,53.69393683990001,7.30364825711287
B0033,159,65,24.0,3134.078,1.5144550545105004,0.7572275272552502,Warning,3.3814913105388644,1.904031637069275,4.198232140934075,0.35335980692583197,-1.872743521398214,-4.032766166622568,-0.00096062682603525,2.0059621948466577,37.746988287643894,24.63935217013191,52.91956948214362,7.4743371501014115
B0033,161,66,24.0,3129.797,1.5051936202146428,0.7525968101073214,Warning,3.3819655060503893,1.9196175823544368,4.197903885845773,0.35571109053190786,-1.8642972903813007,-4.032211222443815,0.0004488591584670705,2.0054709284170915,37.50735630364932,24.286529106722867,52.77330169161603,7.524733901642435
B0033,165,67,24.0,3161.89,1.605823969917045,0.8029119849585225,Healthy,3.329913840594753,1.852348915398631,4.181130210987576,0.3259278216769786,-1.959422143897036,-4.031033663843277,0.0005118056247928042,2.009700678423093,38.883555668352116,24.926222629135967,53.75237854927132,7.432310211320745
B0033,169,68,24.0,3196.859,1.6249005195877049,0.8124502597938524,Healthy,3.3467196974403497,1.8154710749647818,4.195489950082467,0.32715465066239985,-1.9438219079216,-4.031389983040594,-0.0005481937157319876,2.0089925328410834,39.70651744278487,26.244952557136116,54.49882525049124,7.36430219706144
B0033,171,69,24.0,3171.906,1.589785130036615,0.7948925650183075,Warning,3.366597142576843,1.9709912361310515,4.197775741628386,0.3329872020332639,-1.9207619197190013,-4.0314763579809485,0.002231371215124044,2.0094410530181928,38.69688917568081,25.714927405533103,53.48032268666943,7.419425656907217
B0033,173,70,24.0,3160.8429999999935,1.5552386152299904,0.7776193076149952,Warning,3.3665010841717966,1.8937050882323652,4.197620289512095,0.34833543948228457,-1.9034234318764343,-4.030814834933042,0.0006893495495072592,2.007763934427152,37.93115370815918,24.531285612577616,53.19212326974819,7.581047717806543
B0033,175,71,24.0,3147.141,1.539756404636803,0.7698782023184015,Warning,3.3683893640779714,1.936708367530743,4.197694092086119,0.350875944360617,-1.8953087437661214,-4.0313511318221185,0.0012018815196050546,2.0077488023788734,37.670702628979534,24.13914126838614,52.91631108720558,7.627481250029385
B0033,177,72,24.0,3141.203,1.5293174002138357,0.7646587001069178,Warning,3.3686183095745217,1.898472277042985,4.1974767325796405,0.35669331452077874,-1.8860721599248624,-4.031138153963117,0.005724393173558308,2.007204347219486,37.48833504505954,23.863486640701478,52.95164787724483,7.65954007099954
B0033,181,73,24.0,3151.047,1.547680553576876,0.773840276788438,Warning,3.3619229093944987,1.8471266740226868,4.196099622186929,0.3503488989758421,-1.9022031487355253,-4.0316229913950306,-0.00031171378749907005,2.0071622688924706,39.01194436489727,25.1970904818351,54.15703950174405,7.566716958378647
B0033,183,74,24.0,3159.172,1.5659920939439786,0.7829960469719893,Warning,3.362373596039391,1.8671703949444942,4.196552042597536,0.34275670121330537,-1.902560854268258,-4.0315013305919996,0.001151032383683202,2.0077333326359894,39.95408175672587,26.400937793835165,54.90254753232506,7.488263431059493
B0033,185,75,24.0,3141.047,1.5416252851780505,0.7708126425890253,Warning,3.368466070250841,1.9378745892006957,4.197202431807518,0.3512531359107207,-1.8857964938998257,-4.031293666591443,0.0038625310544471688,2.0071048477536606,38.629206981182826,25.257433005197253,53.80008363828377,7.620423270466762
B0033,187,76,24.0,3135.0310000000027,1.517590655990168,0.758795327995084,Warning,3.36347185491077,1.8429746742692776,4.197066813581793,0.36393837904828386,-1.8764237604426466,-4.031684082152135,0.001569384056081329,2.0056110052244547,37.93003488357471,24.144932499594788,53.54505652293522,7.776892574040141
B0033,189,77,24.0,3117.984,1.5075202042593092,0.7537601021296546,Warning,3.363235953553388,1.8767034375876257,4.196924945892409,0.365723618858262,-1.8755057458521922,-4.03165132325304,0.0008096114927767332,2.005922607983801,37.62158369702063,23.791217824179263,53.29577183051126,7.822648924892801
B0033,193,78,24.0,3125.328,1.49549282626034,0.74774641313017,Warning,3.3583847581016526,1.823408615215652,4.196262893825219,0.3718556959697032,-1.8746252042601181,-4.030947549189872,0.0005724594774865621,2.0053860979930325,37.78621151878811,23.536626949694146,53.690652187482364,7.91994720165818
B0033,195,79,24.0,3120.172,1.4997618811573148,0.7498809405786574,Warning,3.3645795285682984,1.914352330463475,4.196791007353091,0.36499575852560945,-1.866968412651517,-4.031045921440598,-0.00046971735595735325,2.0056014996387015,37.780545613375104,23.87189419612585,53.4617189956508,7.8328027825303765
B0033,197,80,24.0,3116.641,1.4906966807803954,0.7453483403901977,Warning,3.3647328172276567,1.9242052922698998,4.196494518150467,0.36791474971411586,-1.8579558703430965,-4.0311405953415935,0.0008850063194717904,2.0049081586915296,37.48831223397221,23.481284826054356,53.31089209854774,7.8806383797039885
B0033,199,81,24.0,3110.844,1.4800999425051866,0.7400499712525933,Warning,3.360281651978189,1.846946703906843,4.196813869211146,0.3714051933667629,-1.8652023718774091,-4.030716749693109,-0.0015689695942950562,2.0047817832298644,37.84650784146758,23.73608069361077,53.6277468644108,7.909248479362728
B0033,201,82,24.0,3101.406,1.4676091496100632,0.7338045748050316,Warning,3.3661837656093314,1.912127707319289,4.196812382131576,0.369239169670545,-1.856568813720333,-4.031853159151112,-0.0008867294806587231,2.004924693025354,37.50067380952265,23.57527253501497,53.311289666668536,7.853390223273005
B0033,205,83,24.0,3099.563,1.4729818491920503,0.7364909245960252,Warning,3.369029139242048,1.9981993087869525,4.194034862013672,0.3673740481850252,-1.8482708540348456,-4.0314744132737514,0.0005495929226884419,2.004556177360747,37.46771056598812,23.46174852080792,53.24781973161767,7.870814879157555
B0033,207,84,24.0,3104.64,1.4742872137206404,0.7371436068603202,Warning,3.3652385724141607,1.9676969517090999,4.196764423571106,0.369680551363505,-1.847975231148244,-4.031012283747264,-0.0016654640871866945,2.00435909052933,37.59818541161091,23.510058260020934,53.32567282742489,7.910720175696273
B0033,209,85,24.0,3099.875,1.4635162808346138,0.7317581404173069,Warning,3.3618926452165643,1.8011165493797345,4.196547768827336,0.37740585639799473,-1.8544013778989676,-4.031507871009939,-0.00043566045529616366,2.003781090600978,37.701434924362204,23.73503859952804,53.67135316275077,7.898665980405901
B0033,211,86,24.0,3093.25,1.4527095680488362,0.7263547840244181,Warning,3.363675541904795,1.935722285136851,4.196047705028354,0.37299549024538353,-1.8463602302715172,-4.03073010593017,0.0007604582300614609,2.0040724318764727,37.53461374251148,23.40402295850063,53.425915759836265,7.93008036735731
B0033,213,87,24.0,3086.688,1.4557303847230247,0.7278651923615124,Warning,3.359060505999303,1.8530896744385115,4.196278080515848,0.3772483897081041,-1.8534144162144512,-4.030697157978195,0.0002271681944951975,2.004061139503259,37.84394106488913,23.62740092704637,53.80241246385534,7.998828356961348
B0033,217,88,24.0,3094.281,1.459740099618568,0.729870049809284,Warning,3.3651551542737717,1.9965159983729222,4.195876729666962,0.3729695789520775,-1.8376882337108682,-4.030516737306949,6.524393134280241e-06,2.0036458906804833,37.62240216799661,23.353909997972217,53.538703332548565,7.9806916205222285
B0033,219,89,24.0,3088.328,1.448711504158192,0.724355752079096,Warning,3.3585848303538435,1.817348554391127,4.195934498287595,0.38103222959163685,-1.8440924557115652,-4.030351819973078,0.0005780717767777655,2.0027890146942835,37.85402355267617,23.538357384212055,53.85443523479271,7.979391096412967
B0033,221,90,24.0,3095.687,1.4666759762884336,0.7333379881442168,Warning,3.35905242705326,1.8401196811491933,4.196120687135332,0.37704082003448447,-1.8441168780731472,-4.030995659242972,0.0006474106867621329,2.0032535520824024,38.470904652851125,24.098338542134762,54.312710923117564,7.9437671682646815
B0033,223,91,24.0,3102.062,1.4689502109504418,0.7344751054752209,Warning,3.362682403709533,1.8717606752777658,4.195965348408379,0.3715144653138549,-1.8444990382739714,-4.031351805704019,0.0009585026284419133,2.0034245030842124,39.05355467673962,24.889239990462933,54.717249684368554,7.844587682743447
B0033,225,92,24.0,3107.141,1.471116588522042,0.735558294261021,Warning,3.3650098815184712,1.9004154638642285,4.196021550334557,0.3673486781298291,-1.8447179134276697,-4.033249507760725,-0.0002773212379416356,2.0037870540983755,39.44221992740732,25.760468373583926,55.03279239327084,7.871823507456053
B0033,229,93,24.0,3090.719,1.4473012364654927,0.7236506182327463,Warning,3.3557747858772635,1.7953236556353753,4.19600538145272,0.3852001543830487,-1.842164817595224,-4.030676382405292,-0.0003757893119659039,2.0026031899148418,38.22999069332894,23.839840978745034,54.39303449657184,8.098645814983183
B0033,231,94,24.0,3069.812,1.4205315547561643,0.7102657773780822,Warning,3.3539193468726696,1.7802670666869505,4.195641283102845,0.3894644921960091,-1.8405597937226963,-4.0313459795279805,0.0011390059731761835,2.002408726418944,37.758104647901995,23.311906261783754,54.05963088053671,8.140815503172398
B0033,233,95,24.0,3064.437,1.4241466094817417,0.7120733047408708,Warning,3.3605316490849235,1.921681538108464,4.200886512488945,0.3830845622863062,-1.8322958668074303,-4.030606905484439,0.0006788417969062631,2.00279631730945,37.428049618035296,22.959689226191127,53.59788130809244,8.113453560638643
B0033,235,96,24.0,3083.25,1.4412820083364295,0.7206410041682147,Warning,3.3547493929832592,1.7788153560287199,4.201002724229119,0.3856268907367188,-1.8406157622829122,-4.03028398584487,-0.00030955470158761686,2.0022246082822415,38.5029228575476,23.727399195198654,54.608136974659445,8.061031578861687
B0033,237,97,24.0,3076.484,1.4448965388921615,0.7224482694460808,Warning,3.3635996156389574,1.9534408897799111,4.195465495994929,0.3738756498532184,-1.8326291343034717,-4.0314946704187635,0.0037097669022184755,2.0031056773858547,38.83348222581879,24.365750283300006,54.5574027155619,7.89074590861729
B0033,241,98,24.0,3081.297,1.4540256354795746,0.7270128177397873,Warning,3.3569917985687048,1.8222744588584345,4.193707044291354,0.3812084332514825,-1.8392992395990233,-4.031940850232371,0.0001689831792566717,2.0026775268296646,39.052180409304285,24.816618308100914,54.99418815591436,8.03433277720427
B0033,243,99,24.0,3065.953,1.4226030447542912,0.7113015223771456,Warning,3.356737655890981,1.8129227899512983,4.195380315548316,0.38679745012207933,-1.8297056790119524,-4.0307098776684045,-0.001894919900349489,2.0016163004546823,38.021927947894824,23.75195107892012,54.16320225337546,8.081541564489562
B0033,245,100,24.0,3055.828,1.410196954589097,0.7050984772945486,Warning,3.3595402684946825,1.9001242255219513,4.195068887696935,0.3851969296789594,-1.820934982680164,-4.030808108637904,3.304886982542884e-05,2.0015267137277344,37.73309166360951,23.28809737074453,53.87733726225828,8.082913609717249
B0033,247,101,24.0,3051.468,1.4144881298999457,0.7072440649499728,Warning,3.3577795891012125,1.8618268075580215,4.200794831783912,0.3865805426841337,-1.8285914763057718,-4.031586804182261,-0.000513848429161021,2.0018328351660446,37.88253804875795,23.291842691910556,54.005408924827464,8.102137722287488
B0033,249,102,24.0,3069.0,1.431360032946153,0.7156800164730766,Warning,3.3555412354678467,1.7571531937270366,4.201229193181646,0.38585742464607997,-1.837054902454502,-4.030442133532166,0.01303696830083582,2.0018041866495224,39.09683297382756,24.426091446526485,55.01715436055076,7.963381302613456
B0033,253,103,24.0,3079.235,1.4515133236517528,0.7257566618258764,Warning,3.3594857050424136,1.8292747932433169,4.195456528334941,0.3771662941760961,-1.837816023009627,-4.0318254325257525,-0.00037752628276502585,2.002625810646676,39.85321278395099,25.492988144527537,55.56824997306065,7.904117788034646
B0033,255,104,24.0,3070.344,1.4230376757726733,0.7115188378863366,Warning,3.358051208135682,1.7807877780971682,4.195112832732734,0.3841695242482834,-1.8280312164109505,-4.032010763539899,0.0014161129125859245,2.001216511857112,39.04623892631281,24.913200438495238,54.92871435196593,7.979887468366579
B0033,257,105,24.0,3051.4839999999967,1.396298696255913,0.6981493481279565,End_of_Life,3.3644871236228617,1.93715684685712,4.194675647244639,0.38274776524006726,-1.8096060815655475,-4.03093756328432,0.0005979681982448676,2.0007574709880567,37.820538353520355,23.69390974754839,53.80101502575858,8.027142787704173
B0033,259,106,24.0,3054.812,1.3979060730399124,0.6989530365199562,End_of_Life,3.361244790495099,1.8780478013995328,4.200892254113164,0.3880300769288949,-1.8091575935883184,-4.0314226876275026,-0.00048643399090013585,2.000251443948351,37.73310595477053,23.224748300881917,53.90914216170243,8.106585485394573
B0033,261,107,24.0,3046.532,1.4011347560096767,0.7005673780048384,Warning,3.35671886762914,1.8094020919691347,4.2008538258066634,0.3919573361218271,-1.8167109753774657,-4.031633986852976,9.320912670401476e-05,2.0003959942018437,38.006666099531806,23.380069687751234,54.23260277977909,8.12919384285278
B0033,265,108,24.0,3071.782,1.436782528945267,0.7183912644726335,Warning,3.359022917654344,1.8197773356081153,4.194606941815903,0.38122568694022213,-1.8264479842957801,-4.0311970185789185,-0.0013045268594984534,2.001331893824129,39.784628994566496,25.56118395535826,55.63045478699343,7.978315221363875
B0033,267,109,24.0,3074.532,1.4370006879546382,0.7185003439773191,Warning,3.360671828990881,1.8363818810073882,4.194748069677628,0.3781361498029027,-1.8267902000568095,-4.03123727157494,-0.0007028351888993262,2.0015829394728577,40.35944876635067,26.312089772492193,56.16713312985831,7.920626675931755
B0033,269,110,24.0,3053.656,1.410355528453481,0.7051777642267405,Warning,3.358394883350331,1.75385880069876,4.1950937664854155,0.3888444978959193,-1.8243917057977057,-4.033637600592424,-0.001465045103962018,2.00072370204151,39.40096297699252,25.36471836345822,55.53601912262827,8.026380135579537
B0033,271,111,24.0,3031.953,1.382633397996189,0.6913166989980944,End_of_Life,3.3625185980231946,1.977912246538546,4.19415713586591,0.3855210477712719,-1.8064502971208865,-4.030551182286183,0.0011641828137736122,2.0006623399431587,38.23202468655914,23.983037377275263,54.42859597766174,8.096073701491823
B0033,273,112,24.0,3023.5,1.3699403583067564,0.6849701791533782,End_of_Life,3.352730063565273,1.8406238091435183,4.194421518890087,0.39591040515529957,-1.813345064617239,-4.030891041828917,-0.0004235104166668178,2.0004022987217414,38.186119358463095,23.552284850244476,54.60293074972065,8.228322525821659
B0033,277,113,24.0,3042.703,1.3786129327882322,0.6893064663941161,End_of_Life,3.348905668243179,1.793591568720353,4.193864909249693,0.39908162438253303,-1.8127387092209186,-4.030314032706555,-0.0009980734385136945,1.9998089216563328,38.7565059715467,23.625584537108093,55.29175004355109,8.279536490960465
B0033,279,114,24.0,4424.203,1.8035959863147193,0.9017979931573596,Healthy,3.457384162912773,1.880422567759453,4.4683580435456935,0.35438006836190017,-1.5628707519379117,-4.031780531813977,-0.0006817634924289966,1.9595646386745897,39.21824541685028,26.039592093750475,57.637403832441095,9.122570871871686
B0033,283,115,24.0,3066.766,1.4234424290662009,0.7117212145331004,Warning,3.376673863925851,1.9260869684651196,4.192884657368934,0.370999676604148,-1.7979194894124642,-4.031488800527161,0.0016532345000100357,1.99956792608517,39.05310062274121,25.43001252418307,54.65393012817871,7.760490445385045
B0033,285,116,24.0,3046.125,1.3946003892958663,0.6973001946479331,End_of_Life,3.373391130621014,1.9774094380313447,4.19449660552562,0.374624966845218,-1.7963463690245949,-4.030424136743857,-0.0012105644915354078,1.999581278335752,38.41375319607374,24.58804964923043,54.152949724280695,7.847228492923806
B0033,287,117,24.0,3033.625,1.3961613987822286,0.6980806993911143,End_of_Life,3.364186626496377,1.8428005555738187,4.194231055547011,0.3849816380373533,-1.8032850146688266,-4.03138524080446,0.0008091559133542712,1.999286011524218,38.46902673499884,24.36691079224096,54.53515875704883,7.979033482557713
B0033,289,118,24.0,3028.562,1.384968608315797,0.6924843041578985,End_of_Life,3.358003989298615,1.7746653306163975,4.200536096823805,0.39300590337543684,-1.8108049336910572,-4.031183913719146,-0.0002153001521686967,1.999678269598349,38.5100324254832,24.0439834251731,54.77734925210607,8.097415379201284
B0033,291,119,24.0,3020.984,1.3715114742475478,0.6857557371237739,End_of_Life,3.36155800725267,1.8460476497404992,4.1938611255659515,0.38917714140834836,-1.8013083911049832,-4.031896597974894,-0.0005973093675214711,1.9990375430418874,38.40063671961678,24.128299966080764,54.64702813763124,8.07096033472011
B0033,295,120,24.0,3017.391,1.3616865084879255,0.6808432542439627,End_of_Life,3.3646263159375533,1.9599501667839596,4.1912968364535725,0.3855836688381699,-1.7919918693222388,-4.032512009214244,-0.00023761776598243457,1.9990449313312821,38.39044541549165,24.005545419243067,54.505104228610136,8.058114739443537
B0033,297,121,24.0,3022.14,1.3796301360966086,0.6898150680483043,End_of_Life,3.360892538206702,1.9111619475065968,4.193746611615085,0.3891486270818432,-1.7916249952930718,-4.031454503778134,0.00022613268492599982,1.9985722497704745,38.413629652125955,24.06291912766938,54.421332192558104,8.147095647922125
B0033,299,122,24.0,3009.016,1.364231776003204,0.682115888001602,End_of_Life,3.3571675251434945,1.7914848144741025,4.1937859295628215,0.3958154890152153,-1.798733884420521,-4.031553638984478,-0.0006022008614266423,1.998437728101203,38.44024987650422,23.993771659591523,54.599932749714995,8.157427771476502
B0033,301,123,24.0,3014.672,1.3418414512081456,0.6709207256040728,End_of_Life,3.3650892446963074,1.8461845656811995,4.200650322742635,0.3929647343129605,-1.7887872050368798,-4.030568780479417,-0.00036577009441577936,1.9975287970749995,38.18714693456589,23.84649793943182,54.621715057959925,8.107567275710936
B0033,303,124,24.0,3010.703,1.3552215695792247,0.6776107847896123,End_of_Life,3.363027417163423,1.8424801617142232,4.2006243085499655,0.3936844525961825,-1.7888403713952685,-4.031930484527798,-0.0005802290015531244,1.9977877973830351,38.18649962226669,23.796715031824885,54.55731341596549,8.109228787423824
B0033,307,125,24.0,3011.75,1.3403860264029774,0.6701930132014887,End_of_Life,3.3583632498611675,1.8293764049246997,4.193697387023266,0.39719405190282947,-1.7886164084551721,-4.031179334434039,-0.0007041902435054734,1.9974157830244919,38.536213089297746,23.946035304437792,55.041315475822266,8.190043773510492
B0033,309,126,24.0,3005.734,1.3594078914195438,0.6797039457097719,End_of_Life,3.3574236498195957,1.7818288008009142,4.200544185864463,0.39762532053028093,-1.7964130441048565,-4.032120605609321,-0.00031269734274531,1.9980526855763274,38.552272664006516,23.99283114623448,54.87421915377841,8.167879211510224
B0033,311,127,24.0,2993.75,1.3457100861355502,0.6728550430677751,End_of_Life,3.360766302094452,1.8799745135000576,4.193351413646578,0.39311593973460496,-1.787019212781781,-4.030698456939857,-0.0005113119151110541,1.9976981859069136,38.45551116751203,24.041323148061142,54.605029117345865,8.110041018927426
B0033,313,128,24.0,2998.125,1.3477611420854358,0.6738805710427179,End_of_Life,3.3594711162840047,1.8632410129416257,4.200351692306739,0.39573600848157126,-1.78684609892111,-4.031396914149324,0.0001748701902038797,1.9974373452257463,38.45383838785278,23.858662321645557,54.77196645266215,8.172863693811086
B0033,315,129,24.0,2990.859,1.335482103134067,0.6677410515670335,End_of_Life,3.352476127724087,1.7604885282268967,4.20027821207153,0.4036823632656855,-1.7942781727538535,-4.031628150086961,0.0013670482188568862,1.9974768033886328,38.59571101696619,23.80241741126216,55.081324460303485,8.243717858453419
B0033,319,130,24.0,3024.453,1.353154941842234,0.676577470921117,End_of_Life,3.3599659156305464,1.8980864731881966,4.192818631069228,0.39221309090107487,-1.7787288593777348,-4.031721300872744,-0.0007881046866446979,1.9968415832212423,39.84838963202564,25.018212536384507,56.28817834549751,8.127968164883393
B0033,321,131,24.0,3030.765,1.3709677706044292,0.6854838853022146,End_of_Life,3.352934086228004,1.765463647928582,4.193616398463828,0.395712714382974,-1.7963772790558135,-4.032692621747669,0.004446209003571594,1.9979959121188025,40.8588418858713,26.569649055205225,57.273543680267444,8.16492989238998
B0033,323,132,24.0,3020.813,1.357426672491866,0.678713336245933,End_of_Life,3.343287590707508,1.7789329307031558,4.2001549210390445,0.40255144015526895,-1.805219032161489,-4.031807157333931,7.383941816730437e-05,1.9990864810092874,40.645674557350794,25.824609859809243,57.229192207488595,8.42666172891495
B0033,325,133,24.0,2998.156,1.3443678821106904,0.6721839410553452,End_of_Life,3.3304566806630636,1.9751406850610134,4.199721786449104,0.41225923063656894,-1.8050690579203057,-4.030914484032776,0.0009182756131508166,2.000531159820924,40.22816795562337,24.628591970930444,57.19704022437858,8.935122735722327
B0033,327,134,24.0,2986.766,1.33005823859453,0.665029119297265,End_of_Life,3.320924665615561,1.7718580087129037,4.198848421060828,0.421376906961979,-1.8114911161465173,-4.032022945808555,-0.0009245669377489984,1.9994061344207872,40.06014962782639,24.087009042742764,57.01987269382395,8.890291081661237
B0033,331,135,24.0,3032.328,1.4033641858066626,0.7016820929033313,Warning,3.340032080385694,1.9154948072138342,4.177372245766921,0.3945176774652356,-1.8025216435721638,-4.031185839742219,0.0018025099121530847,1.999581868792118,40.062941403566036,24.761878420346935,55.93330356332492,8.336583406013634
B0033,335,136,24.0,3047.703,1.3865570950229378,0.6932785475114689,End_of_Life,3.365998712772332,1.9395710043147303,4.191445596329994,0.3819533922165759,-1.7876356209052575,-4.03143308473883,0.009679231980644238,1.9982739624674433,40.262388264621016,25.837379779917946,56.299084505467846,8.057268599757132
B0033,337,137,24.0,3034.968,1.3704138176872631,0.6852069088436316,End_of_Life,3.3457011047959266,1.9213252989145688,4.193389880737777,0.3998232849660851,-1.7957587291291346,-4.0333360487412335,-0.0005724598831902009,1.9990749483501162,39.997401224885536,25.207733349727235,56.50951504855041,8.628691454106098
B0033,339,138,24.0,3011.7339999999967,1.325319393635713,0.6626596968178565,End_of_Life,3.346323103330572,1.9978451295419197,4.200380611368274,0.40450221346117554,-1.7944892722865402,-4.031093353153527,0.00032011412181143147,1.9995782333590355,39.574089613864224,24.472552841440898,56.69165778744567,8.729156220607756
B0033,341,139,24.0,3002.922,0.8439684993200656,0.4219842496600328,End_of_Life,3.5025083166259967,1.4425192802033469,4.2006020565736515,0.41218255255752817,-1.3524928232333502,-4.031452965753613,0.0005934151940269159,1.895242462436493,35.98333032061264,24.19994758367089,55.51714083426434,7.855069496009218
B0033,343,140,24.0,2986.718,0.29866180371583506,0.14933090185791753,End_of_Life,3.8878704029237765,1.5585045696383768,4.193070577827655,0.36017595017568677,-0.40980761010481126,-4.030231487651757,-0.0016955070928297298,1.205953481715517,30.119688488829738,24.213134568912988,45.807200259053744,4.453036982314283
B0033,347,141,24.0,3006.203,0.2344867974702557,0.11724339873512785,End_of_Life,3.9545425965879493,1.203791745361808,4.189611396704824,0.3591124647664468,-0.326358504964012,-4.029552223712936,-0.0015144925866869634,1.0839194837301667,30.940513967139797,25.680048766514137,46.034595491761756,3.850691352007321
B0033,349,142,24.0,3011.609,0.20256330380725823,0.10128165190362912,End_of_Life,3.987610232479158,1.5484910888494308,4.191309904018761,0.32446435124036727,-0.27160058588744834,-4.0307560097076385,0.0005611212781108235,0.995495672377125,31.002948619577534,26.35050371923943,44.981619190674095,3.2958985378251056
B0033,351,143,24.0,2985.953,0.23531995654070248,0.11765997827035124,End_of_Life,3.9673029925231815,1.9233358352697387,4.191105087223256,0.3281488227609347,-0.31706142589910496,-4.029588332092749,0.0020427643674527127,1.0759256515019737,30.353188245577265,25.446671381322208,44.437719613927904,3.7196121203713166
B0033,353,144,24.0,2976.3129999999946,0.23550427837482876,0.11775213918741438,End_of_Life,3.949305726224602,1.477441018016571,4.1909851193067675,0.3678516473135853,-0.33378469731868937,-4.029344942221334,-0.0005830301018698171,1.096931818063473,29.92194766382464,24.511732333648254,46.16094346830902,4.133286716808226
B0033,355,145,24.0,2964.75,0.4304242256752923,0.21521211283764616,End_of_Life,3.7530265184592335,1.7051348869638063,4.19146431605178,0.41257888438562323,-0.6350119541631207,-4.029460110530672,-0.0010580291493481368,1.4596640769511753,32.39035931572692,24.153388669349656,51.875290776017344,6.149395675283327
B0033,359,146,24.0,2969.953,0.46436333202696434,0.23218166601348217,End_of_Life,3.7437278161410794,0.9861339962587278,4.189169176120785,0.42624293448578554,-0.6479270209581071,-4.031115621681116,0.0005532967584950799,1.4684206890323002,32.954165794905116,24.630656697198678,51.767777887259,5.975643315879114
B0033,361,147,24.0,2988.453,0.3994839380247729,0.19974196901238644,End_of_Life,3.802542903312754,1.3263821081867295,4.191809961918757,0.39812032274160014,-0.5493227175747412,-4.0305675228368925,0.0017587890442776748,1.3708797758930324,32.988995755051256,25.741077212582653,51.02675215928651,5.3380848299245685
B0033,363,148,24.0,3001.235,1.461469789426299,0.7307348947131495,Warning,3.2312787223699537,1.8345225826317897,4.190743825523512,0.43391459620268436,-1.925947099684237,-4.0317416053878485,-0.001221361317101788,2.008360379751231,45.33521672468352,26.690929983204757,61.13715999731606,9.785290361180978
B0033,365,149,24.0,2976.234,1.4150999545382532,0.7075499772691266,Warning,3.337618232944289,1.9860807469381487,4.1981379242882495,0.3894910624653105,-1.8473131233384892,-4.030688221689322,-0.00039125329233729,2.0048111570171168,40.620147730266055,25.509244622856254,56.348749401178914,8.328219461109876
B0033,367,150,24.0,2950.39,1.383632373873956,0.691816186936978,End_of_Life,3.3407978157952662,1.8841219743920603,4.199581881706975,0.39529303029181617,-1.844518264194251,-4.032404761480388,-0.0007412415796344238,2.0034519730809377,39.683995746406474,24.5159742884133,55.51777727453801,8.274241646938961
B0033,371,151,24.0,2941.719,1.3705402893609833,0.6852701446804916,End_of_Life,3.3451260552283553,1.8129527074235323,4.192675713672651,0.39944927328036617,-1.8328005456847734,-4.031245891627729,0.00159909556782185,2.0017132594990388,39.047236578784684,24.017907115256936,54.98845662264607,8.219502761765721
B0033,373,152,24.0,2946.969,1.3557042566115398,0.6778521283057699,End_of_Life,3.357137371109369,1.9644189853209997,4.200041578787561,0.39096896422227406,-1.814347722959519,-4.031735458078508,-0.00045824883523277457,2.0015920769359306,38.66855198329813,23.855110623637202,54.53862414235327,8.145434633062125
B0033,375,153,24.0,2936.171,1.3578385793919763,0.6789192896959881,End_of_Life,3.351453240465127,1.8546413788349956,4.199761584906472,0.39674205113121525,-1.8221926476157024,-4.030243674381958,0.0005551964738675975,2.001028562367124,38.84148471879362,23.92708958292775,54.72686731387149,8.162300616948105
B0033,377,154,24.0,2927.281,1.3609083979571395,0.6804541989785697,End_of_Life,3.346026215342865,1.7877573640818558,4.19986267410377,0.4016384142700474,-1.8306905769975232,-4.031560389126078,-0.0012232327913802765,2.0011800631954957,39.052551352201455,24.018328450267454,55.0046224518596,8.209577453533942
B0033,379,155,24.0,2924.422,1.3495626547684758,0.6747813273842379,End_of_Life,3.3509794200278593,1.9183209167927542,4.199784078520709,0.39584509031030446,-1.8209388850738168,-4.03102892027672,0.0011206417424785553,2.00146047401992,38.79448240276511,23.850352762005816,54.71731449617404,8.209478735197445
B0033,383,156,24.0,3023.859,1.1888877132486642,0.5944438566243321,End_of_Life,3.342644131880222,1.8528656809384136,4.044618024605659,0.3702943850577201,-1.568210357203081,-4.03134750995214,0.0003890142355222544,1.9599624754337581,38.509868638012954,25.526490000718884,54.428778601713,7.546349130735397
B0033,387,157,24.0,3056.172,1.5041493934608645,0.7520746967304323,Warning,3.3518592869527803,1.9484758716380042,4.19403031740486,0.3467701968139109,-1.887501094191758,-4.034595325058306,0.01569426595090528,2.0075772137779606,40.15830993087354,26.506119438399306,54.890003781719805,7.601422294540858
B0033,389,158,24.0,3045.078,1.4899088638712767,0.7449544319356384,Warning,3.3468424673944153,1.8283531317172372,4.19296029632327,0.3609908760712789,-1.876137336259163,-4.031575801276517,-0.0005749753718689735,2.0056195985770997,39.45022733421382,25.5108216660997,54.47368119654309,7.750575727819385
B0033,391,159,24.0,3034.25,1.475330178643193,0.7376650893215965,Warning,3.3508471294894773,1.888528315752074,4.199907627033468,0.3644213731598454,-1.8659348672273262,-4.0307713804325,-0.0011568143663469677,2.005194383470796,38.94097771129498,24.75501289329011,54.12307476528604,7.816143208636778
B0033,393,160,24.0,3022.609,1.459830765413703,0.7299153827068515,Warning,3.355670268634571,1.924025874710363,4.199827998046917,0.3658244897830347,-1.8556627342355745,-4.030207437491865,0.0002455394187007352,2.0047272899966373,38.66654129149028,24.41380786568868,53.773029666511476,7.794027412182627
B0033,395,161,24.0,3028.828,1.4474169057725728,0.7237084528862864,Warning,3.353308872329983,1.800492506386291,4.200007095257734,0.3715693466529247,-1.8545310784984728,-4.030412870193714,0.005552505991593546,2.0034588986828004,39.336362061944186,24.78386919863203,54.609405212648525,7.767132609323185
B0033,399,162,24.0,3037.875,1.4676323674647154,0.7338161837323577,Warning,3.355576427429911,1.793120582655924,4.193196345687703,0.3673193359707011,-1.854560270480603,-4.031449814259553,0.0023509614115073325,2.0033952765937943,40.212462412867474,26.122139084679773,55.29324534393817,7.690955178606594
B0033,401,163,24.0,3023.187,1.441552493165527,0.7207762465827635,Warning,3.3638323924431814,1.8969132609228214,4.191982585507099,0.3669760840834832,-1.8335819983714545,-4.030133558981981,0.0011926590997259788,2.0028254627059234,39.15441493084491,25.592715158783705,54.26200652741747,7.7528005373942
B0033,403,164,24.0,2996.922,1.418392873584403,0.7091964367922015,Warning,3.3571376570885594,1.8056023837774513,4.2001706293322,0.38091265454702583,-1.8420750095953933,-4.030903189622477,0.00026217895908664366,2.0027330971377495,38.472340837695874,24.16406348278754,54.01880189925328,7.894413878961915
B0033,405,165,24.0,2986.469,1.4031824838852518,0.7015912419426259,Warning,3.361111422960934,1.862859289057269,4.200074212399141,0.38004224182817214,-1.831467802329813,-4.0308406565332655,0.0012519296856957996,2.0021691980266714,38.10278800382275,23.776630157468176,53.57147874982123,7.880227391420692
B0033,407,166,24.0,2979.219,1.3911104661211642,0.6955552330605821,End_of_Life,3.3674136761881366,1.9520601805312336,4.200092034422385,0.3748227876978567,-1.8211918432229095,-4.031388046198441,0.0006523352062814771,2.002106273068946,38.13961733869117,23.784295676410316,53.4828168564585,7.807437732951509
B0033,411,167,24.0,2995.047,1.4086019958134537,0.7043009979067268,Warning,3.3717064606024185,1.9878541604164133,4.192967636550445,0.3695089549839931,-1.8123034655027377,-4.03043168767532,0.006983919876325135,2.0012551398794174,38.75498314355583,24.64643545165862,53.870140403015185,7.7260350215194125
B0033,413,168,24.0,2989.828,1.4137708903948947,0.7068854451974473,Warning,3.3721296388578876,1.9566455890224006,4.2005612724264685,0.36794976293764514,-1.8216175674206458,-4.031090413194844,-0.00039648578534760105,2.0020299250732876,39.165872874745595,25.131749433131866,54.16164128030712,7.656258845954476
B0033,415,169,24.0,2989.391,1.412472234540845,0.7062361172704225,Warning,3.370281011025519,1.8936715311451313,4.200390037061694,0.37261804054308995,-1.82079151069233,-4.0306763336775155,0.008161036204110678,2.001469588626346,39.025069457187186,25.28376339726478,54.165344351537804,7.735929112564863
B0033,417,170,24.0,2967.2810000000027,1.3831900026575588,0.6915950013287794,End_of_Life,3.364268931307196,1.828763483963188,4.2006160691556556,0.3841600945159774,-1.817964724512839,-4.031048376700338,-0.0012978112516847248,2.000430926481003,38.3251245457817,24.130808242407685,53.79228026466776,7.856335678146129
B0033,419,171,24.0,2962.609,1.3646098107432565,0.6823049053716282,End_of_Life,3.3720392126554684,1.9584399411299582,4.200037449743801,0.37886648717943994,-1.798635457145711,-4.030741393214865,-0.0005732784106833572,1.999755140684874,37.878182669376734,23.740864219492018,53.22509160340434,7.814923412227689
B0033,423,172,24.0,2957.016,1.369751365782437,0.6848756828912185,End_of_Life,3.362230190450641,1.8220675972367208,4.1925009960437745,0.3897701435553071,-1.8064428802106411,-4.030600936103562,0.00022552970628239656,1.999312033566599,37.905840036253096,23.480391939037574,53.57857958784029,7.92352013139591
B0033,425,173,24.0,2973.281,1.3867946911071662,0.6933973455535831,End_of_Life,3.3636193969648573,1.7715995765672343,4.200097022210454,0.3842263561014882,-1.8173405882716633,-4.031272201329734,0.00836540683970329,2.0001351907005267,39.1223902532353,24.865045453897732,54.498255010844275,7.787088231652923
B0033,427,174,24.0,2968.016,1.3918615875742792,0.6959307937871396,End_of_Life,3.3703866336965356,1.8584436263684134,4.191446103300025,0.3756354740453344,-1.8068979814568502,-4.030774601922593,0.0005373748288989599,1.9997472953223747,39.39196447810482,25.5545254991362,54.468132892109516,7.655030803799649
B0033,429,175,24.0,2959.281,1.377162352180965,0.6885811760904825,End_of_Life,3.3756959922995033,1.9792800716788903,4.19205219049645,0.37298980194144354,-1.7968101494502102,-4.030353569731922,0.00016816222043814156,1.9997857782654698,38.80564596554866,25.242779182073114,53.89419947351141,7.7005781958729225
B0033,431,176,24.0,2942.797000000006,1.3599525359390852,0.6799762679695426,End_of_Life,3.366639210990064,1.846857607499265,4.20026251718639,0.38685973625966535,-1.8043699219153886,-4.031215449055759,-0.0011308075920017713,1.999227524630149,38.29516028833109,24.102394600006054,53.782251370205934,7.879030434494946
B0033,435,177,24.0,2978.89,1.379779043170725,0.6898895215853625,End_of_Life,3.3707194031916488,1.9297681149166706,4.170526417555859,0.3734019060215807,-1.786679633285191,-4.030724924949867,0.0059471473770918324,1.9981127663376816,39.482066579608755,25.703592542303575,54.80009542618075,7.72579103171597
B0033,439,178,24.0,2948.891,1.3631373661966442,0.6815686830983221,End_of_Life,3.368376555569585,1.9404476337602206,4.193298745157419,0.38142924743717616,-1.805526191357153,-4.0312040045445245,0.0017369426103794334,2.0002161566204433,38.22420789035359,24.052398101979275,53.59426450012642,7.861502427100438
B0033,441,179,24.0,2938.547,1.3652295228794809,0.6826147614397404,End_of_Life,3.3605555096355064,1.8078076221500168,4.200151767615752,0.39195679485565293,-1.813761282828491,-4.030896618235125,-0.0014926299834234732,1.9998621298810337,38.212225319933545,23.78506073974515,53.860038336831,7.9563068326487105
B0033,443,180,24.0,2925.484,1.3498620694059131,0.6749310347029566,End_of_Life,3.3664344500865964,1.901348395168944,4.199734233391325,0.3866860543811387,-1.802941147720235,-4.030353141551276,0.00029598320672123067,1.999611551078435,38.03726842877258,23.67834740256779,53.50394440240513,7.896946109742269
B0033,445,181,24.0,2917.297,1.3529504172332432,0.6764752086166216,End_of_Life,3.360999914466085,1.820065501803385,4.199873842512875,0.3925366967624878,-1.8116624900760223,-4.032772105959685,0.0008175114926099258,1.9999345245680173,38.08745383569629,23.649823472230597,53.71091736477066,7.9453446612516725
B0033,447,182,24.0,2918.938,1.3535740542605128,0.6767870271302564,End_of_Life,3.359714561556011,1.781542687267246,4.199220802674783,0.3941049309578578,-1.811173186431671,-4.031639319345703,-0.0009464831036835868,1.9994247664993439,38.371162533264,23.942846230052382,53.96609282803159,7.924021051006518
B0033,451,183,24.0,2918.25,1.3432225183905024,0.6716112591952512,End_of_Life,3.360790017915932,1.8027051007685868,4.189411926667855,0.394448471186666,-1.799607080950245,-4.03064555997338,-0.0014391798318050294,1.9982361557268469,38.21500087152169,23.855627959874454,53.89601837110568,7.932073118662816
B0033,453,184,24.0,2915.4839999999967,1.3412081769053426,0.6706040884526713,End_of_Life,3.364551990412796,1.845120981293168,4.199234827601777,0.3908898065192888,-1.8000478038107868,-4.0302353498062145,-0.0007750004247492699,1.9986866842112139,38.068361542357145,23.75538627826279,53.58335886886063,7.877964269033178
B0033,455,185,24.0,2906.015,1.3277389969987805,0.6638694984993903,End_of_Life,3.370459024271422,1.9386542857041755,4.199099264533491,0.3858278952605892,-1.7893303733112242,-4.032323959410741,-0.000446779703892422,1.9985680363239429,37.98761504071771,23.71942332452391,53.35830232724686,7.8406689463387345
B0033,457,186,24.0,2894.14,1.329778900445409,0.6648894502227045,End_of_Life,3.3647395351261364,1.8652024206914875,4.197710813920559,0.388491038474324,-1.7980109473876715,-4.030963918482138,0.0012834319927848246,1.9987424672862897,38.3556643629041,23.89969121406837,53.56872781314004,7.744065305508701
B0033,459,187,24.0,2892.031,1.3356045028702495,0.6678022514351247,End_of_Life,3.3724762289358954,1.9741597310368288,4.194824465751656,0.37975897986875545,-1.7871202282133007,-4.030066693660676,-0.00043190423683975456,1.9986221696818216,38.587739723836165,24.948399988183116,54.028944257752215,7.951255144654513
B0033,463,188,24.0,2888.719,1.3177489685711123,0.6588744842855562,End_of_Life,3.3682526298407933,1.9140482800494218,4.190646284256201,0.3902700502879681,-1.7864058289054177,-4.03209652047346,-0.00066788811395848,1.9978317410441633,37.84946765760722,23.564699278771386,53.32084823607714,7.883386130627215
B0033,465,189,24.0,2875.641,1.317605472474197,0.6588027362370985,End_of_Life,3.368834125820871,1.9249905185886904,4.199787523647983,0.38890739960604365,-1.7962891627935822,-4.030614948818057,0.0005610406942699724,1.9991122914580581,37.81892879614016,23.4486198816295,53.15804525272694,7.818334198005955
B0033,467,190,24.0,2860.7810000000027,1.3185279522072382,0.6592639761036191,End_of_Life,3.3643721242108837,1.8483263197000261,4.198644370031491,0.3935536133649714,-1.8053146501565176,-4.030716672310753,-0.00047537810288493195,1.9994009753316515,37.98975162560657,23.65570667131447,53.44440984728841,7.848765845997609
B0033,469,191,24.0,2852.844,1.3215397269813982,0.6607698634906991,End_of_Life,3.3599563575039135,1.7964863123561203,4.199051265280784,0.3976552666674065,-1.8145360631140475,-4.029789852416358,-0.0008123367176012374,1.9997693049850458,38.110497566784815,23.552314519961094,53.71116793928585,7.894150770535632
B0033,471,192,24.0,2854.64,1.3046615372928705,0.6523307686464352,End_of_Life,3.3696602072768207,1.9550178000855183,4.198244533751371,0.38571033230209223,-1.794060809034671,-4.030772474345855,0.004022385174833157,1.9992951341289193,38.158711514227996,23.691188217801727,53.18757385880901,7.535222244869873
B0033,475,193,24.0,2897.844,1.3280324770208678,0.6640162385104339,End_of_Life,3.3817276755972934,1.9991954704388994,4.159889361487179,0.35560536419052063,-1.7532558725802958,-4.031537357097997,-0.00027227310457033743,1.9946737158691736,41.90171461734474,29.44423285279969,56.49572691828426,7.656252648410156
B0033,477,194,24.0,2896.063,1.3634549770713926,0.6817274885356963,End_of_Life,3.379780519797374,1.982805388419431,4.195184914935837,0.36534979640188925,-1.7969595693199287,-4.031834027940411,2.6953308044410402e-05,2.000001705269654,40.72593783748325,27.528539695613013,55.32081069602003,7.529370833777632
B0033,479,195,24.0,2866.234,1.3291316747402466,0.6645658373701233,End_of_Life,3.365666799367813,1.8088951260538597,4.199591464734624,0.38874865779957807,-1.8148752451997947,-4.031562224810096,2.6371647019102723e-05,1.9997992473129664,39.388005009279006,25.331965512180957,54.57622829352292,7.7226235259903495
B0033,481,196,24.0,2836.609,1.3124201086917682,0.6562100543458841,End_of_Life,3.3648038854052915,1.8655437173642175,4.1997715267621105,0.39136479706472377,-1.813083056493043,-4.031762836798674,0.00018843134209214254,2.000425612951424,38.64570917130626,24.268653896290385,54.008789265404765,7.792264966866611
B0033,483,197,24.0,2829.516,1.3152825503676357,0.6576412751838179,End_of_Life,3.371817482414552,1.9943670583085842,4.199637020490028,0.38523565628276235,-1.8021170413093346,-4.030287733516317,0.0001226456193768309,2.0005422208443884,38.3036813037848,24.071663702754314,53.47500454222108,7.717173386625917
B0034,1,1,24.0,1819.406,0.7459302957645664,0.3729651478822832,End_of_Life,3.1178767585161347,2.170439265213917,3.8542753609711045,0.35320697402700135,-1.9933511025949644,-4.030785980473215,0.00039598820890357614,2.011290570089314,38.95836982096889,23.6205145336092,51.867480808484146,6.998542504742178
B0034,5,2,24.0,3260.531,1.6623217152845853,0.8311608576422926,Healthy,3.3022762078952885,2.184438966859873,4.185182030297302,0.2909527056017619,-1.9787478556297067,-4.033471908641544,0.0015052198075994631,2.0115930732408054,39.10734156415766,25.267831158043766,53.72590623785784,7.602112655392037
B0034,7,3,24.0,3265.75,1.645087369694532,0.822543684847266,Healthy,3.3294991412960915,2.1716683590196997,4.191235610410253,0.30330720073205014,-1.9609699675983687,-4.031968315632961,-1.378445534852952e-05,2.0110447092751382,39.20920805238827,25.492621628413,54.1404555915866,7.727062313056408
B0034,9,4,24.0,3264.109,1.620729289277574,0.810364644638787,Healthy,3.349383007098789,2.182463026326082,4.190305001839791,0.3175337824610183,-1.9366251479989427,-4.0317411764982,0.0018710407859448993,2.0104750916817524,38.936075977838854,24.888926300510743,54.228682107998424,7.809521307996784
B0034,11,5,24.0,3253.531,1.5967402025126005,0.7983701012563003,Warning,3.3541317530780055,2.0979416663773915,4.190367874669205,0.3295352415645201,-1.9296993194196932,-4.029531376848962,0.0007924829693630478,2.01044252399897,38.60445981652459,24.5997983727117,54.17641516112459,7.948939111356491
B0034,13,6,24.0,3242.578,1.4856500618812698,0.7428250309406349,Warning,3.369692035482086,2.177479814637099,4.18989933406868,0.3574495380209283,-1.8861346839189572,-4.029542744670671,0.00017128658652519564,2.007929018593106,37.79484872719341,23.786968470621993,54.09745559724325,7.8846940565855705
B0034,17,7,24.0,3234.625,1.4866702197497013,0.7433351098748506,Warning,3.3729072074215103,2.164719422934807,4.18599771136978,0.35920528819610253,-1.878796746756769,-4.030634355507908,0.0012084341927066171,2.007522519843906,37.65277428767197,23.81681118289736,54.03810589370243,7.9343140501226435
B0034,19,8,24.0,3235.36,1.4701330958405268,0.7350665479202634,Warning,3.376976361461993,2.1685179095920546,4.191866541196004,0.36193295940695036,-1.8723916722187988,-4.030934330051056,0.00044061953882801146,2.007042638157947,37.91666092404816,23.763955948780502,54.56296443841966,7.925520667807914
B0034,21,9,24.0,3236.125,1.4565041801019636,0.7282520900509818,Warning,3.3791099564139215,2.159913301643853,4.18853091556387,0.3650113893190344,-1.8590598981345452,-4.029299173045088,0.00020188071029519363,2.006055863446889,37.78228277348195,23.789455601409134,54.47381276284677,7.899128910446044
B0034,23,10,24.0,3230.25,1.4418961035576472,0.7209480517788236,Warning,3.3845619896694177,2.188985459937614,4.188375692870302,0.36464064498485405,-1.8455810936527,-4.029734922442523,-0.00037435970233862394,2.004911395635747,37.5830936155511,23.755059389108524,54.157190141377896,7.838969355600108
B0034,25,11,24.0,3226.078,1.4370949588970292,0.7185474794485146,Warning,3.383128626739751,2.161327607707136,4.187976084521654,0.3685763210383205,-1.8444812955511094,-4.0302542475084016,0.00041220295496120985,2.0048169456823777,37.550522561172464,23.69410330723514,54.45256615419595,7.88039478206853
B0034,29,12,24.0,3224.5,1.4458703624967404,0.7229351812483702,Warning,3.386094893398141,2.140456418044363,4.185168395505227,0.36359331253012755,-1.8435378224723704,-4.029309919201132,0.0006588552845539917,2.0045744713446263,37.681954258546924,23.891402870199258,54.20147817586685,7.809600568880003
B0034,31,13,24.0,3222.188,1.4321040545618373,0.7160520272809187,Warning,3.3916477322319585,2.170940246075281,4.187927929507927,0.3628537400996833,-1.8296929439731453,-4.029842368131789,0.0002191747533731873,2.003374148132025,37.440274736517715,23.911265085043414,53.813937104977754,7.740462822152952
B0034,33,14,24.0,3216.546000000002,1.426720633302465,0.7133603166512325,Warning,3.3914152987340267,2.1531556355876535,4.187886599518975,0.36491451894268895,-1.8286913393639905,-4.029434761163406,-0.0002467649729571133,2.0033044319453825,37.402773880575964,23.856389614186234,53.84994246144553,7.7441347995236125
B0034,35,15,24.0,3211.859,1.4230846885129826,0.7115423442564913,Warning,3.3964131813944722,2.182519668385055,4.186569652343309,0.36260744789276605,-1.8146752424570791,-4.029975280063268,0.0011705556453515786,2.0018864430072565,37.26498054251945,23.88579300006029,53.61278420241196,7.685423474460921
B0034,37,16,24.0,3215.859,1.4409479522418907,0.7204739761209453,Warning,3.403051791482094,2.188496149834977,4.186557905906351,0.3528649832203476,-1.8075203268976412,-4.030231906926906,-0.00029590614092687815,2.0012245696704682,37.570569601089254,24.17278887392313,53.35590902048553,7.541141201904977
B0034,41,17,24.0,3225.125,1.486901544051865,0.7434507720259325,Warning,3.4002648970649156,2.100542699118501,4.184379902708746,0.3463068470031465,-1.8262934110095792,-4.030240820244685,-0.0007798708776301652,2.0031040599162235,38.400250729227935,25.20244376336696,53.83102716771526,7.4949666659596135
B0034,43,18,24.0,3234.343,1.5245313226850703,0.7622656613425352,Warning,3.402154252869035,2.1129616454982556,4.187835929449723,0.3360252302640339,-1.8395285698527164,-4.029885277518154,0.0005093032998163896,2.004389438584675,39.102942991019354,26.07537736702933,53.994059646351175,7.330332828238959
B0034,45,19,24.0,3218.25,1.4629049605190707,0.7314524802595354,Warning,3.407206655670774,2.1659225933828385,4.187676357576053,0.34690739818987665,-1.8047483945772262,-4.030097149456043,-0.0008478046650560787,2.0010460825464045,37.80351021576893,24.96278744254723,53.39429065914855,7.484013812624644
B0034,47,20,24.0,3203.5,1.4230794508549893,0.7115397254274947,Warning,3.404574250610661,2.148786443036186,4.186173516948595,0.3568617765224085,-1.7959916493195849,-4.0299656943263304,0.0009245072505436235,2.000003228830965,37.356060000664904,24.26600284958175,53.38470633939791,7.590898754680648
B0034,49,21,24.0,3194.39,1.4051040863603435,0.7025520431801717,Warning,3.4067467727915552,2.1763046045885015,4.183451670510337,0.35898889543328505,-1.781271140675487,-4.0298811337146,-0.0007947444911810581,1.998309150700353,37.06076524279572,23.967397296313447,53.12872869294344,7.5616960506528486
B0034,53,22,24.0,3225.219,1.6329463925070862,0.8164731962535431,Healthy,3.327594909243545,2.11932965334224,4.171109136894672,0.2935643870589456,-1.9422323790824174,-4.0304533028138385,0.00020690603416662797,2.0104559276437977,39.94613025797719,25.94194242418557,55.80847324293826,7.717136538175057
B0034,57,23,24.0,3252.985,1.5687138208259117,0.7843569104129559,Warning,3.387012528508769,2.1509974200024624,4.183529138373987,0.3327796219053632,-1.8688152377047642,-4.030924782950583,0.007751899119124802,2.0067339309356127,38.718351533776065,24.878675048008976,55.579127556921776,8.092975890829871
B0034,59,24,24.0,3245.25,1.5149520966053402,0.7574760483026701,Warning,3.39384813983459,2.1142806141482584,4.188330656095053,0.3466969152155936,-1.8406021933680259,-4.030804599251528,0.0016138509377502757,2.00444799616269,38.131331549186825,24.035500904263305,55.5590605953301,8.23322115579238
B0034,61,25,24.0,3235.031,1.4855182940634626,0.7427591470317313,Warning,3.4020764335853744,2.1801548663736754,4.186643866753638,0.3473378221860366,-1.8125906145533162,-4.029122762673436,0.009207163784837139,2.001524760230033,37.90482918212311,23.878982303277212,55.43438713431678,8.251906106980384
B0034,63,26,24.0,3228.141,1.480771929049074,0.740385964524537,Warning,3.400466282848084,2.109657199964041,4.187573632919629,0.3518721722403741,-1.8110391962814834,-4.031180461653834,0.0018007448672871548,2.0015684126398323,38.06681078125698,23.895338331970752,55.91432751133226,8.333888815270871
B0034,65,27,24.0,3217.875,1.484026357317059,0.7420131786585294,Warning,3.4030809584663944,2.1306422513355594,4.187294591248425,0.34886300540698256,-1.8097841749979182,-4.029200659426091,0.001396600526010236,2.0013945389505374,38.24251669378549,24.088396057852904,55.78439633575717,8.254847558196586
B0034,69,28,24.0,3220.219,1.4922153055506522,0.7461076527753261,Warning,3.4070525055582563,2.1787867991793113,4.183701675158018,0.3421946484992948,-1.8021093934434649,-4.029558842148895,0.0015349291811905395,2.000647662227828,38.56098530062726,24.59952870388799,55.819046085150106,8.195504619608508
B0034,71,29,24.0,3210.234,1.473312924099279,0.7366564620496395,Warning,3.4060276994838254,2.1208148015326507,4.187348905123759,0.34795479201642177,-1.800815649461131,-4.030202721256365,0.0012019585661013983,2.000478573340258,38.38922286871294,24.44665229230036,55.81813101636483,8.238077467822974
B0034,73,30,24.0,3210.546,1.441593178980006,0.720796589490003,Warning,3.408174888188947,2.1326343880232206,4.186484904879302,0.3531313755712272,-1.7788779160462762,-4.029145604132163,0.0021805105234386545,1.998085182593442,37.90831705954933,23.930544406025597,55.508529806144075,8.298595027569002
B0034,75,31,24.0,3200.969,1.4225873198015788,0.7112936599007894,Warning,3.405126191511401,2.080806437045425,4.1865382627627215,0.3600724391216024,-1.7776506180150589,-4.029781810783222,0.0026354607172676407,1.99771832517489,37.78900459955153,23.58710381562971,55.810474269938815,8.374793323679967
B0034,77,32,24.0,3188.625,1.4266489379486664,0.7133244689743332,Warning,3.409764436063523,2.153621018125857,4.187164525329423,0.353594751322159,-1.7757913058945813,-4.02948709506646,0.0032105483742513184,1.9975745158725693,37.868460669545925,23.74742029854323,55.5580463265768,8.262626599531414
B0034,81,33,24.0,3191.735,1.4596775560238577,0.7298387780119289,Warning,3.410480218060336,2.16386574936286,4.185560165483177,0.3478147672012557,-1.781934305037178,-4.029440202415485,0.003577789036469104,1.9984102669938726,38.32719437027863,24.238197216685375,55.7456104997617,8.231089662143289
B0034,83,34,24.0,3190.313,1.4396159938545154,0.7198079969272577,Warning,3.4102489283524573,2.110862355108561,4.187111715287616,0.3523265551399723,-1.7740392922449235,-4.029706632370836,0.003273882745326097,1.9975017439453102,38.222749634083,24.181214445850472,55.88273287086187,8.300406408699127
B0034,85,35,24.0,3182.156,1.4195512657848512,0.7097756328924256,Warning,3.4144357338683236,2.1889361346194556,4.187953553733828,0.3533120859527023,-1.758159329896538,-4.028819839160079,0.0022661854147259337,1.9954715182735656,37.708662488006475,23.726559353782502,55.520919470345916,8.305572318748007
B0034,87,36,24.0,3180.156,1.4118101714470452,0.7059050857235226,Warning,3.408669177651725,2.076995222056859,4.186573417418747,0.360153710626744,-1.764462484778239,-4.030420227631053,0.0023926972642869296,1.996207277089558,37.8703638417689,23.648177442106746,56.03798112972515,8.413450855841653
B0034,89,37,24.0,3171.953,1.4044196701845313,0.7022098350922656,Warning,3.4118322352896917,2.138330613016186,4.187350410759027,0.35633484434950413,-1.7624729823299456,-4.0299718848239205,0.0027723411790920474,1.996041080671761,37.83489284744581,23.691357756755156,55.7872631992585,8.366392989171988
B0034,93,38,24.0,3192.172,1.4735059098606866,0.7367529549303433,Warning,3.412313772481234,2.163289759388807,4.18502843595743,0.3407674346276511,-1.7852228610575493,-4.029529486082554,0.0014464038221226052,1.9987735875845611,39.269306296372,25.329082225461935,56.29505678813318,8.123698661520317
B0034,95,39,24.0,3194.735,1.492658600645149,0.7463293003225745,Warning,3.4055246588869954,2.011759892668098,4.186257969039418,0.34357011853689406,-1.806117173524204,-4.029713711390202,0.0007416018320286984,2.001150482618046,40.1506450904851,26.070815185624948,57.203641711448896,8.14451458720373
B0034,97,40,24.0,3178.75,1.4820260149945934,0.7410130074972967,Warning,3.412772999015033,2.162343975515107,4.186398813067427,0.34019463536696976,-1.7898966673086716,-4.029290691786796,0.00431516907878582,1.9995229731487594,39.44313364004617,25.981415328866547,56.48442346523092,8.161411124892638
B0034,99,41,24.0,3165.359,1.423575357658995,0.7117876788294974,Warning,3.4159307513752806,2.1921995805381784,4.185933256660042,0.3488973487126684,-1.7588595515353411,-4.029022667107852,0.0025134328913695822,1.9955861373274029,38.29706396735563,24.453681426245662,55.71155596776208,8.263468358434185
B0034,101,42,24.0,3155.25,1.4038252197245347,0.7019126098622673,Warning,3.414462463305671,2.16034888083278,4.187334986366342,0.35399403780458966,-1.7569483309674612,-4.028805365009421,0.0019647285616452505,1.9953296738735065,38.00009263186772,23.948796481551096,55.725184853786985,8.296361447961356
B0034,105,43,24.0,3173.766,1.5363173478836125,0.7681586739418063,Warning,3.3922002422487143,2.165521364045302,4.176473851854755,0.33503397412564767,-1.853554274466124,-4.029740881630216,0.0014215255618606505,2.005285273838863,39.66453202372922,25.309646553685894,56.68734909187956,8.202734143901257
B0034,109,44,24.0,3199.485,1.5440367168176732,0.7720183584088366,Warning,3.3972119520639095,2.0714906018792005,4.186547012412841,0.3353688239056382,-1.8469058434531274,-4.029196217915029,0.006927889526702646,2.0047071447717983,40.503647950320534,26.320500253494163,57.523569542125074,8.206499576941592
B0034,111,45,24.0,3196.015,1.507892155360249,0.7539460776801244,Warning,3.407734218697208,2.160000438530016,4.1868364391694275,0.33730038665707307,-1.809719941535708,-4.029145491224896,0.0013066539770738592,2.0014080228601228,39.602225792574906,25.813463506700813,56.64647124225468,8.192666176826084
B0034,113,46,24.0,3595.281,1.8203060058691092,0.9101530029345546,Healthy,3.3050275542473186,2.07023691471502,4.267804722238553,0.28271876092555637,-1.951674467634044,-4.031177810117895,-0.0007573629710346017,2.0108123010762777,43.00893271743553,27.492078726346985,61.22071154968515,9.023576108939867
B0034,117,47,24.0,3198.0,1.5936575758226643,0.7968287879113322,Warning,3.350291194323394,2.0513249674406295,4.183147061073988,0.32670882126987183,-1.9208770535561435,-4.031361471284143,-0.0006195680264069168,2.0095666899304696,40.64495633031262,25.863505806925243,58.28488787096781,8.561323871212434
B0034,119,48,24.0,3183.516,1.533070464968097,0.7665352324840485,Warning,3.378826251452736,2.126099692893142,4.186094144264648,0.34577949983937906,-1.8756315967870998,-4.030853452091916,0.0002504953623738599,2.006869285630742,39.63966215341089,24.865632592532574,57.592019665372526,8.578695417571728
B0034,121,49,24.0,3183.797,1.4862143093107285,0.7431071546553643,Warning,3.3905180732853615,2.1895562891910765,4.1869069503681295,0.35031725597441127,-1.837523884399117,-4.030490983913811,0.0017152482598011165,2.0039418763382795,39.16680148065847,24.50767925297907,57.28443182001311,8.606889527758137
B0034,123,50,24.0,3191.516,1.5029318848267783,0.7514659424133892,Warning,3.387526907959532,2.074340759266504,4.1855620437934515,0.35126275343655844,-1.8376918380374707,-4.031249179709422,0.0018221767622858833,2.004054634770957,39.82254974386062,24.90487757765792,57.872088061267284,8.551825035369594
B0034,125,51,24.0,3189.985,1.5202185406928062,0.7601092703464031,Warning,3.3911818711119515,2.1265733975652816,4.186540363518264,0.3411810509394167,-1.8447319494358396,-4.030674776051926,0.0026883098926745314,2.0046460772741512,40.67552783597674,26.165502867251245,58.01475740778219,8.351011969798794
B0034,129,52,24.0,3189.734,1.5118194735004464,0.7559097367502232,Warning,3.390835631837091,2.062739747604538,4.182887718757515,0.3459934906417769,-1.8363552560101446,-4.032090463706321,0.002423109346653069,2.0040909768704545,40.582538417129676,26.434837838562657,58.312052179468594,8.481833653947785
B0034,131,53,24.0,3176.016,1.464601301820905,0.7323006509104525,Warning,3.396934021472626,2.1030377322448675,4.183577669537621,0.35314192155049984,-1.804847667473282,-4.0317603355933835,0.0012338364546660258,2.000785869298,39.684346755235566,25.237731252945544,57.74556007237976,8.540198359531335
B0034,133,54,24.0,3171.36,1.4546140961511749,0.7273070480755874,Warning,3.3994906529891598,2.1244761059896846,4.186336344550888,0.3543496535665387,-1.7965264889900276,-4.030702202371792,0.0015573133323275954,1.9998630020343433,39.47995207463314,25.00928434925411,57.59063118746153,8.550514862863523
B0034,135,55,24.0,3170.843,1.4333400490204142,0.7166700245102071,Warning,3.3981483429417363,2.0601307559265187,4.184762302875813,0.3593788351971245,-1.7880255809187031,-4.030830787176179,0.00010833505571186397,1.9989189531276823,39.48992781243277,24.862290749499962,57.760237316191684,8.5176208980777
B0034,137,56,24.0,3164.672,1.4493262346396159,0.7246631173198079,Warning,3.3988819411159534,2.066307670696809,4.185022396532557,0.3549830733289258,-1.794490448292537,-4.030375180809054,0.001130471563425466,1.9998159902671737,39.852310270589804,25.247118919096376,57.843854984407734,8.508639736510121
B0034,141,57,24.0,3177.453,1.495199821798908,0.747599910899454,Warning,3.3979295593430394,2.063118102136468,4.183906394520297,0.34753903976165357,-1.8100461507144519,-4.031301873680901,-0.000982879998589829,2.001370514625139,40.873690307547484,26.38591994823214,58.50818415025991,8.41893708287762
B0034,143,58,24.0,3172.375,1.4720590241846008,0.7360295120923004,Warning,3.3987236708202504,2.015578277968309,4.18478065365082,0.3516426437173529,-1.8015738065563547,-4.030996805872695,0.00022983091570884706,2.000573419743802,40.55984735939729,26.519533331724425,58.39804679399696,8.494385688215793
B0034,145,59,24.0,3158.406,1.4097383014648728,0.7048691507324364,Warning,3.4080267118315724,2.1825208655708153,4.184572904357356,0.35683069391971145,-1.7534517505866212,-4.0309191249132565,0.0006099706214633524,1.99472620920295,38.988662122088876,24.70011610941673,57.19671566450291,8.565665518299488
B0034,147,60,24.0,3141.578,1.3861944181384176,0.6930972090692088,End_of_Life,3.4076313780555267,2.177635067318021,4.186221928288161,0.36104457651077476,-1.7513221260920173,-4.0303017769101075,0.0009541085502518157,1.9944150487050494,38.71511147644418,24.28294354559445,57.093582209047106,8.60912799165208
B0034,149,61,24.0,3138.187,1.3624125407550536,0.6812062703775268,End_of_Life,3.407885887358127,2.1675497721171437,4.185645972879193,0.3643903723092391,-1.7425277851045473,-4.032926354694966,-0.00013677704395691751,1.9929913546833524,38.51149851182021,24.032204678894175,57.056434523826645,8.652832874499348
B0034,153,62,24.0,3157.969,1.4471377445077278,0.7235688722538639,Warning,3.4003875411941866,2.0235981843621835,4.184966155089575,0.35687111643317954,-1.7826705089192836,-4.030419099923807,0.0007842316136241301,1.9983805136468453,40.112479285456395,25.389608071181122,57.99096942950453,8.473426955838223
B0034,155,63,24.0,3159.281,1.4554483390450048,0.7277241695225024,Warning,3.4076622967245975,2.184010507272112,4.181330176160959,0.343583027342952,-1.7740815054978625,-4.031508370151624,0.001324189349925237,1.9974314249137823,40.84012758949483,26.542766505120174,58.16328313862759,8.284230144017359
B0034,157,64,24.0,3150.375,1.4423952167302958,0.7211976083651479,Warning,3.4032529056881784,2.0392577121107047,4.186951481965634,0.354380472614341,-1.7809841749397886,-4.0309270879537475,-0.0003952233410601762,1.9982960448087166,40.348969230016365,26.31336016927672,58.29542391419101,8.519693444328672
B0034,159,65,24.0,3134.078,1.377541945989605,0.6887709729948025,End_of_Life,3.406174357529073,2.0999808615526177,4.1857251578423,0.3641455000131914,-1.747182095051256,-4.030689142794633,0.0004669539506793568,1.9938846529253151,38.95729074496056,24.522516405936003,57.375182540416354,8.643603195927229
B0034,161,66,24.0,3129.797,1.3539935892900532,0.6769967946450266,End_of_Life,3.4049736944362246,2.063136946201327,4.18361645238679,0.3690328986359115,-1.73814436809975,-4.030890080533704,0.00040442507025808345,1.9926327807361948,38.73711200799833,24.159247368089208,57.42041259082052,8.708057671525932
B0034,165,67,24.0,3161.89,1.5509038861664448,0.7754519430832224,Warning,3.3580774287935817,2.120762756881349,4.17325067272426,0.33344063996609996,-1.8824146171130414,-4.031115880527916,0.0012788914489122824,2.007411318854253,40.231060876384255,24.861265693865196,57.71520595046742,8.559146618097207
B0034,169,68,24.0,3196.859,1.5562932697752867,0.7781466348876434,Warning,3.38250056099739,2.19170788700899,4.184028931910909,0.33243708740382455,-1.8524024614367005,-4.031336520715659,-0.00017403712443190127,2.0053693597317674,40.929553501935686,26.211618143788463,58.17136403259683,8.416383043082373
B0034,171,69,24.0,3171.906,1.5067526605064707,0.7533763302532354,Warning,3.390086865994553,2.1203887966971293,4.185455613390746,0.34616655299360993,-1.826530681368946,-4.031483697642067,0.0006646404810077359,2.003161158879302,39.993709319022244,25.616990124167888,57.753084428922655,8.584242759472467
B0034,173,70,24.0,3160.8429999999935,1.444138733302766,0.722069366651383,Warning,3.392978809154906,2.0630039985317543,4.183582231077479,0.3592247068218171,-1.7929643530908497,-4.030940436431335,0.001805018906208284,1.9997292128293027,39.1022619385273,24.43317412120245,57.5103657978898,8.7070537882094
B0034,175,71,24.0,3147.141,1.4144103811292437,0.7072051905646218,Warning,3.400527096110287,2.1811524820912926,4.1831604654402685,0.3584099861227993,-1.7679531131415926,-4.0314913055403885,0.001981216959707207,1.9967467206644616,38.63703610404588,24.01694812582096,56.86348453612092,8.664163565928721
B0034,177,72,24.0,3141.203,1.3897574212362729,0.6948787106181364,End_of_Life,3.4009920061492966,2.155432405052415,4.184589576893444,0.3629029783444623,-1.758494914822024,-4.03046907957885,0.014631169490908522,1.9959380851454664,38.457946337552535,23.76449388619055,56.97607576818629,8.713714667022392
B0034,181,73,24.0,3151.047,1.449968311475299,0.7249841557376495,Warning,3.395963139634734,2.0671609840346776,4.1839152437949645,0.3552265806757272,-1.7913624328840858,-4.030848804967881,-0.0002489305736548837,1.9994872052785722,39.988534225003114,25.126150529910998,57.956995411354825,8.567680818187327
B0034,183,74,24.0,3159.172,1.4678653068012166,0.7339326534006083,Warning,3.399629787670528,2.1233368877812127,4.184717109573573,0.34687580677357,-1.7913224989214867,-4.032550539055774,0.0017035076717763363,1.9996292673890919,40.84025138634754,26.337829780686246,58.3663921180059,8.419650197978344
B0034,185,75,24.0,3141.047,1.4290644310445066,0.7145322155222533,Warning,3.3983167205445777,2.032509026773449,4.184251380689682,0.36040304735308965,-1.7734088198098006,-4.03311369700898,7.260499407977222e-05,1.9973608157787406,39.64173378499159,25.148680870013376,57.883249801186295,8.66818228764811
B0034,187,76,24.0,3135.0310000000027,1.376744834668327,0.6883724173341635,End_of_Life,3.398539512076107,2.0100958477489637,4.182749347441237,0.37031008838571106,-1.7476951824023108,-4.031189054300734,0.001893184104531482,1.99412039240958,38.82196729294636,24.01574907362869,57.62604602919208,8.800072951860663
B0034,189,77,24.0,3117.984,1.3515813262521057,0.6757906631260528,End_of_Life,3.4065465230061798,2.1845053475658913,4.182152014334447,0.3659171324749039,-1.729077993258934,-4.031129358826585,0.0010066000987554262,1.9916462762378477,38.27601981086532,23.678020825543207,56.803768142247485,8.727590794315649
B0034,193,78,24.0,3125.328,1.353993472828928,0.676996736414464,End_of_Life,3.4067781130872956,2.1991319506434475,4.1833235259541075,0.3655810893267727,-1.7290902219307398,-4.031338830626604,0.0011354193755573373,1.9914714948558092,38.30615482092432,23.472541130716568,56.88027382398077,8.74804855864819
B0034,195,79,24.0,3120.172,1.3577165116893766,0.6788582558446883,End_of_Life,3.4044214192090116,2.1256164107912863,4.18535045289718,0.36740222980980614,-1.7360856942372698,-4.03103413513416,0.0011547775998940132,1.992572262726097,38.50347850214561,23.745377412262677,57.11228470728586,8.765713487886241
B0034,197,80,24.0,3116.641,1.334169315351027,0.6670846576755135,End_of_Life,3.4020136665550305,2.0595928588832932,4.182766239696235,0.37399786491906367,-1.7266849618679287,-4.030805323363095,0.0013806992719649974,1.9912035064162141,38.25735173096823,23.344185929602297,57.23777746505438,8.852656262705919
B0034,199,81,24.0,3110.844,1.3372147888783987,0.6686073944391994,End_of_Life,3.408929572366065,2.196715966153447,4.181823483700895,0.3659791397629172,-1.7171675465127403,-4.03117795823907,0.0013891789726567755,1.9895313222946234,38.29433048905591,23.58283501183717,56.79550408983589,8.71975304702693
B0034,201,82,24.0,3101.406,1.339045224276927,0.6695226121384635,End_of_Life,3.407512024075691,2.179169443366329,4.1857303262234575,0.36843896337633836,-1.7243425380133646,-4.031972732432733,0.0011128765557092638,1.9907550456334984,38.19006452807094,23.456477601865824,56.74357378980126,8.752149937196785
B0034,205,83,24.0,3099.563,1.3439244604756322,0.6719622302378161,End_of_Life,3.4012246723873067,2.0729178734316847,4.180937577273335,0.3734976697868644,-1.7314023398283604,-4.031005726868246,0.0009343179831969989,1.991687156056864,38.326737735855446,23.39396422716183,57.1850535860252,8.840904227557912
B0034,207,84,24.0,3104.64,1.3454786192090245,0.6727393096045122,End_of_Life,3.4019343263921806,2.0585536221704452,4.185670680684665,0.37402978145330523,-1.7315370302816349,-4.031139103540076,0.0011101596079035176,1.9919060821687604,38.326112920062165,23.39996123171042,57.131636004992664,8.83833746460605
B0034,209,85,24.0,3099.875,1.3482263029682544,0.6741131514841272,End_of_Life,3.4080993396118826,2.1859283824053053,4.184780807786567,0.3674792317231355,-1.7217927604432464,-4.030804616834862,0.006275841471540261,1.99055363314659,38.2504483640825,23.608677856868198,56.68621589748299,8.724130410493817
B0034,211,86,24.0,3093.25,1.3373192299576058,0.6686596149788029,End_of_Life,3.4012585484878985,2.047929270109934,4.184776951807234,0.3758659116232624,-1.728989688622418,-4.031692434428726,0.0010934428723549882,1.9914710997678269,38.2552215314073,23.276456947851614,57.14457415944487,8.85805323518953
B0034,213,87,24.0,3086.688,1.3402523341553034,0.6701261670776517,End_of_Life,3.400118948427692,2.0282334120244614,4.184920385211051,0.375142059792088,-1.7363791085179334,-4.031825763441962,-0.00026873422222983763,1.9924152495104053,38.4827926779255,23.49685572481665,57.289854087208134,8.85891958696819
B0034,217,88,24.0,3094.281,1.3290965682379121,0.6645482841189561,End_of_Life,3.4044380735101045,2.128944717359417,4.181326694340018,0.37237093806325683,-1.7191649059489624,-4.0305186641831545,0.003467823659264682,1.990124346146437,38.208311929566015,23.29711680803585,56.90074118043176,8.821524407621878
B0034,219,89,24.0,3088.328,1.3323485655766352,0.6661742827883176,End_of_Life,3.4027761465827293,2.080780257241255,4.184466822637345,0.37372718815332134,-1.7265467227383982,-4.031628581091327,0.0016669359763762774,1.9912251201424331,38.37963443029051,23.401728136234176,57.126183132620525,8.800692299240005
B0034,221,90,24.0,3095.687,1.3501541310555516,0.6750770655277758,End_of_Life,3.407661438923026,2.18178697368346,4.185698992912854,0.3644346419805944,-1.726628901233422,-4.0312424408295175,0.0026485048966212645,1.9911565610540376,38.847888287026734,23.983632918812404,57.09006956503022,8.650969020704977
B0034,223,91,24.0,3102.062,1.381523441054128,0.690761720527064,End_of_Life,3.406219322901771,2.1600430451609207,4.188177492671976,0.36014378952785037,-1.7439767424511525,-4.031736173757563,0.001337844978851325,1.9936664436084206,39.55793696996327,24.79113634686574,57.56129571557157,8.580203802652616
B0034,225,92,24.0,3107.141,1.3835971952817807,0.6917985976408904,End_of_Life,3.403483836522725,2.0578741386350488,4.181899265811891,0.361199131963742,-1.7438949547598264,-4.03159610294282,0.0010649532583859303,1.9934959532208538,39.995989656775905,25.6128390117907,58.12885115554352,8.664910618834783
B0034,229,93,24.0,3090.719,1.3301161862080901,0.6650580931040451,End_of_Life,3.401643655881062,2.0545776989805833,4.180083219210065,0.37339479229168565,-1.7239330841004026,-4.031093567396651,0.005936935518246376,1.9908708027640274,38.637111363644244,23.785855051860043,57.35750604508094,8.83892227462159
B0034,231,94,24.0,3069.812,1.3176982121703233,0.6588491060851617,End_of_Life,3.401100143150002,2.0610721424538947,4.1821779958572005,0.37793902776325977,-1.7215733668196036,-4.031192505233378,0.0003390728794783257,1.990241671259804,38.17458507378806,23.156981532264396,57.07647448385972,8.883861097455457
B0034,233,95,24.0,3064.437,1.3063657719651272,0.6531828859825636,End_of_Life,3.406245698013471,2.1769630360366774,4.1841115419161925,0.3751691670313866,-1.7115169207570662,-4.030588508612238,0.0011136677193194534,1.9890433032493577,37.84309122903104,22.908599756234555,56.56265009891403,8.844335873025695
B0034,235,96,24.0,3083.25,1.3381567383793782,0.6690783691896891,End_of_Life,3.404609654515602,2.123117073996824,4.182953933920961,0.3693917888271339,-1.7218255733894667,-4.031702600821983,0.0012646505805006295,1.9903507365818527,38.7849806497393,23.68472050512781,57.16856231635899,8.731988472196162
B0034,237,97,24.0,3076.484,1.3563258092165067,0.6781629046082533,End_of_Life,3.3978374456616303,1.992728560786441,4.185231964742196,0.37203535158484086,-1.7464028089407726,-4.031682841427148,0.0015946623938485048,1.993646146606466,39.47058624854092,24.220736022753695,57.902838661735686,8.715203996325878
B0034,241,98,24.0,3081.297,1.3648997529550058,0.6824498764775029,End_of_Life,3.3958647763622594,1.9677573642714887,4.183603781291225,0.3720821888402611,-1.7536342273893653,-4.03092026898644,0.00010222763536104529,1.9944941724392893,39.61654428235802,24.762876860329897,58.115178902093014,8.781818552127643
B0034,243,99,24.0,3065.953,1.3337639975535058,0.6668819987767529,End_of_Life,3.4029256137765205,2.1243524375356397,4.1847480185320505,0.3730986629314619,-1.726531730710585,-4.031386898885472,1.4190786375877197e-05,1.991183993826504,38.42381623938057,23.61904245521269,56.98035659049231,8.81582166626747
B0034,245,100,24.0,3055.828,1.3060123668658763,0.6530061834329381,End_of_Life,3.4052852363977686,2.1817137827751827,4.18481289618272,0.37379389978575606,-1.7162971244779048,-4.031919192937977,0.004221413170437679,1.9897417738864769,38.11461669687029,23.139606352661186,56.672084425511734,8.80752764115047
B0034,247,101,24.0,3051.468,1.3101868361375808,0.6550934180687904,End_of_Life,3.4007629589889867,2.087539695609617,4.182816385597531,0.37682602890181,-1.7241037426046357,-4.031463869357844,-0.00020545875090377403,1.99069713658219,38.33391837467719,23.227905756844947,57.04472631715234,8.858542992943445
B0034,249,102,24.0,3069.0,1.3567668941696103,0.6783834470848051,End_of_Life,3.4011297944340977,2.068960188840925,4.182086976575588,0.36877365393172956,-1.734239204579505,-4.031164018221237,0.0024620812789465474,1.9925090710264388,39.42514383600653,24.36549586778333,57.64730160708694,8.665556403571282
B0034,253,103,24.0,3079.235,1.3916857433587717,0.6958428716793859,End_of_Life,3.399331416433363,2.0596285731276476,4.181559459677035,0.3633305303838452,-1.7519633999941742,-4.031125638208525,0.0005944525944014617,1.9946989906536217,40.315066740163225,25.426031784942502,58.29336025761747,8.618832098966745
B0034,255,104,24.0,3070.344,1.3629935079344777,0.6814967539672389,End_of_Life,3.3981521617785853,1.9953872570984859,4.182529313505233,0.3714736791341355,-1.741661014368029,-4.03058191664693,0.000696391821171213,1.9929597515778728,39.53448316157278,24.759695537233807,57.95445943311949,8.75910367492188
B0034,257,105,24.0,3051.4839999999967,1.3211711973900628,0.6605855986950314,End_of_Life,3.4035091903916523,2.1529421051579973,4.184076900714323,0.3736614739227387,-1.7213520368201807,-4.030694821958155,0.0007119561611779472,1.9903707964164643,38.37203224972586,23.5538506722797,56.91514213395795,8.819851436392712
B0034,259,106,24.0,3054.812,1.3074869015593356,0.6537434507796678,End_of_Life,3.3990218794534157,2.0405401202035574,4.184435637134828,0.38039868580780545,-1.7213249052728743,-4.031009817979993,0.0020566252105106756,1.9904737441304503,38.3101923015924,23.15733332811672,57.19634917626827,8.920825705736922
B0034,261,107,24.0,3046.532,1.3105881895483489,0.6552940947741744,End_of_Life,3.4057934055092884,2.197033181830859,4.182198079486951,0.3728672541476979,-1.7112135934528914,-4.031095809579006,0.0012203049914854371,1.988808393414797,38.27774779605142,23.320296928845934,56.74944920850043,8.789909179873913
B0034,265,108,24.0,3071.782,1.376312668196664,0.688156334098332,End_of_Life,3.3956244120578263,1.9756647286286777,4.18257252176705,0.36839066731690007,-1.756910982199254,-4.03243604396475,0.00037287267617090643,1.9948433499738958,40.334191485925615,25.493869536085327,58.608348897573435,8.72005312310918
B0034,267,109,24.0,3074.532,1.391764929132287,0.6958824645661436,End_of_Life,3.400151892919731,2.083403258487322,4.184144535847567,0.36015637320282223,-1.757472358582005,-4.0311681176814105,-0.0008283772149644326,1.9955063992978563,40.79229920392578,26.140582124289093,58.69313490028398,8.583553000578554
B0034,269,110,24.0,3053.656,1.3649746353453525,0.6824873176726762,End_of_Life,3.395401002342427,1.9776004444482063,4.183745596310435,0.3713052294494829,-1.7545668980958757,-4.032104651105574,0.0013465670361033823,1.9948044653813897,39.99900717802979,25.236639467278017,58.287617732907975,8.743681408657471
B0034,271,111,24.0,3031.953,1.3219093937291897,0.6609546968645948,End_of_Life,3.3978188140801495,2.0648428293008756,4.182564922322223,0.3766626637007517,-1.7345909430155575,-4.031108958105936,0.002555847383445931,1.9921578570230876,38.793911542282345,23.815588368305107,57.38456939785952,8.849301875472765
B0034,273,112,24.0,3023.5,1.3090033888073913,0.6545016944036957,End_of_Life,3.392562018908607,1.966575784508242,4.184886457411625,0.38410193126352715,-1.7419815147499944,-4.031562836873329,-0.0007536815005631075,1.992662132513672,38.67005005769116,23.39868713351051,57.58115209169171,8.947924082716312
B0034,277,113,24.0,3042.703,1.3327005721973733,0.6663502860986866,End_of_Life,3.40172041057263,2.1711822809863026,4.182256888930097,0.3724017018288093,-1.7240295509078702,-4.03093916292613,0.0008522774553233712,1.9906984214499528,38.826649526191886,23.541409033500173,57.13289738293001,8.753785390235315
B0034,279,114,24.0,4424.203,1.7423975189669398,0.8711987594834699,Healthy,3.483606791060758,2.069253006874651,4.444767752853825,0.3434164937405887,-1.5139109254949328,-4.031271454898872,0.0001730030754003461,1.9481481480781413,40.05350414099234,27.196423537639372,61.43732341776916,9.957088341397842
B0034,283,115,24.0,3066.766,1.37734756281946,0.68867378140973,End_of_Life,3.4027541068274787,2.1429326564674485,4.182008963324631,0.3605103839967495,-1.7448643036753848,-4.031083297465372,-0.00011836412656153792,1.9935812310285164,39.89751111071057,25.386985109640076,57.73883179659806,8.605285871933331
B0034,285,116,24.0,3046.125,1.34875988767775,0.674379943838875,End_of_Life,3.399518032588874,2.0661656290024695,4.183084128990252,0.3687369554872807,-1.7422768724138988,-4.030963240325162,0.0014922973901564274,1.9933447087397471,39.197243061406944,24.449893699541676,57.386080612263264,8.687385373728748
B0034,287,117,24.0,3033.625,1.3501504559881146,0.6750752279940573,End_of_Life,3.4048948132853294,2.1996082620797504,4.183718969246597,0.3652962096940128,-1.731761904660173,-4.031380713903483,0.0004034421702229086,1.9917380154017912,38.90698912730004,24.225340352579455,56.89633685865634,8.646786912357909
B0034,289,118,24.0,3028.562,1.3387814875085953,0.6693907437542976,End_of_Life,3.3989458032986057,2.0698222657269465,4.184086373500983,0.3721186269639581,-1.7394457190997812,-4.0308516181486045,0.002570788512427671,1.9929755025948428,38.91493347992841,24.023029688289228,57.238769179765264,8.73816414056245
B0034,291,119,24.0,3020.984,1.3253371210402685,0.6626685605201342,End_of_Life,3.402552549263599,2.1637591808058576,4.180084668986179,0.36873212823783624,-1.7291852801439969,-4.030838932270787,-0.0008015260124667276,1.9913280053784501,38.753372299612906,23.956037899332294,56.92287178370967,8.670030981796694
B0034,295,120,24.0,3017.391,1.3308160596334049,0.6654080298167024,End_of_Life,3.3917372089469744,1.9665760341302796,4.182272685375916,0.37788647094705236,-1.7552053099717762,-4.030667531854442,-0.00017840309312221954,1.994478753941621,39.091854428154555,23.932184060717763,57.63060311370659,8.82184669148478
B0034,297,121,24.0,3022.14,1.333083376618503,0.6665416883092515,End_of_Life,3.399163910018903,2.0993400599564533,4.183571382297645,0.37198232407029475,-1.737147942355728,-4.031261774539943,0.00014807845366880123,1.992535395677793,38.79791433490267,23.91270646251569,57.01462861282404,8.739189843984944
B0034,299,122,24.0,3009.016,1.3333226534895923,0.6666613267447962,End_of_Life,3.3961519106185554,2.051523215347617,4.183893272585923,0.37490965347626387,-1.7450526641182944,-4.031883079901577,-5.40381873575575e-05,1.9936608981019226,38.87342544692156,23.852701227189534,57.17373710163345,8.76241706077663
B0034,301,123,24.0,3014.672,1.3264281097516475,0.6632140548758237,End_of_Life,3.3999185413871995,2.127535513157563,4.184006388641318,0.37224712763275075,-1.7341883809096077,-4.0317878151340585,0.0009352255589694179,1.9922095654495857,38.72429474171124,23.837593538860677,56.96912010183172,8.724572901758615
B0034,303,124,24.0,3010.703,1.323971040986857,0.6619855204934285,End_of_Life,3.397850235603045,2.0823277676119383,4.181910454160974,0.3747384474446145,-1.734400276547127,-4.031344486974082,0.001711139598895986,1.9921412143803898,38.693927613601694,23.7486501338944,57.103594586187974,8.767456609939433
B0034,307,125,24.0,3011.75,1.3249364225071156,0.6624682112535578,End_of_Life,3.399278705498605,2.1365617064803337,4.181304092373182,0.37222493331542544,-1.7344615887918813,-4.031165844112306,0.00047522503300314293,1.9920849414303599,38.83689474258564,23.862096030039655,57.068326741336485,8.736916060940722
B0034,309,126,24.0,3005.734,1.3283067675570923,0.6641533837785462,End_of_Life,3.393991029909916,1.9941210557405098,4.181467747221002,0.37789405609957344,-1.7422565015843707,-4.031283330684273,0.0013017595633574254,1.99327832255724,38.98262569198278,23.937722276304335,57.42601185667435,8.797983605565642
B0034,311,127,24.0,2993.75,1.314584348909226,0.657292174454613,End_of_Life,3.3920728040875394,1.9772527709370782,4.184933925854431,0.3801219628139757,-1.7506020276231054,-4.031390232489055,0.0005343769692278891,1.9941857453865572,39.051031869034375,23.891588699661355,57.61101162387096,8.838929305417206
B0034,313,128,24.0,2998.125,1.3166841798543303,0.6583420899271651,End_of_Life,3.3991110461098466,2.126873333723975,4.183605741258281,0.3745652158276003,-1.7318011089547243,-4.030190775657842,-5.6992644977724535e-05,1.9918401149693128,38.79001119015603,23.825855363413623,57.13778358983724,8.768643822942847
B0034,315,129,24.0,2990.859,1.3041727649654073,0.6520863824827037,End_of_Life,3.395190942431077,2.0395114895210718,4.18498220766507,0.3788185092461381,-1.739970121407176,-4.030832991804198,0.0011172089435373884,1.99300867233764,38.89401391225135,23.78659177259518,57.23603082155364,8.817119705402904
B0034,319,130,24.0,3024.453,1.3534450073572306,0.6767225036786153,End_of_Life,3.3964846031258618,2.0358214749013905,4.181710702444723,0.37049402486647665,-1.7427011000827153,-4.031156962815287,-0.00163968339322142,1.993291703394223,40.171574663158054,24.95061784926869,58.39093066235441,8.680668591147082
B0034,321,131,24.0,3030.765,1.371294082513786,0.685647041256893,End_of_Life,3.394474869519725,1.9730425062614987,4.184181072689387,0.3672121915754649,-1.7609977485305528,-4.031505060697891,0.012990005280977403,1.9957052562503232,41.036063659744045,26.378354883462126,58.90073826779548,8.58675913782817
B0034,323,132,24.0,3020.813,1.357699321922511,0.6788496609612555,End_of_Life,3.396433031795198,2.0280193684749017,4.18330455406694,0.3682987390428935,-1.7510064310910844,-4.0310979373493865,0.000674413117618517,1.9946503871453536,40.43961489235273,25.80947699877746,58.27129279916865,8.615091400374975
B0034,325,133,24.0,2998.156,1.3286903090919502,0.6643451545459751,End_of_Life,3.391155270712207,1.9435482703621492,4.183090426902681,0.38005544719190654,-1.7476615383639926,-4.0324414576282885,0.0011493879909260072,1.993487097282149,39.651877682602084,24.614714162928127,58.03064804249352,8.796592591944375
B0034,327,134,24.0,2986.766,1.3143943268181724,0.6571971634090862,End_of_Life,3.395487164367482,2.0636905936063763,4.184001846460157,0.3778446402934429,-1.737132841849628,-4.030608268179589,-0.00019198789676016652,1.9927594215368052,39.179107326892364,24.072109280815287,57.376456720947886,8.773934402473195
B0034,331,135,24.0,3032.328,1.3866783030110723,0.6933391515055362,End_of_Life,3.3795305779550775,1.9437968709766946,4.173319870139646,0.37436144319736553,-1.7833514969895126,-4.030934744594092,-0.0015555056759469319,1.9975721596706721,40.11810121003218,24.68063964955075,58.48728985101988,8.830256928140628
B0034,335,136,24.0,3047.703,1.3868330458429208,0.6934165229214604,End_of_Life,3.392303218262864,2.071041778175654,4.181768359109135,0.36219923204953647,-1.7701661084313474,-4.031180224182523,0.005266729500062654,1.9967121898900635,40.80596825835928,25.7688641707561,58.63748276638773,8.611401275233154
B0034,337,137,24.0,3034.968,1.3548037379291014,0.6774018689645507,End_of_Life,3.4001334063326003,2.185338383273266,4.182301042571854,0.36401944438974265,-1.7401783923806777,-4.031782992778244,-0.0009786783734257677,1.9930098218361478,39.68459882372221,25.05089715718802,57.63608525053667,8.666069410115938
B0034,339,138,24.0,3011.7339999999967,1.3255787669951669,0.6627893834975834,End_of_Life,3.393642423268678,2.0310061849780774,4.178121720093713,0.37538320806870185,-1.7373219803903293,-4.030909285227107,0.00245161307352036,1.9926422428785588,39.35391690299883,24.408294212642993,57.60594379182819,8.767075656336281
B0034,341,139,24.0,3002.922,1.3119728676377553,0.6559864338188777,End_of_Life,3.401001567788519,2.1906611266270994,4.181856458554027,0.370934410528928,-1.726421739308256,-4.031391102007752,-0.001027887353306596,1.9910863421318648,38.774974385595264,24.14656059452256,56.80159282025973,8.741771908238576
B0034,343,140,24.0,2986.718,1.3064487948795198,0.6532243974397599,End_of_Life,3.400303147037451,2.142279706628003,4.183618050676316,0.37617378073026325,-1.7241986137944987,-4.032301237199556,0.0012119641403227496,1.9905129167966487,38.265844006523615,24.028629657676618,56.21047251769452,8.673215119185038
B0034,347,141,24.0,3006.203,1.3418431880549024,0.6709215940274512,End_of_Life,3.4014259376568985,2.160163197204225,4.180694864027114,0.36576931282343067,-1.7352631240732408,-4.032232493006905,-0.0017035894811182962,1.9922799931556212,39.684480872315234,25.64171815965767,57.153953136576106,8.466403178822823
B0034,349,142,24.0,3011.609,1.3609210170759327,0.6804605085379664,End_of_Life,3.3937688197583187,1.955449063066795,4.184699791551839,0.37153923400975486,-1.7542912065406973,-4.032459345523554,-0.001355457626243199,1.9943659027856753,40.52184920089412,26.334809949726793,58.22840707938393,8.54489609430528
B0034,351,143,24.0,2985.953,1.3299603677394973,0.6649801838697487,End_of_Life,3.40281516420186,2.186393196562525,4.184264442346774,0.36801812103517795,-1.7326282784227318,-4.031899555003315,0.0005444198934238,1.99191852844605,39.34384441360489,25.473281057610205,56.896536733279625,8.539784413673969
B0034,353,144,24.0,2976.3129999999946,1.299069387625936,0.649534693812968,End_of_Life,3.402086089777065,2.1725626411969494,4.1832269410899645,0.3740681702393197,-1.7211553304454028,-4.031537675655013,-0.0005500802057760502,1.9900722312670815,38.612144786286876,24.52168448405072,56.43024249534344,8.628697466506056
B0034,355,145,24.0,2964.75,1.2984544371955695,0.6492272185977848,End_of_Life,3.3974407926386454,2.107521375414201,4.18242247093296,0.3779435373270901,-1.7293251908726686,-4.031552007887981,-0.0007401702915018566,1.9914272302238387,38.61589548680076,24.138492108667336,56.60428484008346,8.711982043102548
B0034,359,146,24.0,2969.953,1.3176486091610087,0.6588243045805043,End_of_Life,3.3900153291758635,1.9724956503793716,4.181677931125044,0.3809385034211551,-1.748688834226016,-4.031822718744165,-0.00017374198328850473,1.993510884231112,39.405725006770766,24.571172921635785,57.47493245382511,8.754742045513085
B0034,361,147,24.0,2988.453,1.3360648564106594,0.6680324282053297,End_of_Life,3.4000590460263824,2.15288424756184,4.184377456853175,0.36685828665744374,-1.7409400126466616,-4.038795954400871,-0.0010567842076357335,1.9932493712300807,39.93466601122023,25.764316512925873,57.43585109945852,8.536397858720107
B0034,363,148,24.0,3001.235,1.3635797361860138,0.6817898680930069,End_of_Life,3.3987353103697178,2.175170885643991,4.1820883067461185,0.36020007998010495,-1.7514562329904435,-4.033056340172318,0.0013857851637352403,1.9946659405274803,41.55493252456659,26.671290557787994,59.12207312090748,8.578467537450493
B0034,365,149,24.0,2976.234,1.3333112541544827,0.6666556270772414,End_of_Life,3.3928187346829195,2.0442124222047857,4.181101635503988,0.3735916769616042,-1.7489863545731503,-4.031676887900432,0.0010305303744507774,1.9942570014618868,40.30936955838523,25.513516910165443,58.23289082409849,8.675707293149884
B0034,367,150,24.0,2950.39,1.3023273463118925,0.6511636731559463,End_of_Life,3.3901374196096965,2.030057772957424,4.179766813903975,0.3803530339163775,-1.7463412570660508,-4.031008497658909,0.0001529455766672571,1.9939037281528282,39.63376472877464,24.513132583140113,57.69877961341635,8.756958511526557
B0034,371,151,24.0,2941.719,1.2888728444455875,0.6444364222227937,End_of_Life,3.38449140744984,1.9600053057358238,4.180263086800403,0.38758715276672046,-1.7543675539321288,-4.031145578011882,0.00033172405719864034,1.994407754021368,39.397264101530574,23.991098161620744,57.777112656377554,8.875731169645771
B0034,373,152,24.0,2946.969,1.2902746194203034,0.6451373097101517,End_of_Life,3.3921220546792745,2.097517979952191,4.1809918219864,0.3821333291796395,-1.7346999432389854,-4.0312307343283,0.0014412797914432568,1.9922776793108814,39.0556543100656,23.823475184494256,57.23966158430743,8.787883595963391
B0034,375,153,24.0,2936.171,1.292407565676824,0.646203782838412,End_of_Life,3.389816955641987,2.063176636612858,4.181979956691477,0.38357428662046106,-1.7433417157972704,-4.0307864323142,0.0007410934488356225,1.9935083216020633,39.19214857830457,23.894911918833603,57.39229514777536,8.806534107929302
B0034,377,154,24.0,2927.281,1.2954091505102339,0.6477045752551169,End_of_Life,3.3881964986011384,2.050195394002453,4.1832960690677,0.3838460918723193,-1.7522140323058732,-4.031891788952559,0.0017829159370712701,1.9947651337855241,39.3246784315448,24.00219310383197,57.49397345620112,8.806719922098697
B0034,379,155,24.0,2924.422,1.283229881592695,0.6416149407963475,End_of_Life,3.392372693620385,2.142448068324373,4.1823492523016785,0.38140766172257895,-1.7406561651353165,-4.030519452398561,0.0003275571455353852,1.9931709198069985,39.020958953665634,23.83249797750721,57.117778050999135,8.768819109934158
B0034,383,156,24.0,3023.859,1.4557454024367817,0.7278727012183909,Warning,3.3581270184036267,2.132265781269793,4.166622490761778,0.3507723817126879,-1.8482512574133536,-4.031364436387261,-0.00016097216003512957,2.005142169092682,41.16886509114223,25.459930209970125,59.0081622348613,8.706351119223243
B0034,387,157,24.0,3056.172,1.454676342673242,0.727338171336621,Warning,3.3640532409111272,1.9849347747870358,4.183046790056729,0.35741911807135307,-1.849395364079893,-4.031501683106394,0.003614775246628937,2.0050460754062693,41.53076127734769,26.41787688613133,59.53806687629183,8.784955436316766
B0034,389,158,24.0,3045.078,1.423427718198495,0.7117138590992474,Warning,3.38037517618057,2.1394084619831197,4.180727864826346,0.3600112326929229,-1.799535657719212,-4.030744595022684,0.0001542425834273691,2.0006439057942282,40.35674808373947,25.361558074214376,58.40787633507069,8.773541121007963
B0034,391,159,24.0,3034.25,1.392551210363313,0.6962756051816565,End_of_Life,3.379746726032651,2.04587233974925,4.182665046607197,0.3705377487304697,-1.7883422605091341,-4.031671799370217,0.0009753056962980966,1.999469232753588,39.90529016402678,24.65660109918399,58.34388806897325,8.89793899824567
B0034,393,160,24.0,3022.609,1.3765732493746907,0.6882866246873454,End_of_Life,3.383744830197482,2.0970875648564333,4.183546703480425,0.3712928827852244,-1.7775400800465013,-4.030922111155082,-0.0009271395457984878,1.9980203923953828,39.6263343523975,24.371185974131794,58.00881689774913,8.884333146061364
B0034,395,161,24.0,3028.828,1.3810190828982352,0.6905095414491176,End_of_Life,3.382914022586479,2.0432611124631137,4.184556412259601,0.37134314116056544,-1.7773805764791355,-4.0316407463870965,0.0020214221377620337,1.998242189526211,40.251117050644716,24.759439309467485,58.52325787492752,8.82571632844167
B0034,399,162,24.0,3037.875,1.4007568321672863,0.7003784160836432,Warning,3.378266732241365,1.961939116178396,4.183306721542989,0.3697454527303949,-1.7969239114736186,-4.031325299834524,0.003137144129103284,1.999497286995594,41.28365494023095,26.007553864978956,59.508378271914516,8.775093872813533
B0034,401,163,24.0,3023.187,1.374645303479972,0.687322651739986,End_of_Life,3.386601516930242,2.0966495970812926,4.186122527731293,0.3692530378085966,-1.7752050021088217,-4.034378256939229,0.00011917958367890734,1.9978622903823826,40.27720417425089,25.389868561154977,58.58184665309335,8.869085506578667
B0034,403,164,24.0,2996.922,1.3345924114397838,0.6672962057198919,End_of_Life,3.3873478555743035,2.126944667717326,4.187372242173173,0.37606625701477014,-1.763847205060641,-4.031792301917485,0.0014550892592896712,1.9963107769277906,39.458737885900284,24.14009992070368,57.97580640887124,8.938408008080145
B0034,405,165,24.0,2986.469,1.336396621564738,0.668198310782369,End_of_Life,3.3839254722198504,2.0654092965524384,4.194441292072135,0.3816911276585305,-1.7725760652080313,-4.031054086064945,0.002013019928346073,1.9974668283273616,39.29135666075848,23.636769576161004,58.05700140061033,9.025509798969106
B0034,407,166,24.0,2979.219,1.3069152971756248,0.6534576485878124,End_of_Life,3.389334235413473,2.148229610932935,4.178978876708447,0.37819845129951546,-1.7406273194455326,-4.030876471673389,-1.7827195123559607e-05,1.993198720847505,39.19247737595363,23.69154549197298,57.78193242469556,8.913574424595451
B0034,411,167,24.0,2995.047,1.341539456674081,0.6707697283370405,End_of_Life,3.3898762516669514,2.1586251956084066,4.180760079138194,0.37245467796396914,-1.7523330419103598,-4.03123362422716,0.002043908487533983,1.9949645740288768,39.892115077092285,24.53360766699073,58.20713739139197,8.849086411635362
B0034,413,168,24.0,2989.828,1.346388970161922,0.673194485080961,End_of_Life,3.387534636174606,2.095346963555327,4.1815749331430805,0.37244479453912904,-1.7613727505178343,-4.0317407805437995,0.009871952129350431,1.9960984425085133,40.35117578100876,25.024094844009902,58.613406449206195,8.802998004495405
B0034,415,169,24.0,2989.391,1.344989807277774,0.672494903638887,End_of_Life,3.3867620663269333,2.0626265502864713,4.182056202732491,0.3747592906047798,-1.7612926148605925,-4.031049977481575,0.0009511836818361976,1.9959987880572672,40.23284401135697,25.203821275475597,58.64476637032693,8.882871068205157
B0034,417,170,24.0,2967.2810000000027,1.3158760805047784,0.6579380402523892,End_of_Life,3.3856540718379167,2.076505393409293,4.185552990507065,0.3812170467383692,-1.7587841210720874,-4.031503094164638,-0.0004212297346912893,1.995629924572732,39.47675997912519,24.090800554767387,58.05107392892897,8.971189403579125
B0034,419,171,24.0,2962.609,1.2972766889740088,0.6486383444870044,End_of_Life,3.3809895778096553,1.9787021969242387,4.185152280694706,0.3885685717013748,-1.7582529402290834,-4.030548710192742,0.0003042600688147545,1.9952926970052227,39.32483875925542,23.686728239155272,58.291445432401005,9.081522205561656
B0034,423,172,24.0,2957.016,1.2851255211005648,0.6425627605502824,End_of_Life,3.381603206447632,2.0077745341235347,4.178887193827684,0.38939460330360304,-1.7466107935226565,-4.030657074815704,0.0018527847988831798,1.9939150701927628,39.06556270503843,23.36039105497894,58.02893221948005,9.078204178374019
B0034,425,173,24.0,2973.281,1.3190209156530253,0.6595104578265126,End_of_Life,3.3826507314858842,1.984631695912844,4.18021178705338,0.38077239239255634,-1.758399711843396,-4.032180179891317,-0.0006307259244115071,1.99529367738571,40.25366972386004,24.721890051754144,58.80693345869639,8.914427791215662
B0034,427,174,24.0,2968.016,1.3410097849290994,0.6705048924645497,End_of_Life,3.3872757037197703,2.120505374633019,4.185160711724249,0.37232162938522956,-1.76779626471083,-4.030907491504972,0.0008213886992541721,1.996857680526855,40.60644361981523,25.33473748420509,58.770145898372334,8.78411375853056
B0034,429,175,24.0,2959.281,1.326126983882746,0.663063491941373,End_of_Life,3.3863391572789534,2.082697161198142,4.179746730828125,0.3771336242359494,-1.7560445058115577,-4.031263715522782,4.448411826823029e-06,1.9953723345230285,40.11087407785343,24.986634278526385,58.49257429310864,8.879388540419937
B0034,431,176,24.0,2942.797000000006,1.3091442679990724,0.6545721339995362,End_of_Life,3.3808981042387045,1.9993127386412168,4.185599509953072,0.38663564827585883,-1.7648997839310985,-4.031557050834733,0.0002461556123676879,1.9964246622696549,39.612138446886284,24.074557349811762,58.33204656703581,9.024439584340298
B0034,435,177,24.0,2978.89,1.363001289617145,0.6815006448085725,End_of_Life,3.3749959210790252,2.0166716234512476,4.169799130983922,0.3731942220086469,-1.7884175858149567,-4.031997801811629,-0.001666942069097316,1.999097254485324,40.95422192099372,25.549931315958624,59.3603280691461,8.899741314662048
B0034,439,178,24.0,2948.891,1.329285701687194,0.664642850843597,End_of_Life,3.385047602248052,2.1864172793825265,4.1802176939000715,0.3766141380001661,-1.7651175661948966,-4.031055760751357,-0.001589681770375366,1.9963080050598117,39.368332915328914,23.91355659365435,57.712318998766975,8.919915281138724
B0034,441,179,24.0,2938.547,1.2969085930621855,0.6484542965310928,End_of_Life,3.3857894711790375,2.1668802335410113,4.179741845595007,0.3799136622465345,-1.7533361843271522,-4.031015029033163,-0.0017403656231145443,1.9949413480992653,39.15337098937444,23.65071423499487,57.633102922228126,8.93952442694977
B0034,443,180,24.0,2925.484,1.2986285924941396,0.6493142962470698,End_of_Life,3.380809465968222,2.073777619248528,4.181172769902619,0.3854608895681402,-1.7623544327636462,-4.031067192634773,-0.00033989654074088004,1.9961313280942339,39.243985033148604,23.552587136457177,57.87686984231968,8.99830389714488
B0034,445,181,24.0,2917.297,1.2840657611821942,0.6420328805910971,End_of_Life,3.385818012946154,2.1762844479074928,4.179417995861986,0.38216580112780785,-1.7501681024171156,-4.03051089021253,0.0013676027285972727,1.9944571583348032,39.03574242025546,23.5135610948924,57.47417762924851,8.941421300046258
B0034,447,182,24.0,2918.938,1.3021015914136362,0.6510507957068181,End_of_Life,3.3852891991053005,2.178495224886361,4.192681708507562,0.3801527245826607,-1.7716218211716077,-4.031529673129687,0.001015727940135266,1.9973605544979975,39.362600417809674,23.712232797870413,57.69186868894567,8.930188404192386
B0034,451,183,24.0,2918.25,1.3089076351731335,0.6544538175865667,End_of_Life,3.375861800258899,2.003802772888259,4.1874346087886645,0.3900034625458464,-1.7808467524862919,-4.031358409625566,-0.0007594908005194374,1.998027920753913,39.45158799429391,23.502096175144807,58.235126532756595,9.07816156110593
B0034,453,184,24.0,2915.4839999999967,1.2722519696513912,0.6361259848256956,End_of_Life,3.3766457982542852,1.9787571590097042,4.179967885403278,0.392665523692233,-1.7593469071219419,-4.030358918119561,-6.493150394815281e-05,1.9950979953988106,39.280231448753895,23.488992556072905,58.159040648414255,9.075237182289214
B0034,455,185,24.0,2906.015,1.276011534360331,0.6380057671801656,End_of_Life,3.383954937211064,2.137223761530643,4.180528142405268,0.38635486474698727,-1.7475031987682161,-4.031297723634209,0.0007250912623261506,1.994076394274145,39.093994194844335,23.45701039792058,57.66508009332591,8.9878818355428
B0034,457,186,24.0,2894.14,1.2605053003103004,0.6302526501551502,End_of_Life,3.378072965642498,2.026812719380422,4.179166028461803,0.39192893704368376,-1.7569231795305054,-4.030974316014234,0.0007221596857929745,1.995407146976938,39.19231540051725,23.391621160517428,57.950977227160536,9.042066059926361
B0034,459,187,24.0,2892.031,1.2660681251347115,0.6330340625673557,End_of_Life,3.386411304876093,2.1955750105431733,4.18010360467577,0.3847948018804107,-1.744613516148423,-4.031011123253645,0.001026286765851529,1.993802776178093,39.05035096355298,23.54834819824031,57.50629199129354,8.956891916452301
B0034,463,188,24.0,2888.719,1.265829016865281,0.6329145084326405,End_of_Life,3.3853753800263027,2.198015566541252,4.177719373483749,0.38550961144833673,-1.7445998152904736,-4.0313116805798215,0.0009427282285409249,1.993669787361505,38.99238106302636,23.343690136372405,57.45114086897508,8.96934231902987
B0034,465,189,24.0,2875.641,1.2655873898206993,0.6327936949103496,End_of_Life,3.3831949117830207,2.1741564738787473,4.1806916832597745,0.3872610592372027,-1.7538809660262522,-4.030793702940819,1.677159198194939e-05,1.9948759645588585,39.013996139611024,23.29290349706347,57.51486337636169,8.981042072773212
B0034,467,190,24.0,2860.7810000000027,1.2663598323027554,0.6331799161513777,End_of_Life,3.3703776888462564,1.9597037966635267,4.184107730812699,0.39758859696348764,-1.7847975615409868,-4.030759976825486,0.0012279491976100755,1.9982764472789836,39.39352264576831,23.33829372111869,58.24937682662199,9.11109178377562
B0034,469,191,24.0,2852.844,1.2868479432728903,0.6434239716364452,End_of_Life,3.37385872825505,2.0588486889378887,4.19339113872627,0.39219806332576945,-1.7952150007705359,-4.0308791079707555,0.0009202299184524402,1.9999541156389467,39.40321172109691,23.283013385861324,57.97580626211991,9.05358691401512
B0034,471,192,24.0,2854.64,1.270026164613209,0.6350130823066045,End_of_Life,3.3788676910292508,2.1472699436122746,4.184650326377129,0.3892753675908848,-1.7732811378527673,-4.030910228339476,0.0013121603439115131,1.997430981654246,39.209002406361016,23.33153677192807,57.6936935982226,8.986453121062826
B0034,475,193,24.0,2897.844,1.34598253292492,0.67299126646246,End_of_Life,3.3775187954558987,2.046243465893371,4.179142866728917,0.375231821024851,-1.7981891817251408,-4.031161376886709,-0.0014355308035773923,2.0002473764090016,41.7029996329405,26.511755128565657,59.714275603056464,8.788596076959337
B0034,477,194,24.0,2896.063,1.3286875315413778,0.6643437657706889,End_of_Life,3.3764102425962137,2.0152140329169153,4.183823497630528,0.3786962689013795,-1.7979821246857843,-4.031304782841973,9.23736436573037e-06,2.000332785477752,41.54042703429465,26.12189208281959,59.59622829096066,8.79354341801585
B0034,479,195,24.0,2866.234,1.31203071983408,0.65601535991704,End_of_Life,3.374457339617825,2.0220579671885415,4.183386852109095,0.38514156757032986,-1.795586068723611,-4.031456327316925,-0.0015289764213798542,2.0000936574926307,40.70765268927143,25.075827558308593,58.94389183765572,8.912665816119963
B0034,481,196,24.0,2836.609,1.295125492961198,0.647562746480599,End_of_Life,3.369493571122545,1.9943823501630709,4.193391153250369,0.39167834928598577,-1.815444212082474,-4.031480010018408,-0.001910815855233489,2.0017577227789487,40.21142863220933,24.09832956344647,58.684673836382025,9.015424411104512
B0034,483,197,24.0,2829.516,1.2802601605963335,0.6401300802981668,End_of_Life,3.3671763894263442,1.961659201159055,4.182734512107648,0.3958989022425629,-1.8021484216322963,-4.030531863908069,0.0012449192634425377,2.000278657332068,40.0046687891377,23.936615230134002,58.63989407541342,9.054612397287155
B0036,1,1,24.0,1819.406,1.001982588175331,0.5009912940876655,End_of_Life,3.3100621558905616,2.692363558999662,3.848136609578083,0.15121412992919514,-1.9773749348609408,-2.0038601695058262,-0.0021557335495844556,0.20368559343780662,24.892073733003087,23.91297719702689,25.25510878948548,0.3834298992457052
B0036,5,2,24.0,3260.531,1.8011007566288924,0.9005503783144462,Healthy,3.4631992414146664,2.685636595881031,4.176656530010924,0.20459006447599415,-1.9856445663953957,-2.00280826348544,-0.0014904376706625989,0.15308771882852162,25.959062630105592,24.871232330891456,26.547068220384585,0.35143521052562243
B0036,7,3,24.0,3265.75,1.8044229856020628,0.9022114928010314,Healthy,3.4699576163352273,2.662489466857697,4.183288040976774,0.2085554163703513,-1.9861546605764795,-2.004317840985689,0.004811565892188293,0.15348010839229945,25.802571879383937,24.538499428336,26.495839445842005,0.43270836312475314
B0036,9,4,24.0,3264.109,1.804388833772829,0.9021944168864146,Healthy,3.4705857000702847,2.6573808763123017,4.1841614854004145,0.20805385440842072,-1.987051011427963,-2.006820885715504,0.0010493128090912787,0.1540928797840222,25.60229945293067,24.215023797122342,26.383869073507284,0.5010929557969096
B0036,11,5,24.0,3253.531,1.7989248871784247,0.8994624435892123,Healthy,3.4698672359538234,2.663543957344219,4.18413822475754,0.208861472712923,-1.9874522127800511,-2.009500231963076,0.0010411455805570647,0.1547639739575041,25.340807182068417,24.005347474868884,26.038513721787698,0.4693083270123498
B0036,13,6,24.0,3242.578,1.792996521672392,0.896498260836196,Healthy,3.463667726287471,2.6678994227263173,4.184490871998835,0.20806446226015415,-1.9875372326723815,-2.010118970470753,-0.0017522780694575481,0.1548381375689423,25.066700521969093,23.750010106743638,25.52893924273116,0.4257669772823184
B0036,17,7,24.0,3234.625,1.7885507985621891,0.8942753992810946,Healthy,3.4626756481952126,2.6568692251182435,4.18002707662199,0.20887305991839164,-1.9873918540732374,-2.0105148083310866,-0.003980705218617717,0.1553879468558476,24.87901399238054,23.784786109809392,25.434898613415253,0.3553633591619791
B0036,19,8,24.0,3235.36,1.7890856930727703,0.8945428465363852,Healthy,3.466538555244563,2.682881821919537,4.184814968147981,0.2072987543158736,-1.9874986659392755,-2.0087014787729163,-0.0036168914571835954,0.15549779097348201,24.962178834594535,23.78662493765738,25.49992828339642,0.38828626369365227
B0036,21,9,24.0,3236.125,1.7893137312833287,0.8946568656416644,Healthy,3.465990459572376,2.643495320901669,4.184936056128164,0.2108148844083557,-1.9873121102019284,-2.0083926934667744,-0.0065078565398521615,0.15602563280710982,24.97176766201835,23.849601747210194,25.538807420659257,0.3785450361414715
B0036,23,10,24.0,3230.25,1.7860759459480868,0.8930379729740434,Healthy,3.466849428071611,2.6529146015025353,4.185159966585472,0.2104923771918124,-1.9871920484366135,-2.0080365229044976,-0.0044622590452139555,0.1565580198068189,24.904899107239256,23.786532133081383,25.42021899627584,0.35703237196989906
B0036,25,11,24.0,3226.078,1.7836324249650817,0.8918162124825408,Healthy,3.467879751690846,2.6640070437952477,4.185259470361049,0.20990982585282708,-1.986994298783672,-2.01068659468518,-0.0036112981424873294,0.15719129677699828,24.82894570331574,23.692163967752638,25.376173446672198,0.3722099726833276
B0036,29,12,24.0,3224.5,1.7829728738072719,0.8914864369036359,Healthy,3.4680189335962623,2.6528698625456295,4.180678430986266,0.20999170251382793,-1.9872186588415872,-2.0086522990303357,-0.0016420511811444437,0.15783332578513215,25.10525347823647,23.996010465160957,25.609167303887258,0.37615272895022356
B0036,31,13,24.0,3222.188,1.7813775963259668,0.8906887981629834,Healthy,3.470195201959518,2.6683619850669116,4.185452668161143,0.2098884224140964,-1.986822691116423,-2.0085875375423945,-0.004719989055265589,0.15814764574223678,24.951154809529978,23.897375606764882,25.488141454729305,0.33568546337634253
B0036,33,14,24.0,3216.546000000002,1.7785359545932946,0.8892679772966473,Healthy,3.471307979909313,2.6856316852084854,4.185644073979811,0.20888296776065596,-1.9870379004309504,-2.007649933368399,-0.004779447182717506,0.15854278844736705,24.904434158959226,23.79897282368755,25.39250622395775,0.3488921779846119
B0036,35,15,24.0,3211.859,1.7759043090943398,0.8879521545471699,Healthy,3.4716713367418284,2.683085255855837,4.1855690457286165,0.20931652835500952,-1.9869312681166182,-2.008607853673341,-0.005399955268143018,0.1589736403257134,24.887170444449442,23.80605296345269,25.45190297763985,0.34825286860889415
B0036,37,16,24.0,3215.859,1.7780426649905914,0.8890213324952957,Healthy,3.474226898019182,2.6821176155277855,4.185513751822039,0.20901550680468103,-1.986804032971213,-2.0086196509255365,-0.0016188763862490505,0.1594208168536767,25.527212929862493,24.386810794306925,26.00580839279124,0.3689743218854794
B0036,41,17,24.0,3225.125,1.7830029333591655,0.8915014666795827,Healthy,3.4759464645675298,2.6596681327390566,4.18175155698921,0.21013082032304958,-1.9866252110882103,-2.0076953086780285,-0.00410097193233329,0.15971409891886418,26.409994049975936,25.365330747425137,26.845307972510515,0.3312492810654995
B0036,43,18,24.0,3234.343,1.7883000424613877,0.8941500212306939,Healthy,3.4817927176696424,2.6726649868851067,4.18601707914653,0.20996564756958844,-1.9868092429179038,-2.0080813682171326,-0.0035166108245872282,0.15964362479124708,27.24956363748299,26.03181712440799,27.815052029087454,0.37854727266815785
B0036,45,19,24.0,3218.25,1.779294712578026,0.889647356289013,Healthy,3.4752876993515778,2.6506943508802054,4.185429868468947,0.21219436967666805,-1.9866026335678093,-2.008162082198497,-0.005855960004447978,0.16031038608626286,25.79213906476866,24.900330198963143,26.20275128566912,0.2851997448500917
B0036,47,20,24.0,3203.5,1.7709235500451854,0.8854617750225927,Healthy,3.47360641557491,2.6668651734647586,4.183946382168659,0.21057865517957025,-1.9863244377080878,-2.0075377155882173,-0.00609725821757094,0.1610777957973929,25.237865068781456,24.317997749356834,25.704404765618435,0.2979795107185331
B0036,49,21,24.0,3194.39,1.7659050180801104,0.8829525090400552,Healthy,3.474225056890293,2.699376305602087,4.184483195811819,0.20822652705754516,-1.9862809909576005,-2.0083438501355793,-0.0050479953633210005,0.16171911000087535,24.99097283085835,23.958253148525134,25.460838794232757,0.32808129403125796
B0036,53,22,24.0,3225.219,1.7826929241469245,0.8913464620734622,Healthy,3.476093760887936,2.627373237504619,4.166505229896513,0.20589762199464917,-1.9858147027956174,-2.0057770721024144,-0.005678112334400306,0.16181067839091445,32.801252523370806,25.981165706416682,37.62543555779899,2.9254559883159663
B0036,57,23,24.0,3252.985,1.7964662072920203,0.8982331036460102,Healthy,3.478693083596387,2.6486517814110364,4.181691190398081,0.20771631264489343,-1.9840774818957672,-2.004156260870839,-0.006739637545389377,0.16124488416839716,31.56958368042232,24.91553718736853,36.14360152332376,2.7735270160766063
B0036,59,24,24.0,3245.25,1.7909083533422898,0.8954541766711449,Healthy,3.4750535971066037,2.6240374089622858,4.184954917937507,0.21022994850778973,-1.9825278870850223,-2.0004115908491005,-0.0009101172732340704,0.16217632984456126,30.90999308530252,24.104035218014637,35.625609247013934,2.8428360977815608
B0036,61,25,24.0,3235.031,1.78518002808874,0.89259001404437,Healthy,3.473958373265381,2.626618792448541,4.186460975475055,0.21055528732788378,-1.982424743717115,-2.0072075263014764,-0.0008404572387634897,0.16286319178959258,30.76520980990786,23.899334199769086,35.57170100720283,2.863482485447754
B0036,63,26,24.0,3228.141,1.7811343176546524,0.8905671588273262,Healthy,3.473907031933396,2.6336670386490053,4.186163586614144,0.2103072969996321,-1.9820980837755804,-2.0011835530290827,-0.0027244276470207085,0.16316169989876378,30.827871356237775,23.939509531112268,35.70160875626844,2.8842073650922497
B0036,65,27,24.0,3217.875,1.7755577789223567,0.8877788894611783,Healthy,3.4760652075601257,2.663548100827095,4.186271381082588,0.20831631349546095,-1.9821566894712763,-1.9997810779112133,0.00019708142073900626,0.16381824816384732,31.04477819361822,24.135279436191613,35.94641088579465,2.907402425230383
B0036,69,28,24.0,3220.219,1.776885870616115,0.8884429353080575,Healthy,3.4762696586688855,2.645759955186599,4.182325498451744,0.20926047658945054,-1.9821407736423282,-2.0013538888973295,-0.001865764489375844,0.1640206974511513,31.495558048290054,24.66851129856288,36.334410213773005,2.863362504877826
B0036,71,29,24.0,3210.234,1.7713083410378214,0.8856541705189107,Healthy,3.4773296157781552,2.682232775431839,4.185344353963488,0.20739566138590101,-1.9819851541329787,-2.002938928489475,0.0003035352857562442,0.1646019837195259,31.22858520243483,24.48086368805618,35.97981353599547,2.8303433327446537
B0036,73,30,24.0,3210.546,1.7713348840874137,0.8856674420437068,Healthy,3.4741834201518116,2.636976729427503,4.186613141003604,0.21094693769497538,-1.981820086973132,-2.0014781325623847,-0.0010680230127308149,0.16492884196895924,30.77808307184711,23.990132464537513,35.59540889841283,2.8492620443361374
B0036,75,31,24.0,3200.969,1.7660842866405053,0.8830421433202527,Healthy,3.4723504122251145,2.6254732315495026,4.185053437368516,0.21163909263005223,-1.9817861525113654,-2.0000787195640046,-0.0043481610713857885,0.16532261602534132,30.558421734854203,23.68833522844092,35.45428075393079,2.897233284200897
B0036,77,32,24.0,3188.625,1.7592793663412327,0.8796396831706164,Healthy,3.4751627339527484,2.6876812013759497,4.184793481944206,0.2073845965568258,-1.9817252941957082,-1.9998831268277346,-0.0020521382665166102,0.16606393593865365,30.72558468538039,23.84698767974936,35.64366066127881,2.912816941044765
B0036,81,33,24.0,3191.735,1.7610368813762423,0.8805184406881211,Healthy,3.476326267904414,2.68500337747393,4.182513698980909,0.20709138393559964,-1.9817660120442022,-2.000169457336012,-0.001491992360754898,0.16637655689989517,31.23295964013785,24.35424355585658,36.101132129359335,2.8954575676052747
B0036,83,34,24.0,3190.313,1.760242767365706,0.880121383682853,Healthy,3.475057563311369,2.6519664988321767,4.185287638546102,0.2101378915980111,-1.9816902385826145,-2.00085802240166,-0.0007792749665022029,0.1667311957037819,31.072817634800376,24.284029986491724,35.918627450147724,2.8621552084412403
B0036,85,35,24.0,3182.156,1.7555899416034397,0.8777949708017199,Healthy,3.4727432532131424,2.6336440877825646,4.1849685069062055,0.21152910389543728,-1.981485223109768,-2.0011850366519277,-0.0024844181487435344,0.1672362670049159,30.6408857593701,23.8251596372819,35.53291026153138,2.873665296767008
B0036,87,36,24.0,3180.156,1.7545602176655593,0.8772801088327796,Healthy,3.472459772164966,2.627746605322606,4.186322425483099,0.21221126351930145,-1.98155009393224,-2.0031177298192384,0.000878430995785547,0.16754397100049453,30.615000516436165,23.735102484763033,35.58661163053266,2.9061103947821714
B0036,89,37,24.0,3171.953,1.7499108336094897,0.8749554168047449,Healthy,3.4727100432360887,2.6356796620702037,4.184832493551693,0.21149288853018594,-1.9813008900975513,-2.00104997373674,-0.0026708746645632783,0.1680896772308354,30.62198587167864,23.74110080497865,35.60387176093939,2.9089715210248746
B0036,93,38,24.0,3192.172,1.7610225525303758,0.8805112762651879,Healthy,3.4792060334218475,2.6450931525551966,4.182846104868844,0.21028231717528387,-1.9813367014782532,-1.9993340625649578,-0.00022408028611370262,0.16782242274573062,32.233363947568954,25.41189377127626,37.150900989394586,2.9030553256235523
B0036,95,39,24.0,3194.735,1.7624094574337117,0.8812047287168558,Healthy,3.483370799287766,2.6704116794436663,4.185109686462477,0.20921067906125035,-1.9812253431229576,-2.000008736535748,-0.0029864506743152125,0.16809493933209016,32.95844838713035,26.162618939519366,37.80882382148786,2.8829577881257245
B0036,97,40,24.0,3178.75,1.7536170397120676,0.8768085198560338,Healthy,3.481411230676488,2.6837393111584085,4.184971879756314,0.20923082074891775,-1.9811725960467894,-1.9991453648649236,-0.00025574943808310993,0.16858255987671866,32.33796562819801,25.993641606583484,36.917059178726916,2.6700532597997713
B0036,99,41,24.0,3165.359,1.7462044775191679,0.8731022387595839,Healthy,3.4750001030504976,2.654784886935533,4.184935582810448,0.21098699359308076,-1.981126497626356,-2.0009460733693505,-0.0005059656371537925,0.1693001136053971,31.201004004004968,24.46990910977973,36.08766208839117,2.8445552696315093
B0036,101,42,24.0,3155.25,1.7406176172769725,0.8703088086384863,Healthy,3.4729861560107773,2.650821200008131,4.184405459993748,0.21117302559653625,-1.981010008821274,-2.000441618004775,0.0011192870870260611,0.1701608390007031,30.844212128034435,24.017669040862195,35.833124475553674,2.896237239435684
B0036,105,43,24.0,3173.766,1.750690404425682,0.875345202212841,Healthy,3.4793522768122993,2.6761945611553157,4.173893175797129,0.20589240720461213,-1.9808915610510243,-1.9997650450659452,-0.00012768886205846814,0.16974489270330836,32.19294879984907,25.408095419535538,37.01706025174733,2.897616888822558
B0036,109,44,24.0,3199.485,1.765112055153915,0.8825560275769575,Healthy,3.4863598949467836,2.679442027657799,4.18216296627966,0.207359954861254,-1.9811169585618567,-2.00201926010616,-0.0012834905345373664,0.16941397453990714,33.06146735060497,26.397551344426933,37.72356956982813,2.79664398634872
B0036,111,45,24.0,3196.015,1.7631888267564881,0.8815944133782441,Healthy,3.4833864674331436,2.656640378340114,4.185045339068736,0.20986313308240825,-1.9811266494742925,-2.0016102751277476,-0.0027788900754442225,0.16960546365915277,32.35366819628823,25.848956125552924,36.98324646085538,2.7347943498410356
B0036,113,46,24.0,3595.281,1.9854929528970957,0.9927464764485479,Healthy,3.521360251690921,2.697143455219266,4.290021871695731,0.23112372966891737,-1.9836817212075872,-2.002785284914044,-0.0045423035349200615,0.16000262212934704,34.70040609904863,27.559431044553953,39.35953919640877,2.8744984345224305
B0036,117,47,24.0,3198.0,1.7653557308133239,0.8826778654066619,Healthy,3.481761447167762,2.6612712387136295,4.182247008545814,0.20812295583514032,-1.9822350506501858,-2.0023005852526374,-0.0038952925483865847,0.16984131467012686,32.421923396380706,25.88469734380239,37.027075053721425,2.7112312775595457
B0036,119,48,24.0,3183.516,1.7571880383127276,0.8785940191563638,Healthy,3.4797578588851743,2.6908838763824483,4.184685800633224,0.20595875003304429,-1.9820268271645947,-2.001465969186636,-0.0025851565313182957,0.17049007177454664,31.609192155405946,24.905051360041412,36.34456840908186,2.790767213514015
B0036,121,49,24.0,3183.797,1.7573770661844437,0.8786885330922218,Healthy,3.4759650916373124,2.6365640724626367,4.184560765856749,0.21018082640468938,-1.9820222805220724,-2.001496102641748,-0.0031563091467514547,0.17070793634318993,31.31596403602263,24.558403453621906,36.1535770040422,2.8178567157537833
B0036,123,50,24.0,3191.516,1.7617376127979814,0.8808688063989907,Healthy,3.4781154314639453,2.6235919177171154,4.186186804679722,0.21106210561327018,-1.9821008022150315,-2.0024012820224604,-0.00010644246323396269,0.17105051182137723,31.998588265349394,25.078566873029445,37.00649086775502,2.9285164726921415
B0036,125,51,24.0,3189.985,1.7606892547636663,0.8803446273818332,Healthy,3.4830514284703322,2.6614571813493306,4.184681735978706,0.20819672624970564,-1.981813383736276,-2.002520901659237,-0.0024367835461289525,0.17121715041121338,32.98892411466723,26.22323533635798,37.85686718856992,2.864050879968339
B0036,129,52,24.0,3189.734,1.760669562156983,0.8803347810784915,Healthy,3.4809173250237535,2.640601067759597,4.1823560692950785,0.2100287036404246,-1.9819214923373463,-2.001235039662058,-0.0033660552902839737,0.17141388551228545,32.83558656237567,26.454390087546994,37.45005504798,2.664958851785357
B0036,131,53,24.0,3176.016,1.752963802649152,0.876481901324576,Healthy,3.478940078791892,2.6732282064652693,4.1845961576838935,0.20750086787463462,-1.981676320977873,-2.0006531469147206,-0.0037185791689478983,0.1721339303123115,31.97863874379167,25.272284146546227,36.77795934417618,2.8139477208093444
B0036,133,54,24.0,3171.36,1.750535708024147,0.8752678540120735,Healthy,3.4777534118948465,2.668754575341305,4.184643118766144,0.20788717270791393,-1.9818237973110902,-2.0032893275629737,-0.0015116373381807563,0.17266623860012406,31.7958885352369,25.011607690694838,36.644215074090106,2.8420946413957946
B0036,135,55,24.0,3170.843,1.7500761995337284,0.8750380997668642,Healthy,3.4766647808370212,2.658195971284472,4.184427133733743,0.20838328388576463,-1.9816263251080133,-2.002146271467598,-0.005747797985964901,0.17258101760843186,31.804649399184477,24.8990725500416,37.138598100953445,2.990276516615738
B0036,137,56,24.0,3164.672,1.7465957802278385,0.8732978901139192,Healthy,3.4791247798630294,2.6846493703739718,4.184330747490862,0.20672107028353873,-1.98151142532868,-2.002911547065684,-0.00187813122034251,0.17319674885827657,32.18425444090601,25.306975358284788,37.11821986816654,2.907912300772976
B0036,141,57,24.0,3177.453,1.753614286788707,0.8768071433943535,Healthy,3.4818392989655798,2.668665957651981,4.1823205235968235,0.20777962570415184,-1.9814622792671595,-2.000461299971232,-0.001148153169982941,0.17311470352634947,33.27019350164624,26.479829417070007,38.21028860245779,2.8817561593927152
B0036,143,58,24.0,3172.375,1.750725029920349,0.8753625149601745,Healthy,3.4813626313858914,2.6672344803975685,4.1847408536372885,0.20900849429023283,-1.9813436819375347,-2.0031635045230707,-0.0016813145481529622,0.17332949172396817,32.91813190932092,26.534409792431422,37.5096400873081,2.6614905199538037
B0036,145,59,24.0,3158.406,1.7433053490810113,0.8716526745405057,Healthy,3.473301690187071,2.627654590987336,4.184091920673459,0.21152284750960007,-1.981529747622425,-2.0017017371036148,8.695280144856796e-05,0.1742395040980337,31.48100878915281,24.761400322269875,36.38797733722857,2.8222417229350114
B0036,147,60,24.0,3141.578,1.7336625052776187,0.8668312526388093,Healthy,3.4736758521826694,2.6888969070187216,4.184211671090554,0.20709992533399763,-1.9810876831465265,-2.0016383842160304,-0.003301866029164543,0.1747318822452019,31.127100398792322,24.30343547298514,36.055083131001204,2.8692018421945304
B0036,149,61,24.0,3138.187,1.7319207051538927,0.8659603525769464,Healthy,3.4715154587275445,2.6648936078550007,4.1841757466144065,0.2089320578874458,-1.981234977739969,-2.0017049702320833,-0.0033073689308803526,0.17514226018329587,30.925481627228724,24.06443080280952,35.91912656959304,2.88604383100939
B0036,153,62,24.0,3157.969,1.7428604522751463,0.8714302261375731,Healthy,3.476844269698795,2.652977190328466,4.181891771142459,0.20887351333916337,-1.9812570591809957,-2.001207887684657,-0.00487429143688974,0.17466327567348866,32.53816915596416,25.5007081189472,37.598391918046985,2.9817713566193986
B0036,155,63,24.0,3159.281,1.743306971099712,0.871653485549856,Healthy,3.4828021334350594,2.69728379874788,4.184541597131144,0.20660782723078558,-1.980916655360661,-2.0007340815697723,-0.004521276205484642,0.17492809649257715,33.5082870689835,26.633984253177278,38.473409883226125,2.9269278201609437
B0036,157,64,24.0,3150.375,1.738524506272696,0.869262253136348,Healthy,3.4787179923634985,2.666438804228148,4.1846109764992505,0.20981329444527963,-1.9810059695302538,-2.0010982344783113,-0.0026297144536298602,0.17537268208282208,32.72223824057796,26.302146120200465,37.37835847467748,2.6855393533018335
B0036,159,65,24.0,3134.078,1.7295622663746972,0.8647811331873486,Healthy,3.47116141622232,2.644225504233063,4.184012676032451,0.2110692050437975,-1.9809786114709511,-2.0028092511949036,-0.002241506602929431,0.17611814703400352,31.339643544788586,24.5519901037265,36.32515383321495,2.861704326762826
B0036,161,66,24.0,3129.797,1.7273036765742085,0.8636518382871042,Healthy,3.469009856426531,2.6270672485920983,4.184121216441852,0.21228630701353168,-1.981059447271351,-2.002674380722973,-0.0049112786535840365,0.17640680711952825,31.09122546658414,24.243039011774524,36.17136327433497,2.900990224323467
B0036,165,67,24.0,3161.89,1.7449370491071912,0.8724685245535956,Healthy,3.4757008802735143,2.681073460503821,4.1715485738177795,0.20278318205135074,-1.9810177631821901,-2.0008253955001223,-0.0010534684502271556,0.17573343072782094,32.074525923461515,24.990631462189974,36.94271187003511,2.997572970914879
B0036,169,68,24.0,3196.859,1.7642432071133693,0.8821216035566847,Healthy,3.4820950413929173,2.6173518629094725,4.182622974222649,0.21077249462416273,-1.9810749842802888,-2.0015065236323593,-0.0034921534069396005,0.1749475839445627,33.167208512161885,26.334527256392604,37.96104323229247,2.8828500150014973
B0036,171,69,24.0,3171.906,1.7504882032049596,0.8752441016024798,Healthy,3.480244357608362,2.6882522902609858,4.184454856344911,0.20707175920380455,-1.9809975649315257,-2.002256958212359,-0.0024508433424748656,0.17606878389577707,32.14047774193924,25.625270920149966,36.73214755581345,2.721600912041551
B0036,173,70,24.0,3160.8429999999935,1.7442710815479923,0.8721355407739961,Healthy,3.473582906957752,2.639398647353621,4.184476537283623,0.21055164717490013,-1.9807582643680772,-2.0017569852229236,-0.00238013413971329,0.17683140207431486,31.245399132402053,24.49741942756075,36.082389553135755,2.83570122661121
B0036,175,71,24.0,3147.141,1.7365413923373951,0.8682706961686976,Healthy,3.4722242034096427,2.6623791019309224,4.184024889589791,0.2091913332222344,-1.9805282406081717,-2.0013369678430784,-0.0025909202303662413,0.17709836613728983,30.941808328244683,24.10678905352516,35.84834420893077,2.8766353600408916
B0036,177,72,24.0,3141.203,1.733223093105756,0.866611546552878,Healthy,3.4700774937906473,2.6561014633579925,4.184261427009467,0.20988890533145813,-1.9804746484714413,-2.0049715818869926,-0.004021361825652529,0.177484607917214,30.729579296950984,23.845856477482553,35.70394071930231,2.904400600045159
B0036,181,73,24.0,3151.047,1.73860622908762,0.86930311454381,Healthy,3.4765508294649767,2.6878503046332485,4.182041097453936,0.20689287372111406,-1.98039190119071,-2.0012836292683827,-0.0028814269596924946,0.1775226034897345,32.241219078736684,25.234658226278317,37.23120350609712,2.9650405677587144
B0036,183,74,24.0,3159.172,1.7432134953746192,0.8716067476873096,Healthy,3.478023823464381,2.606635521236163,4.183342596486669,0.2129587599506431,-1.9805091135572959,-2.0018795801112828,-0.0002493425725089805,0.1778173141507779,33.273484981762124,26.407899480785915,38.21827936701842,2.914634183332665
B0036,185,75,24.0,3141.047,1.7332698214832971,0.8666349107416486,Healthy,3.4748978056910036,2.684954312438798,4.184140679167282,0.20840882596496152,-1.9805025193431716,-2.0029462861761083,-0.0004622856587363358,0.1784234130823221,31.82186022608825,25.184149951840894,36.626274908995,2.80104483671752
B0036,187,76,24.0,3135.0310000000027,1.7298906291663272,0.8649453145831636,Healthy,3.468132135397358,2.6296325002671597,4.1842480944363025,0.21234448868256456,-1.9804477654001484,-2.000410764991185,-0.0019607522641065717,0.17861290669548208,30.953485299150877,24.067371525766912,36.01597323994527,2.9256649869734597
B0036,189,77,24.0,3117.984,1.7204403348841348,0.8602201674420674,Healthy,3.4677152773874327,2.676552998785705,4.183757537025025,0.20944655112620308,-1.9802957447258618,-2.0017891626777025,-0.0006791444227451461,0.1795375564956486,30.594113322212998,23.719534460860782,35.64214686208444,2.9242140812261765
B0036,193,78,24.0,3125.328,1.724420729012913,0.8622103645064565,Healthy,3.464870080840597,2.62514939238803,4.18290280302208,0.21288373735800203,-1.980207910561322,-2.002006842786516,0.0007794104654733265,0.17937923626945174,30.621050708667628,23.550012768481476,35.82141559167005,3.009540169950479
B0036,195,79,24.0,3120.172,1.7214872814061166,0.8607436407030583,Healthy,3.4658543618027586,2.628502877540015,4.183818903348512,0.21299638380128014,-1.9800833052331595,-2.002435123952101,-0.001868924294770898,0.1796545426852085,30.73760557478901,23.802368517349294,35.84687241575459,2.94832995699633
B0036,197,80,24.0,3116.641,1.7197448773569262,0.8598724386784631,Healthy,3.463489697714707,2.619866867748,4.183839437859511,0.2138073015248058,-1.980268967910438,-2.000876302512133,-0.0034961969893167045,0.17999358484225825,30.475687104433288,23.415512262900588,35.6948403215532,3.0174372840816175
B0036,199,81,24.0,3110.844,1.7164304142145894,0.8582152071072947,Healthy,3.4657104202129614,2.6612878285284127,4.183940441185628,0.21092906256103924,-1.980057929657538,-2.001371004807907,-0.002028297098875632,0.18051988823948625,30.665478038053948,23.64601820888219,35.819676472043525,2.9835119568043553
B0036,201,82,24.0,3101.406,1.7112029253299619,0.8556014626649809,Healthy,3.4645909946616262,2.6699917743429817,4.184066892064025,0.21080085620163833,-1.9800230190313004,-2.0017748549858165,-0.003441119150600855,0.18069422532281054,30.48169086494209,23.507407936426883,35.629734084261784,2.9760198067088535
B0036,205,83,24.0,3099.563,1.7102343231599222,0.8551171615799611,Healthy,3.4629772764216105,2.6688661295694205,4.181908017913433,0.21059232109243245,-1.9800140007357074,-2.0016093124428225,-0.002892346132450576,0.1811930010299791,30.501790386236014,23.4688262073781,35.66196676336087,2.9970371167965824
B0036,207,84,24.0,3104.64,1.713096882151029,0.8565484410755145,Healthy,3.4616288821771044,2.6222751020303923,4.1838810012271175,0.2145727519530141,-1.980072672691808,-2.000651458121082,-0.004007693097858745,0.18107706160175047,30.48295279202987,23.435517106060782,35.75183992747387,3.0149492903909394
B0036,209,85,24.0,3099.875,1.7103708617208135,0.8551854308604068,Healthy,3.4628964155593924,2.643376209522438,4.183938680731157,0.2132169682784042,-1.9799210298032588,-2.0016604514473157,-0.0036297203423590416,0.18143831805016833,30.592002581671938,23.660746588520688,35.77783462667514,2.9679899921451445
B0036,211,86,24.0,3093.25,1.7064617296121434,0.8532308648060717,Healthy,3.4611295820153054,2.6362266436030413,4.183997413375148,0.21371949006326918,-1.9796449702564978,-2.0021616961773727,-0.0006243787020377098,0.18216252412796166,30.424569049276556,23.341986399299063,35.713721223369035,3.04172664625335
B0036,213,87,24.0,3086.688,1.7029429979110946,0.8514714989555473,Healthy,3.4632231738970973,2.6753943315026825,4.183680554471844,0.21102405024589305,-1.9797208473969017,-2.003300958949492,-0.0023388287273444558,0.18228643189941063,30.570652220376168,23.54622898059731,35.725860691702124,2.989995326360362
B0036,217,88,24.0,3094.281,1.7072612643840062,0.8536306321920031,Healthy,3.4594353969848526,2.626280067476453,4.182869408506432,0.2147831210072031,-1.9798193556242383,-2.000588867008761,-0.0021733468925487064,0.18232656306731504,30.460459721443804,23.334482034397343,35.768527567848494,3.0519199675678768
B0036,219,89,24.0,3088.328,1.7038637196766078,0.8519318598383039,Healthy,3.4619323762511636,2.6699754309728454,4.18373987583806,0.21148835958644896,-1.9796708243361156,-2.0009417894069323,-0.0009222301194144796,0.1827150054975914,30.547691944309644,23.46007919041173,35.84926876193408,3.0539422259479316
B0036,221,90,24.0,3095.687,1.7079617948422274,0.8539808974211137,Healthy,3.4640211108291785,2.6485692977117936,4.183750461912779,0.21260527731475087,-1.9796986341756921,-2.0016782403661075,-0.0047761334836207755,0.1825005792490282,31.189572257243857,24.024871409762568,36.56783936040424,3.0964926027840955
B0036,223,91,24.0,3102.062,1.7113022833627787,0.8556511416813893,Healthy,3.4674082899150327,2.652784779103966,4.183786894340978,0.21256586511688075,-1.9795447080949824,-2.000349526256562,-0.00246056195266762,0.1826748135232226,31.898081785720198,24.80543230121374,37.22026804863562,3.073887382754503
B0036,225,92,24.0,3107.141,1.714122057472244,0.857061028736122,Healthy,3.467669094088933,2.61112320884266,4.183945554245884,0.21667769420861402,-1.9794620575291975,-2.0000502199199452,-0.003075970565862271,0.18243402674159748,32.32306890954346,25.65915220022702,37.24354714231705,2.8008593381321525
B0036,229,93,24.0,3090.719,1.7053324925701605,0.8526662462850803,Healthy,3.4590063160949422,2.6171931724123265,4.182910559206333,0.2163848573822507,-1.979668515306621,-2.002235017468337,-0.0007540310103105808,0.18365804891031362,30.83436798904695,23.84060461795071,36.101954503621805,2.9929057495605926
B0036,231,94,24.0,3069.812,1.6934609472531408,0.8467304736265704,Healthy,3.4580229191527696,2.6630699292303373,4.183616020558508,0.2133190221158428,-1.9792552718561545,-2.0029223930258224,-0.003296336828326992,0.18426190616606292,30.287043848864634,23.221692679840743,35.590895284221084,3.0396797971675635
B0036,233,95,24.0,3064.437,1.6905244127230223,0.8452622063615112,Healthy,3.4563349020618155,2.659720848238619,4.1835063699815285,0.21395345634016938,-1.9792443099751138,-2.001361539543119,-0.0027089901018091493,0.18452312026683784,30.072000414523774,22.97359506516038,35.41708929698686,3.0517867463873407
B0036,235,96,24.0,3083.25,1.7007774858498304,0.8503887429249152,Healthy,3.460450149170936,2.6273527452578365,4.1862295732164165,0.21575766181728762,-1.9791194191351382,-2.0008765508581288,-0.0055573174849790396,0.18394454425479748,31.093661069729663,23.74244827227352,36.542285984903515,3.1643147113979655
B0036,237,97,24.0,3076.484,1.6971104467944576,0.8485552233972288,Healthy,3.463960681885895,2.679397409659904,4.183727110735532,0.21120302977806496,-1.9791613878366452,-2.00062745119498,-0.004541902294402584,0.18449482683451274,31.607623511235108,24.288941673067036,37.06815080209899,3.1852652070493694
B0036,241,98,24.0,3081.297,1.6997924522951837,0.8498962261475919,Healthy,3.4630674142567415,2.6638409912727004,4.182211079560967,0.21328182741424384,-1.979091763193608,-2.002252540622426,-0.0030068529543121644,0.18504184527032083,31.68782676208534,24.805322638103345,36.82684422999281,2.951628818088925
B0036,243,99,24.0,3065.953,1.6912704773954121,0.8456352386977061,Healthy,3.456673276206162,2.638750759665419,4.183505107711148,0.21624169239686444,-1.9790766827277793,-2.002183949867592,-0.004273027970998495,0.18533004098346037,30.64130472367544,23.657995953412048,35.92988720620677,3.0062450483721617
B0036,245,100,24.0,3055.828,1.6857127009469863,0.8428563504734932,Healthy,3.455027058159508,2.6521564133104056,4.183301376056718,0.21519013371079945,-1.979038060944376,-2.0015266346217415,-0.0019439934467730532,0.1858485147911729,30.35775664232519,23.208814738328577,35.781290058222865,3.0943693539499697
B0036,247,101,24.0,3051.468,1.6832093771286156,0.8416046885643078,Healthy,3.456388317029322,2.6736629264226712,4.183248853903273,0.2135460436397791,-1.9788327303856925,-2.0011249665699338,-0.0019988768067600135,0.1862522668496778,30.46760275047682,23.311978085092868,35.83938701624516,3.088174318743145
B0036,249,102,24.0,3069.0,1.692886364169521,0.8464431820847605,Healthy,3.462072409842235,2.665966871855665,4.183494017304386,0.2133634851618049,-1.9788745442826565,-2.0009993271431443,-0.0004738434346515472,0.18585027492966572,31.690335464880064,24.450687551804663,37.17156479403066,3.154838988312157
B0036,253,103,24.0,3079.235,1.6984668174144633,0.8492334087072316,Healthy,3.466006130026554,2.6818321771597287,4.181646831165721,0.21180424354807437,-1.9787981178503085,-2.0019187157474807,-0.0019848066777768095,0.18580649015386153,32.58002111430288,25.50907751971739,37.84191340591018,3.0537548567737747
B0036,255,104,24.0,3070.344,1.6935813413828429,0.8467906706914214,Healthy,3.4601239314707923,2.6354438765341697,4.183467994187793,0.21694500188240512,-1.9788051627908367,-2.0007727144601377,-0.004321306259202696,0.18599801319228007,31.69291039725797,24.7925097645142,36.94021929474592,2.970812991991664
B0036,257,105,24.0,3051.4839999999967,1.6830951253781283,0.8415475626890642,Healthy,3.453593464720813,2.633581331346773,4.1834014802387,0.2180817098649479,-1.978575532876541,-2.0007517737509772,-0.0033340496688171973,0.18696346790343227,30.608400390292736,23.589215774205197,35.979852438003704,3.0391776500620247
B0036,259,106,24.0,3054.812,1.6850462226942986,0.8425231113471493,Healthy,3.4519795194744436,2.6164895194312585,4.18648088216282,0.2197823432151976,-1.9787606413982342,-2.001600027914263,-0.002726074927020739,0.18708194409028817,30.399652022711006,23.19246986040044,35.91143435448471,3.123085581237328
B0036,261,107,24.0,3046.532,1.6803098840017598,0.8401549420008799,Healthy,3.4544340644325837,2.662037646915503,4.18650094380192,0.21622914543323957,-1.9785255298300461,-2.002715175952081,-0.004967540283571043,0.18730681659035153,30.547315574796166,23.35262786120078,36.0224357923641,3.118005369781854
B0036,265,108,24.0,3071.782,1.6944038437227715,0.8472019218613858,Healthy,3.4638257834252806,2.6705894388847278,4.182814594549196,0.21435869343209082,-1.9786658818521448,-2.0021347290579303,-0.003233317570064247,0.18698922105384577,32.47851626978816,25.55119070794383,37.65075812929836,2.973801307683516
B0036,267,109,24.0,3074.532,1.6955686127180103,0.8477843063590051,Healthy,3.4669219935055278,2.668638829617292,4.183640043729965,0.21436754054335802,-1.978303548943712,-1.9999099102761286,-0.0019410976716811139,0.18697972923235331,33.085111849545555,26.190517564702994,38.27191158762031,2.977766414377426
B0036,269,110,24.0,3053.656,1.6841854728350405,0.8420927364175202,Healthy,3.4626538753824714,2.6931351824491827,4.1835457131046185,0.21353943721847377,-1.9783071872539106,-2.002549456337823,-0.0009657742279999745,0.18785904791245697,32.12056072268224,25.297939254657074,37.26845925037034,2.9556251380427847
B0036,271,111,24.0,3031.953,1.6722180144870118,0.8361090072435059,Healthy,3.4554390863736857,2.6913462011853904,4.183400261585032,0.21433636606372564,-1.978252788411394,-2.001711879687912,-0.0031204605903022127,0.18862517399270962,30.90915966232928,23.88766002302783,36.23919416621716,3.0497180131257715
B0036,273,112,24.0,3023.5,1.6675976965747183,0.8337988482873592,Healthy,3.453636642746737,2.6988025346836504,4.183219724741507,0.2140637606109361,-1.9782840417249774,-2.001654493324268,-0.0038189754391683823,0.18890179865720655,30.586499493516442,23.46091272019914,35.989930424393194,3.104789404003703
B0036,277,113,24.0,3042.703,1.6781873787039017,0.8390936893519508,Healthy,3.4530724754532334,2.6523436778902467,4.182242945113323,0.21679766127171937,-1.978213800283229,-2.0002866611264074,-0.0017572444489996166,0.18895891144652757,31.078305845971443,23.653852101617762,36.752805224654765,3.258758183994805
B0036,279,114,24.0,4424.203,2.4440624320786557,1.2220312160393278,Healthy,3.626510481777051,2.691307184686052,4.519252349646744,0.32343985961524574,-1.9837057741381123,-2.0022312748692235,-0.0029581275082323443,0.15693437341257402,33.98757612493629,26.964036538169903,38.49714613607372,2.616417022120958
B0036,283,115,24.0,3066.766,1.6913403148932205,0.8456701574466102,Healthy,3.466145279289297,2.6565288043863395,4.181498148571605,0.21668145112376222,-1.9781440584613479,-2.0014196256892336,-0.00018117967783014865,0.1883167533359895,32.26010764297862,25.485015028975592,37.31224141481378,2.9025198769863287
B0036,285,116,24.0,3046.125,1.6802787096613283,0.8401393548306642,Healthy,3.4640146950069006,2.680162151919943,4.183547797387942,0.21583834637061894,-1.9784600594573567,-2.001357263558416,-0.0010211685513373198,0.18912483828262847,31.42619925446257,24.536217553074003,36.59740421257035,2.968717907175812
B0036,287,117,24.0,3033.625,1.673147301023026,0.836573650511513,Healthy,3.4626259258314476,2.686423419926791,4.183620162153654,0.21564278067210368,-1.9781834973907693,-2.0017591814515625,-0.0024966397016684843,0.18955938514766835,31.20956154006514,24.30375532630907,36.44126696853565,2.9925373374054294
B0036,289,118,24.0,3028.562,1.6704292090032429,0.8352146045016214,Healthy,3.4609363258654184,2.672431142055385,4.183446864929328,0.21686005559202942,-1.97816336280146,-2.0011032611231436,-0.0005521842606962627,0.19009940216139687,31.078110221174402,24.149625651831865,36.32670051789851,3.014569181257507
B0036,291,119,24.0,3020.984,1.6659903350115992,0.8329951675057996,Healthy,3.4616449511434926,2.6906755654263526,4.183128389159035,0.21557973457186877,-1.9778390299632154,-2.0028682109184794,-0.001808351299128825,0.19044507833788785,31.053614094154142,24.11047746783248,36.29811998606583,3.012501234210073
B0036,295,120,24.0,3017.391,1.664241575272447,0.8321207876362235,Healthy,3.46014320685645,2.697829479340451,4.180942847373935,0.21472701579467898,-1.9780641124929104,-2.000358859987671,-0.003997927239448579,0.19079148885169372,31.06053283354067,24.03644264099394,36.315665405173284,3.0463719747858082
B0036,297,121,24.0,3022.14,1.6668450767774965,0.8334225383887482,Healthy,3.4580980197093147,2.6506127411002423,4.182939031295494,0.21932461355617713,-1.9780348126637537,-2.0016029724530995,-0.0025025601664729817,0.19091342304622305,30.97728291917627,23.98215698310198,36.31712206468977,3.0354111284241863
B0036,299,122,24.0,3009.016,1.6594501560667536,0.8297250780333768,Healthy,3.459389982444422,2.690672074169337,4.183242834674278,0.215964267564871,-1.9777931454666962,-2.001572594962202,-0.0006119110035916644,0.19123274169903157,30.93918723715448,23.93192130983737,36.228571111440864,3.057851593346551
B0036,301,123,24.0,3014.672,1.662412523067319,0.8312062615336595,Healthy,3.455631406481116,2.6272249252599598,4.183686841202558,0.22179176413709617,-1.9775654046883246,-2.0029223519412267,-0.0015244830444558378,0.19162490097621165,30.926289651305336,23.916275195556413,36.35810336081934,3.0523127536600034
B0036,303,124,24.0,3010.703,1.6603526083225701,0.8301763041612851,Healthy,3.4549175745634897,2.6243035932050947,4.183358354217051,0.22223928174550103,-1.9777096278151205,-2.0012842672903166,-0.0029032140060993175,0.1916707571180274,30.863054927475556,23.85422362012047,36.29901438256062,3.057425574578298
B0036,307,125,24.0,3011.75,1.6610231379633236,0.8305115689816618,Healthy,3.4567232383364708,2.6669662761212,4.182728484057378,0.21860565314184593,-1.977833418220376,-2.001199210852871,-0.001471031035100222,0.1917839877901871,31.038017243387284,23.96717086274464,36.42868217427085,3.0741202591827275
B0036,309,126,24.0,3005.734,1.6575187557321613,0.8287593778660807,Healthy,3.4566056806279244,2.6573427494924386,4.183421219857983,0.21964114797237452,-1.977513435934886,-2.002800542011826,-0.003048808925054418,0.19205238827305457,31.04050751190746,24.03491351977783,36.39664144336581,3.0541648029486934
B0036,311,127,24.0,2993.75,1.6507877959674548,0.8253938979837274,Healthy,3.457263997632369,2.6914302974482167,4.183196106021016,0.21680050519250443,-1.9773123626836613,-2.0009413249047436,-0.0008001800237581544,0.19282470810174487,30.957302786226403,23.933794489972804,36.317435246585276,3.069907987705723
B0036,313,128,24.0,2998.125,1.6532570062110141,0.8266285031055071,Healthy,3.4540018182289085,2.641029666264374,4.183209699462281,0.2214115099962362,-1.9773999985000372,-2.000552819210372,-0.0030197278406780986,0.19250726206428445,30.945276932009087,23.882500321932156,36.40596657880105,3.0815538681575076
B0036,315,129,24.0,2990.859,1.6494214846772686,0.8247107423386343,Healthy,3.454729708764956,2.6663067674348446,4.183138406019062,0.2194998327137389,-1.9775454272489617,-2.0053749047084093,-0.001885403731298549,0.1932230452848368,30.888914324823496,23.848900090304696,36.28093983069052,3.075593326878561
B0036,319,130,24.0,3024.453,1.6678591915666705,0.8339295957833353,Healthy,3.4602322781016106,2.6520245119510846,4.182486390609512,0.219298472969814,-1.977556174123632,-2.001066605318924,-0.002068008016375336,0.1921007272846521,32.321489418619095,25.077183710470603,37.95295717388789,3.2083869132944565
B0036,321,131,24.0,3030.765,1.670862764324967,0.8354313821624835,Healthy,3.4653467037084007,2.650846498933422,4.183464386226038,0.21964975499698547,-1.9769835735935626,-2.002186569861677,-0.0023996198522401855,0.19209552500279012,33.23510488083581,26.427334914499774,38.41829396059596,2.970956586497259
B0036,323,132,24.0,3020.813,1.6658118164053368,0.8329059082026684,Healthy,3.4612961227490118,2.636443131108017,4.1834582213062665,0.22153680064258716,-1.9774113966642073,-2.0017749202505266,-0.004383536933426622,0.19251463498873175,32.672384089467116,25.91192188569918,37.82488704281872,2.939143234952654
B0036,325,133,24.0,2998.156,1.6532998517617,0.82664992588085,Healthy,3.4568319834213184,2.6573768263158466,4.183218486473692,0.22055099860532276,-1.9773199609696597,-2.0007169882370412,-0.0022988031421050147,0.19349225121915406,31.627875999689845,24.731201336850514,36.92206046060923,3.0242568699175814
B0036,327,134,24.0,2986.766,1.6468787023528522,0.8234393511764261,Healthy,3.454274871932744,2.661750337550587,4.183226539078387,0.22039215943858695,-1.9771073220010116,-2.001325557175692,-0.0013303278426566394,0.19396446059478573,31.234092745007935,24.183348644602074,36.61884081007243,3.0815820447134636
B0036,331,135,24.0,3032.328,1.6718953249703756,0.8359476624851878,Healthy,3.459039144301172,2.6766475071440374,4.174285560234163,0.21556994833318247,-1.9761775564887942,-2.0012847325981546,-0.001962028925241122,0.19872759802368656,31.95070753872921,24.797361685163395,37.26760229905419,3.1102024139561917
B0036,335,136,24.0,3047.703,1.6807743463585727,0.8403871731792864,Healthy,3.466556169993412,2.683234032060573,4.181276067644604,0.21557113440173237,-1.9775382652377453,-2.008795403935178,-0.0015259772825198835,0.1925740248545489,32.94223311807837,25.877785213085076,38.257226591815964,3.073161208454634
B0036,337,137,24.0,3034.968,1.6737717086703074,0.8368858543351537,Healthy,3.4591810827626084,2.622356052772389,4.18302191595724,0.22263234156430609,-1.977527154273711,-2.0031957722825595,-0.0028642591518349587,0.1931213876650584,31.941852555671353,25.11699860570447,37.22999793294153,2.9563604742685774
B0036,339,138,24.0,3011.7339999999967,1.6605773762487392,0.8302886881243696,Healthy,3.4577876655294553,2.6656468752025866,4.183316981130492,0.21931649544518309,-1.9769664559960938,-2.002178261848821,-0.001505332380572564,0.19395773900422716,31.44720711271493,24.51381023129178,36.750095375605376,3.013451483003047
B0036,341,139,24.0,3002.922,1.655987781146086,0.827993890573043,Healthy,3.454417180570097,2.6416903037262225,4.183031434193402,0.22226889008335923,-1.9771854714072983,-2.0011693562380435,-0.003842917971572827,0.1943888144891826,31.12482497372082,24.24149688736979,36.461339694064534,2.971245075177131
B0036,343,140,24.0,2986.718,1.6468623183898439,0.8234311591949219,Healthy,3.4527482715790674,2.6595878021770023,4.182347238057592,0.2218500245087435,-1.9768884059107226,-2.000533909313961,-0.0030488079854527417,0.19512885398746296,30.75545169222773,24.09094831485414,36.121581178683655,2.886041054391353
B0036,347,141,24.0,3006.203,1.6574621175432847,0.8287310587716423,Healthy,3.460599249296477,2.687257575540443,4.181133837276345,0.21833213346610744,-1.9767960110088925,-2.0017889891565974,-0.0011704315649406672,0.19477908201142613,32.32491302674166,25.751254773128128,37.62901534109348,2.8594341591997328
B0036,349,142,24.0,3011.609,1.6603991175216894,0.8301995587608447,Healthy,3.4634741461937795,2.6749338603361448,4.18258237874211,0.21944312050787482,-1.9766590715947012,-2.002031476486703,-0.0010409585022826979,0.19512482126861916,32.9527098749988,26.422312504624646,38.17206500603514,2.8308861968005243
B0036,351,143,24.0,2985.953,1.6460789092837111,0.8230394546418556,Healthy,3.458931693641407,2.6883490982654625,4.182469644453435,0.21951566449703488,-1.9763441035961147,-2.00172153934365,-0.004170409400170616,0.19567078973529306,31.963338156822648,25.54974799891278,37.074417465672504,2.757518145615639
B0036,353,144,24.0,2976.3129999999946,1.6408366462659327,0.8204183231329664,Healthy,3.4515443093644445,2.6341133806914536,4.182289875103196,0.22490428721657654,-1.976398819741924,-2.000574694144919,-0.0023119550613622045,0.1963046468063306,31.192560893948695,24.61584576794527,36.555960407488875,2.8512486458363315
B0036,355,145,24.0,2964.75,1.6344408920281601,0.8172204460140801,Healthy,3.451340191696518,2.6535520046660226,4.182381246517502,0.22320709035139324,-1.9763560129084317,-2.0014919406194833,-0.003531458937968664,0.1967668878943089,31.01189616418059,24.26140709640571,36.35822055804636,2.910643521346873
B0036,359,146,24.0,2969.953,1.6374039186504212,0.8187019593252106,Healthy,3.4541105051819967,2.682065697865543,4.18080325573756,0.2197676646558832,-1.9764726236625383,-2.001201969879881,-0.0015601440410522222,0.19674265329385318,31.59342641124915,24.684444542047743,37.04815005782166,2.996579352897906
B0036,361,147,24.0,2988.453,1.64738207540524,0.82369103770262,Healthy,3.456542656900933,2.623022825320866,4.1824485661725594,0.22518607963561932,-1.9761971299509842,-2.000826197482675,-0.0029708101193880662,0.19630209891498768,32.451352345308976,25.816866325416914,37.78142773101782,2.8710890333023884
B0036,363,148,24.0,3001.235,1.6545646441622355,0.8272823220811177,Healthy,3.462836576734922,2.638877668106794,4.182854046942437,0.22182402096532275,-1.976435899887901,-2.0019806638375113,-0.002090778864827327,0.19569175903104433,33.70907658061942,26.755245728305425,38.98412239569435,3.040628652244183
B0036,365,149,24.0,2976.234,1.640896560729935,0.8204482803649675,Healthy,3.455642847223531,2.6345026369215763,4.182728439067422,0.22382263866916685,-1.9764723723079625,-2.001594188579669,-0.0031137480951454735,0.1967597806874947,32.3628652503866,25.580751385885005,37.65911041193654,2.9685984543937227
B0036,367,150,24.0,2950.39,1.6265229979339635,0.8132614989669817,Healthy,3.453765407751183,2.6856425973144904,4.182876278594965,0.2198334411977994,-1.9762622330108464,-2.0004095548319234,-0.003000663629546209,0.1975420362080039,31.558941182174713,24.616276565969724,36.92167189475025,3.0500785855439165
B0036,371,151,24.0,2941.719,1.6217349144630457,0.8108674572315229,Healthy,3.4500406564088526,2.68786797873656,4.180649883777921,0.21993037010917416,-1.9761878164815234,-2.000900382690503,-0.0029080857736414637,0.1982133542504286,31.135887556686384,24.0965294768098,36.59954969750561,3.096415204708326
B0036,373,152,24.0,2946.969,1.6248200059639546,0.8124100029819773,Healthy,3.447400483446299,2.6302060684262494,4.182879997125387,0.2252548542639541,-1.9763905482451505,-2.0016097915484665,-0.0031118252397211187,0.1983057004201215,31.04112225235265,23.94058877670859,36.62217023847058,3.1323994090470397
B0036,375,153,24.0,2936.171,1.61880119736137,0.809400598680685,Healthy,3.449026045033965,2.6641914790243417,4.182616597040702,0.22249807020490783,-1.9763256382870518,-2.0020912722122786,-0.0025608664380762686,0.19870977125730177,31.054879323980543,23.999137351199927,36.590898812608955,3.12225823259156
B0036,377,154,24.0,2927.281,1.6137350490334217,0.8068675245167108,Healthy,3.450376630404453,2.689303373660729,4.1825067669668625,0.22037799066578243,-1.975971961224962,-2.0014458177637215,0.0007789786857402328,0.1995681476329371,31.10833607101402,24.08150574103411,36.59234456560626,3.104018885716459
B0036,379,155,24.0,2924.422,1.612012823654141,0.8060064118270704,Healthy,3.447000121773302,2.65147651386545,4.182535478785295,0.22414682459865776,-1.9758050203647282,-2.000167970309902,0.0004392437380041023,0.19974696971212494,30.944663670795183,23.898748408422794,36.48018480302178,3.109775128873625
B0036,383,156,24.0,3023.859,1.6671032556887178,0.8335516278443589,Healthy,3.4669760884346075,2.6896892125914618,4.1690491680104165,0.21019274465767648,-1.9763325577592548,-2.003950808278935,-0.0008371923327228107,0.19683926961949388,32.6791979812127,25.52595713846892,38.23567263982747,3.192960170443964
B0036,387,157,24.0,3056.172,1.6850133383886254,0.8425066691943127,Healthy,3.4736386683731344,2.6628469651561684,4.181271830692525,0.21636924766242918,-1.9764828677632524,-2.0015010947067746,-0.0014894364732493614,0.19585632338653988,33.03296653786076,26.480844385435898,37.930952706812825,2.823345107719602
B0036,389,158,24.0,3045.078,1.6786654987614698,0.8393327493807349,Healthy,3.467958204671299,2.626900680068646,4.1830606408887965,0.2196489481680712,-1.9762113672371753,-1.9999016673464969,-0.004098358498117174,0.19606844472007146,32.14080730031082,25.44849328171353,37.19257582780181,2.8868880584304657
B0036,391,159,24.0,3034.25,1.6729763502191373,0.8364881751095686,Healthy,3.4632760700749996,2.6081515730092875,4.182456210343196,0.22114993904938612,-1.9764506704962272,-2.000618099416812,-0.0016991841945674833,0.19690828206727276,31.54659714469647,24.733537220313277,36.76201438343683,2.9604585583231295
B0036,393,160,24.0,3022.609,1.666489034299654,0.833244517149827,Healthy,3.4628276335315356,2.6357331981420877,4.182764774519028,0.21909914268759315,-1.976336702286546,-2.003239061725877,-0.0009205007233992248,0.1972567928583756,31.32211217550974,24.45996796354211,36.54833629882202,2.983483745980172
B0036,395,161,24.0,3028.828,1.6698420840710908,0.8349210420355454,Healthy,3.4646012546935614,2.629018498984386,4.183320176415955,0.21900275132599561,-1.9761771069613194,-2.0026397539162186,5.2501204401648626e-05,0.19743245046263766,31.944476209251814,24.83899714715284,37.37954300419149,3.117730712937126
B0036,399,162,24.0,3037.875,1.6746744228027035,0.8373372114013518,Healthy,3.4679372219489957,2.6266603184816235,4.180963257164536,0.21921718084252587,-1.9760041905736139,-2.003823480038933,-0.0010127423979090567,0.19734110519909343,32.95970790517297,26.090290835837656,38.17965570439169,2.995199649280634
B0036,401,163,24.0,3023.187,1.6665045335145643,0.8332522667572821,Healthy,3.462497796397771,2.602450788874241,4.182710427278442,0.22288065993874887,-1.975873938296025,-2.0015896507781563,-0.000737279937754776,0.1983117076584402,31.94954978552722,25.362504765065975,37.06880928199277,2.8672518823163307
B0036,403,164,24.0,2996.922,1.6522220848347273,0.8261110424173637,Healthy,3.4597555835668237,2.662872873818505,4.182466447324255,0.21786848429966169,-1.976044015388604,-2.0013924851522065,-0.0019442928063618007,0.19860549159890312,31.016509562928245,24.102557617438656,36.3207199175235,3.0323158577546945
B0036,405,165,24.0,2986.469,1.6462718275099526,0.8231359137549763,Healthy,3.4575027462160053,2.6641259048235493,4.182351343336321,0.2180255552135915,-1.9757551706068877,-2.00099190176043,-0.0030023031428759402,0.19927919801451816,30.717850318637232,23.71117850596633,36.10688426616758,3.080525236193187
B0036,407,166,24.0,2979.219,1.642399234692521,0.8211996173462605,Healthy,3.4593887120996203,2.6980994427054057,4.182757605057146,0.21514927990906424,-1.9758263113357128,-2.0008556099009356,-0.0002785761550558958,0.1998149508225839,30.879779806825745,23.744852385408038,36.31248307899438,3.139455252162773
B0036,411,167,24.0,2995.047,1.651178607099992,0.825589303549996,Healthy,3.459697403340653,2.649240292513478,4.180861110367055,0.21880074751113185,-1.9759776263748132,-2.0021284907747647,-0.0005096135001277358,0.1991581209413778,31.650221324336044,24.590294260015632,37.07549861586275,3.1018310733709114
B0036,413,168,24.0,2989.828,1.6481683120281931,0.8240841560140966,Healthy,3.4641295904583864,2.691344905562854,4.182794520703595,0.2158803102970941,-1.975719002321735,-2.0008221456612882,-0.003297420677409282,0.19957997177483236,32.06625589927076,25.086817061257822,37.414877687125575,3.0735780842174285
B0036,415,169,24.0,2989.391,1.6478887725428397,0.8239443862714199,Healthy,3.460169463632063,2.6312837349184783,4.182556061512275,0.22175114525304535,-1.975704650691821,-2.0017549416670004,0.00017965467151311804,0.1999839646714336,31.895952062496796,25.19916169623783,37.09639528593206,2.922819228330666
B0036,417,170,24.0,2967.2810000000027,1.635843650915682,0.817921825457841,Healthy,3.4561756716228116,2.6584363442335084,4.182810830291452,0.21983833031795239,-1.9757629054586396,-2.000542886554803,-0.002273119180743892,0.20070832074183342,30.985495506316067,24.061942151606782,36.366051667033084,3.04992449000585
B0036,419,171,24.0,2962.609,1.6332362811945516,0.8166181405972758,Healthy,3.452053305545746,2.6231998193879877,4.182635286848819,0.22295661802671277,-1.9757208321303017,-2.0019331296363676,-0.004501590330077511,0.20063018730407994,30.72140290899611,23.691777590949794,36.234238027710575,3.103572884040246
B0036,423,172,24.0,2957.016,1.629926467682987,0.8149632338414935,Healthy,3.4498706612134633,2.633671931011382,4.180865480888278,0.22221912606401995,-1.9753838232885894,-2.000836252082105,-0.003639711638300777,0.20106001137639432,30.525764579406868,23.39948513363078,36.13330283566238,3.1556040018343565
B0036,425,173,24.0,2973.281,1.6387862629287224,0.8193931314643612,Healthy,3.4562888987795763,2.613160298710749,4.182371604193263,0.22344397621008863,-1.9753747226034408,-2.0005565957229483,-0.0010630342319161796,0.2007119814851081,31.861104818689885,24.791288522389898,37.40631592104371,3.1252227234063232
B0036,427,174,24.0,2968.016,1.6359654863840773,0.8179827431920387,Healthy,3.4606240664312637,2.664776371262019,4.182870580087216,0.21925592037773944,-1.9753588071492805,-2.001606404211715,-0.0007685296487351225,0.20124612174069392,32.31201872670814,25.348743159547922,37.77076533558071,3.087488317745766
B0036,429,175,24.0,2959.281,1.631137043967566,0.815568521983783,Healthy,3.456019242182233,2.632939371611515,4.1827611176443975,0.22322340245297523,-1.975257971644178,-1.999731674892746,-0.0028543974289036585,0.20170506969715532,31.793010248024903,25.01914314738702,37.14813436098321,2.9874710868400327
B0036,431,176,24.0,2942.797000000006,1.6220189720888463,0.8110094860444231,Healthy,3.450712115143618,2.6282834158429433,4.182395237195288,0.22397735313990255,-1.9752191259041325,-2.0012097377908966,-0.0015357841271437709,0.2023884075048473,31.01748043918613,24.046073283059812,36.53239990681521,3.0831708490846848
B0036,435,177,24.0,2978.89,1.6416044978422155,0.8208022489211078,Healthy,3.457628617948717,2.6382695335398956,4.174632559195338,0.22022226751940596,-1.974872083562542,-1.9999922943569635,-0.003308938026291439,0.20120786692891404,32.52627247756125,25.605066892024084,37.81511547301817,3.033320834169038
B0036,439,178,24.0,2948.891,1.6253090231457805,0.8126545115728903,Healthy,3.453055943057908,2.666855394758346,4.180584396863127,0.2199759421932337,-1.9750892690302662,-2.00062580916902,-0.001495597945369605,0.2022239562237007,30.971239918679984,23.948538947503835,36.404593910301536,3.090517273305265
B0036,441,179,24.0,2938.547,1.6196134522239483,0.8098067261119741,Healthy,3.450668341610227,2.645771603606621,4.182361662503121,0.22232710357911042,-1.9750429933939881,-2.0014979554620873,-0.003690534190557053,0.2027296128148276,30.76463270446893,23.695424055229687,36.31178502135717,3.1270585415020316
B0036,443,180,24.0,2925.484,1.6124236174774371,0.8062118087387186,Healthy,3.450902810317066,2.6749192828697232,4.1825612222864805,0.22029118342795845,-1.9749799926549043,-2.0001940144005674,-0.0032308298789850164,0.2033291533830495,30.660177115279623,23.590840566457,36.180551238597374,3.131881914452005
B0036,445,181,24.0,2917.297,1.6077701029913394,0.8038850514956697,Healthy,3.4500594839606094,2.6772635289500464,4.18253016588314,0.22048025062971296,-1.9747546184485705,-2.001710053938121,0.002276212136857938,0.20411351222992075,30.586674094126863,23.538863073507855,36.10348020899565,3.124503116968907
B0036,447,182,24.0,2918.938,1.6088077531981582,0.8044038765990791,Healthy,3.449110812692783,2.651409246777448,4.1821683496152,0.22279449524075134,-1.9749280525665507,-2.001450125981973,9.414651952537693e-05,0.2040507005218979,30.83253477381729,23.77839028946409,36.398158452424276,3.1328408835480808
B0036,451,183,24.0,2918.25,1.6083556258734268,0.8041778129367134,Healthy,3.4458169090139847,2.6359845840555653,4.180085195716553,0.2242177261168236,-1.9747449903353,-2.0003216371109183,-0.003137479844123494,0.20423288897509245,30.68860522383244,23.5423470621367,36.348677496156625,3.1806938855932496
B0036,453,184,24.0,2915.4839999999967,1.6068202519011539,0.8034101259505769,Healthy,3.4453799620249113,2.6203632515294,4.18247008024948,0.22630771219057688,-1.9747270429184278,-2.0004961722415358,-0.0014564852965377464,0.20426499355737113,30.620490468656016,23.518786512911753,36.30340414585353,3.171271307600227
B0036,455,185,24.0,2906.015,1.601770977206713,0.8008854886033565,Healthy,3.445133112798374,2.6353503124760125,4.182402126830995,0.22538269344027287,-1.9748519715505966,-2.000440096213439,-0.002270068460296021,0.2049352475532747,30.598226708173872,23.47888485326248,36.26566178605087,3.1733403614278965
B0036,457,186,24.0,2894.14,1.594911734692208,0.797455867346104,Warning,3.4458558996634645,2.665160202735034,4.182271283338991,0.2229604095203474,-1.9743987343803497,-2.0023852081074316,-0.0037513954755897506,0.20538066599109975,30.522404975221356,23.39662363977643,36.17313667131571,3.174312553817587
B0036,459,187,24.0,2892.031,1.5938139125387372,0.7969069562693686,Warning,3.4444897117952333,2.6439462094074133,4.182247103438741,0.22512786561253603,-1.9743953769070435,-2.000686110880547,-0.0006192413144748796,0.20604260528518947,30.572012594415884,23.49715874641186,36.20038317528244,3.1513460980324237
B0036,463,188,24.0,2888.719,1.5920273129504596,0.7960136564752298,Warning,3.4452529094036595,2.680823910703161,4.182668785784587,0.22231309486729872,-1.9745565504466334,-2.001943170893987,-0.0018800532779207368,0.20596391993058347,30.525594309542488,23.384507843620888,36.12974352283867,3.1795597490014154
B0036,465,189,24.0,2875.641,1.5847361549778751,0.7923680774889376,Warning,3.4433682977623126,2.6584332895177942,4.182325389472558,0.22445475555271213,-1.9743485288471663,-2.000646231962556,-0.0023929488624675884,0.2066427284893521,30.460152624234137,23.33389160673618,36.15128962766672,3.1887290276389177
B0036,467,190,24.0,2860.7810000000027,1.5763429363936798,0.7881714681968399,Warning,3.444044633354944,2.6858136443865597,4.181890851070748,0.22215546087009977,-1.9740794817151763,-2.0006735329251524,-0.0014623570581874692,0.20709352747553822,30.42634729502671,23.310385140399045,36.06503580876304,3.1859202141001433
B0036,469,191,24.0,2852.844,1.5720229174642286,0.7860114587321143,Warning,3.4436657042772842,2.686590802386354,4.1819812339971225,0.22227527135617425,-1.9739791964844613,-2.0000797727236295,-0.0008615651751270003,0.20780229547219753,30.477932880980596,23.35165903463095,36.12802521407918,3.20015743143281
B0036,471,192,24.0,2854.64,1.5729874285512353,0.7864937142756177,Warning,3.4414697554582165,2.6569680605487678,4.182031710997783,0.22512412328638,-1.9739892815959978,-2.00109190486848,-0.0018305771025404426,0.20763119466007735,30.47370962894708,23.28005395267094,36.26774799217623,3.245204718879162
B0036,475,193,24.0,2897.844,1.596985400389019,0.7984927001945095,Warning,3.4563046908197936,2.676038889381632,4.1803143719336,0.22212151395008622,-1.9743635806531243,-2.0025068680909213,-0.0037600574303138473,0.20638545128321126,33.14386747805384,26.389386766495182,38.43630283495838,2.997420893557452
B0036,477,194,24.0,2896.063,1.595726023703856,0.797863011851928,Warning,3.452089547010762,2.6188084347235887,4.182098322143219,0.22758843050180735,-1.9739686530082488,-2.0019322952392344,-0.002951620378022731,0.20653845714389138,32.934539010545976,26.030348585874783,38.52063845392343,3.0970262540421274
B0036,479,195,24.0,2866.234,1.579500338340559,0.7897501691702795,Warning,3.4477573593842226,2.645949573946669,4.182097383940862,0.22634449575408988,-1.9740791048008228,-1.999949850664628,-0.002143647617364981,0.20774586978704682,31.954024468442526,25.061429711988,37.489412293667954,3.0852688931693257
B0036,481,196,24.0,2836.609,1.5629469877520186,0.7814734938760093,Warning,3.4451953986146564,2.6883439532038187,4.181667072254369,0.22287660240619994,-1.9736801463901485,-2.000910525563825,-0.004482573590573888,0.2087107022216669,31.19189073934152,24.1698569125778,36.78751789975617,3.1566290311252785
B0036,483,197,24.0,2829.516,1.5591129431541175,0.7795564715770588,Warning,3.4432584336378476,2.67894320816739,4.182118777318184,0.2242079025207889,-1.9737323749924904,-2.0009899510970475,-0.0024811523923965913,0.20943141144954944,30.99297651094941,23.931898582036833,36.62637340717898,3.1706385671344877
B0038,1,1,24.0,982.938,0.8980573709676724,0.4490286854838362,End_of_Life,2.883239659655731,2.1981645845929387,4.053116638334503,0.270159849712368,-3.952127452371893,-4.035077323306341,-0.0030103888131135406,0.5528614597941215,38.8265055747093,25.045828878659496,51.693778100060996,7.174779283437996
B0038,5,2,24.0,1489.953,1.1026236331914077,0.5513118165957038,End_of_Life,3.1713316750997853,2.173538006790758,4.1851064801192095,0.390208836903272,-2.99722690705762,-4.032209213478597,-0.00025376872180587064,1.7574927884719371,40.49651673815248,26.196493190799377,51.136880141242045,6.403954784692758
B0038,7,3,24.0,1479.703,1.0885801879473431,0.5442900939736716,End_of_Life,3.1803732612872655,2.191128315273502,4.18694152805074,0.39163720318161793,-2.957884019744667,-4.0325975109048535,-0.0022272240870321123,1.778928688971231,40.3082686076966,25.227701500387003,51.3517572303697,6.572059505361097
B0038,9,4,24.0,1468.172,1.0613249847591086,0.5306624923795543,End_of_Life,3.2014600077361552,2.1749283790642226,4.187310082648276,0.39321590334519796,-2.890891500138237,-4.0324499487623875,-0.00041412524252396103,1.8126396308259376,39.93347404849829,25.640112774955472,49.541551118224994,6.111368764727812
B0038,11,5,24.0,1457.0,1.0347062057983545,0.5173531028991772,End_of_Life,3.2011146598082543,2.1623047751632316,4.185977695675653,0.4005242417468472,-2.875691989787786,-4.032706809614358,-0.0019194298017491283,1.8199035833222803,39.949996492029705,25.752349228851504,49.944004344349516,6.137134916099334
B0038,13,6,24.0,1437.047,1.0269978594353013,0.5134989297176507,End_of_Life,3.1928056969575156,2.1523889970129018,4.187105297284753,0.40616499929378097,-2.899456239004,-4.0346441626746445,0.0017620786390275987,1.8091388310882985,40.03056196708513,25.941735119508724,50.47284162905345,6.241703900994773
B0038,17,7,24.0,1170.531,1.0785019710989419,0.5392509855494709,End_of_Life,3.0561380160526412,2.1947161370182617,4.18045914385637,0.3169073344240922,-3.65723892716497,-4.031721347243717,-0.0005388688051485031,1.1654196894762225,39.44913263410249,25.583477326453725,49.83589725328242,6.656336794853614
B0038,21,8,24.0,1436.141,1.0638897478802845,0.5319448739401422,End_of_Life,3.181450544509047,2.1463956973341785,4.183492564102866,0.3939377338575549,-2.9674515029911404,-4.032751905126723,0.0012198322246428585,1.7740546707723985,40.058567746287395,25.519767465182188,50.058224679961086,6.326074720157466
B0038,23,9,24.0,1420.172,1.0366551223324423,0.5183275611662211,End_of_Life,3.192741049083457,2.1983669967426582,4.186120317256443,0.3930513054314971,-2.9319888511060146,-4.0320532789938826,-0.0009508024211317454,1.7924297207236775,39.916070861462195,25.592470904914826,49.70254627455938,6.256041502409425
B0038,25,10,24.0,1397.0,1.030941327482094,0.515470663741047,End_of_Life,3.167665290347624,2.1858064268526136,4.185843165124554,0.40076113061554247,-2.994495446145827,-4.032203977721678,-0.0014249040431507654,1.7594494426007419,40.27645391572808,25.91369561512289,51.354295522888854,6.971516730181897
B0038,27,11,24.0,1393.25,1.0140084541034655,0.5070042270517328,End_of_Life,3.1781927267469925,2.151862863027953,4.185966509890458,0.4038944063577585,-2.9580193436340854,-4.031826212038417,-0.00041401222244704945,1.7789110721734795,40.1754669430076,25.843775975618836,50.44246795838984,6.399311039458452
B0038,29,12,24.0,1380.938,1.008516095994519,0.5042580479972595,End_of_Life,3.1613474600189155,2.164578187429903,4.186351056855524,0.40660069742190136,-3.001260117107958,-4.031995207198451,-0.0012602313332138316,1.7553861183178092,40.41336717515726,26.26427337557343,51.33205933952721,6.9602229066925485
B0038,33,13,44.0,6375.828,1.7419245088095903,0.8709622544047951,Healthy,3.608926624109929,2.180206803089782,4.177730241404494,0.2662108836921174,-1.0022813853258807,-1.012296953255635,-0.0008064531856720644,0.06886855411260946,44.29688064198706,29.07978656830067,49.52801806570102,4.236522814878958
B0038,37,14,44.0,6574.671,1.779741859708433,0.8898709298542165,Healthy,3.6118191487524745,2.1921466685430167,4.186620638463225,0.2725590669442928,-0.985523491989515,-1.0139107230042939,-3.3240669506730966e-05,0.14543058559182065,47.195451017988766,45.44827006920707,49.28701938671706,0.8056471650421171
B0038,39,15,44.0,6571.156000000003,1.7815666306452766,0.8907833153226383,Healthy,3.614149636005495,2.16658130125341,4.188933311711306,0.2708591808740772,-0.9870171236405828,-1.0102287651459148,-0.0005600544899219431,0.14064978178364998,47.146072926598166,45.41243979878821,49.17905905171433,0.801249057546206
B0038,41,16,44.0,6569.11,1.7834859577156017,0.8917429788578008,Healthy,3.6144683724527336,2.1366453580856253,4.189402399305119,0.2704290047505109,-0.9884125593394552,-1.010971995271496,-0.0011494683518749383,0.13558086859616514,47.127641701986995,45.37067300223374,49.180910484252195,0.8043607308733672
B0038,43,17,44.0,6558.75,1.7864411650415675,0.8932205825207837,Healthy,3.6165883435722845,2.1909799678189845,4.189825570933335,0.2630497986714659,-0.9883512949484963,-1.0107718854484014,0.0003421780312953933,0.1359569287176064,47.09918641441624,45.33488321338891,49.05688408240341,0.8011814018118003
B0038,45,18,44.0,6567.516,1.7859997608067948,0.8929998804033974,Healthy,3.6160610851845387,2.166402675362294,4.191065310739852,0.26517238502482754,-0.9884509077751611,-1.010981301037933,-0.0008776861119403173,0.1363189242157929,47.133209565495285,45.3666883339061,49.130320508041244,0.8080249075394516
B0038,49,19,44.0,6430.172,1.7769523773001608,0.8884761886500804,Healthy,3.6257089708628913,2.145739105715045,4.18123625379194,0.24225513238004287,-1.003966417823918,-1.011456158958353,-0.002240173705937403,0.05679512993366251,47.15436113022586,45.349153657647605,49.23198595690627,0.8039093266908051
B0038,53,20,44.0,6554.327999999994,1.781428917321899,0.8907144586609494,Healthy,3.613285312724596,2.139096537674337,4.185716420658905,0.2662976941066206,-0.9879674131883375,-1.0106507915352578,-0.0005589055147479009,0.13709480501043422,47.16342394557887,45.3907377329746,49.16417337699806,0.7995233182883177
B0038,55,21,44.0,6560.922,1.7859452772697197,0.8929726386348599,Healthy,3.615119723068454,2.1550256706410824,4.189329902417763,0.26424822858528424,-0.9878892583593684,-1.0102198577009358,0.0003825127180461833,0.13726152007191708,47.14213994735863,45.422495306806915,49.04035070342245,0.7846889961436442
B0038,57,22,44.0,6559.047,1.785208429691551,0.8926042148457755,Healthy,3.6158365688729885,2.1776344857025127,4.189967846272303,0.26205975032601236,-0.9878187430421663,-1.011735169153586,-0.0003419484616123479,0.1375837283952915,47.07812277465954,45.33971152172204,48.97912041843542,0.7872186082549325
B0038,59,23,44.0,6553.781,1.783596609584544,0.891798304792272,Healthy,3.615503145763946,2.1804158381574807,4.18974503175606,0.2616779337404626,-0.9877368963424067,-1.010295900186465,-0.000505416982310994,0.13796442044786034,47.07326100880018,45.319344488667305,48.978872169562095,0.7880928480747306
B0038,61,24,44.0,6540.187,1.7796783152744713,0.8898391576372356,Healthy,3.6139392243174577,2.1075006723313274,4.188353739927258,0.26609421180474707,-0.9892953816503839,-1.0110939875613185,-0.0007226677466988103,0.13267666392413843,47.08146790123274,45.31900735151199,49.04045996790738,0.7992901410247399
B0038,65,25,44.0,6535.922,1.7841102592788645,0.8920551296394322,Healthy,3.61791112455575,2.1931517470679913,4.1880636486598535,0.2555781052181191,-0.9906537351245918,-1.0105864257560286,-0.0006897029922488539,0.12684401322944747,47.087615537529175,45.318765462189106,48.958853345028835,0.7875729837653287
B0038,67,26,44.0,6544.078,1.7833032331592193,0.8916516165796097,Healthy,3.615792342161085,2.1577326042974923,4.18971330698209,0.26099628879884984,-0.989093271752985,-1.010810008103469,-0.0008946981733087862,0.13301128122533445,47.09422579980021,45.35489550495648,49.017772603097235,0.7874256860471175
B0038,69,27,44.0,6531.187,1.7796186141356956,0.8898093070678478,Healthy,3.6151540820598718,2.1621899189117855,4.188131880621521,0.26039259325048403,-0.9890153352338132,-1.0116623289953321,-0.0009220282394920596,0.13358057828901188,47.083185115341905,45.341699750585455,48.99249018111872,0.7797106858586386
B0038,71,28,44.0,6528.562,1.7816592334352586,0.8908296167176293,Healthy,3.616195897791123,2.199945094089768,4.188924695577913,0.2573635551390016,-0.9888803362572581,-1.0098072976535653,-0.001069921659088593,0.13389197697509347,47.06402084308688,45.32783985141095,48.94618497316047,0.78742489165564
B0038,73,29,44.0,6525.187,1.7775911304124035,0.8887955652062017,Healthy,3.6135506508279374,2.1302151249881103,4.187542870745614,0.2632459123283905,-0.9888372175373165,-1.0104773124547506,0.0009597423739816832,0.13418543343463366,47.07142767555465,45.31544167688482,49.0209427982368,0.7947122523571097
B0038,77,30,44.0,6515.938,1.777701881971679,0.8888509409858395,Healthy,3.615401963428833,2.164304791761506,4.1857951584704445,0.2574330790233709,-0.990311695204241,-1.0109802413886324,-0.0014884668911372863,0.1282252737122593,47.094941474493815,45.332649875333296,49.014180829264426,0.790521522882937
B0038,79,31,44.0,6532.015,1.7789547618270618,0.8894773809135309,Healthy,3.6125287354843523,2.103101288221301,4.187443417451479,0.26533131510248703,-0.9886847879265132,-1.0098115227107507,-7.184433314482893e-05,0.1345807495376481,47.0995133510692,45.32159821729143,49.08755174393166,0.7967400197194278
B0038,81,32,44.0,6527.922,1.7807753731135043,0.8903876865567522,Healthy,3.6160020417093457,2.1449886066523933,4.1900372622396045,0.2595407442060298,-0.9902725483840611,-1.0118882343579725,-0.0018832819877408805,0.12864793381051895,47.07452189489319,45.32533979160533,49.000307836809725,0.790979545377351
B0038,83,33,44.0,6519.328,1.778415319026661,0.8892076595133305,Healthy,3.6145930156040587,2.1205293855533207,4.188861157517333,0.26163690748531376,-0.9902807469221099,-1.0109780766463656,-0.0012851043492373203,0.12888677184261943,47.12153419194554,45.365121647310644,49.05042538685695,0.7986042659426447
B0038,85,34,44.0,6510.063,1.7789773899108463,0.8894886949554232,Healthy,3.616664144234103,2.1339834463152427,4.190060028748116,0.2583148135069539,-0.9919115001416685,-1.0107722282787006,-0.0005079937987579698,0.1228710262957701,47.15829653400459,45.41868911230955,49.08198729235301,0.7809348952498812
B0038,89,35,44.0,6501.718,1.7792479347236045,0.8896239673618023,Healthy,3.616763225911199,2.1093887147366805,4.187583021759709,0.2572154958946968,-0.9933993302020114,-1.0108021856673532,-0.001015230201776432,0.11624466042729689,47.161612217353984,45.40774909091807,49.132796873113755,0.7907716015078847
B0038,91,36,44.0,6509.047,1.7779204573685081,0.8889602286842541,Healthy,3.6149940792944446,2.098244904990502,4.1891099360693005,0.26098441628838387,-0.9915864068538186,-1.010302645629404,-0.00010929684146614402,0.12340727223572591,47.155567707969865,45.41557788830881,49.13552693190528,0.7930707622387414
B0038,93,37,44.0,6502.438,1.779227040224144,0.889613520112072,Healthy,3.6159145027179576,2.1367946107881166,4.18915400521565,0.2577400194495304,-0.9915566919647099,-1.0140415606547912,-0.000299158440124532,0.12373419527177863,47.13225621283967,45.37303438235529,49.04172173314357,0.7951428847689491
B0038,95,38,44.0,6502.047,1.7760634320079352,0.8880317160039676,Healthy,3.6146610547862235,2.103206542363035,4.188887533318818,0.26068538138282954,-0.9916693008676862,-1.0115553715036771,-0.00014332884907515447,0.12386932046957029,47.13346886842004,45.39506516049286,49.09468753497383,0.8008263700031936
B0038,97,39,44.0,6498.86,1.775103937963957,0.8875519689819785,Healthy,3.6150827947076762,2.1895312972615004,4.187944942179681,0.25613276700746407,-0.9899169847459927,-1.012686564574278,0.0012032850265985152,0.130852057700999,47.176385542899524,45.397813850195334,49.057064718364046,0.7946334353313681
B0038,101,40,44.0,3162.047,1.733064100138742,0.866532050069371,Healthy,3.4389023365216986,2.1594623220347016,4.182064571336064,0.24283542303503272,-1.998396970742944,-2.0155210780038173,-0.0015044782014178454,0.1690181405737114,50.154407994251926,45.33453649038701,54.42193934195762,1.978922901727596
B0038,105,41,44.0,3173.141,1.7394892806215223,0.8697446403107612,Healthy,3.437169559941295,2.023065783993831,4.186725946685351,0.2530616398087539,-1.9984033983725646,-2.0179602336684033,0.0009989389996633317,0.16907640550093125,50.1979427615177,45.36495505272962,54.61602412701822,1.9858325268038097
B0038,107,42,44.0,3169.844,1.7378064360392924,0.8689032180196462,Healthy,3.4370308930893247,2.0028176202456365,4.189706586585002,0.255049025101329,-1.99868797664225,-2.016707594147861,0.0015932062780928142,0.1694582652364148,50.18895736512512,45.39942528400046,54.621843575697525,1.9779826056335919
B0038,109,43,44.0,3156.563,1.730028145799833,0.8650140728999165,Healthy,3.437230626486004,2.061244397117138,4.188139594837195,0.2509160583326332,-1.9982781324264294,-2.017081976460273,-0.0026688295855706833,0.1698640669907019,50.178407502665095,45.35268592716676,54.57283441287881,1.9798785340378815
B0038,111,44,44.0,3155.047,1.7290404566542985,0.8645202283271493,Healthy,3.4363115548278413,2.030738155835073,4.189030830558383,0.25337076857630053,-1.9983559715990522,-2.0158658223081836,-0.0008139552240412262,0.17024670523104127,50.182509844874,45.359535861802165,54.65884815489962,1.9872732567597777
B0038,113,45,44.0,3142.312,1.7286072907068815,0.8643036453534407,Healthy,3.4394075704239655,2.1901431826977382,4.189306425000166,0.24337570908553197,-1.998333813768599,-2.0167581638360677,-0.002292419952746922,0.17072552345914238,50.173666427799,45.3694541622979,54.51993729622157,1.9757276797078585
B0038,117,46,44.0,1485.047,1.52573884649634,0.76286942324817,Warning,3.0455602167949416,2.11587711023423,4.17467236177005,0.2757935699341979,-3.967012008013358,-4.032121081634592,-0.0010768430588176817,0.49765055505871725,58.41948951650429,45.3789326962188,69.28796559754325,6.2695079415052914
B0038,121,47,44.0,1489.313,1.5301475534434217,0.7650737767217108,Warning,3.0241360171924403,2.052769819032336,4.186501078488458,0.278166702045521,-3.9673854309358183,-4.032714355951809,-0.002002008557110236,0.4976073634246921,58.954810986890266,45.41210422504674,69.86974573152932,6.4760314322164385
B0039,1,1,24.0,982.938,0.11903831859341765,0.059519159296708826,End_of_Life,3.3780267772090253,2.4897962179516666,4.078325990995359,0.538171168977128,-1.7216522308231414,-3.9816536301725503,0.004584448946208873,1.9694038804601754,34.70141183965182,24.62407997958134,41.68577610887712,4.4219551198664035
B0039,5,2,24.0,1489.953,0.4729861500927512,0.2364930750463756,End_of_Life,3.5388339739777925,2.4756646285889476,4.201433690744269,0.5058442241807848,-1.3777686088249814,-3.9797908406119102,0.001497243525160029,1.890849111940278,34.602296282226774,25.903107974594406,42.96184230643531,4.591484860825271
B0039,7,3,24.0,1479.703,0.16280793829202067,0.08140396914601034,End_of_Life,3.5283987355327224,2.497942856856816,4.202601079177913,0.5132511625607252,-1.3955410359909974,-3.979067055149875,0.005367171956079882,1.8965307752335085,34.706915531211784,24.924715387115683,43.606076550083,5.193490891461253
B0039,9,4,24.0,1468.172,0.4787632853388766,0.2393816426694383,End_of_Life,3.523734020299432,2.480114715641411,4.20285727861485,0.5145956837011751,-1.414099580611061,-3.9790518292907846,0.0020694124552397574,1.9023159378304517,34.771517765327,25.40086734630603,43.90627471664096,5.174961129872428
B0039,11,5,24.0,1457.0,0.4711383364607152,0.2355691682303576,End_of_Life,3.5290210250014034,2.4872303300157066,4.203125866428561,0.5134672684386695,-1.4062420604723467,-3.9782527352191823,0.0023722115018107223,1.899884391361804,34.709560141583104,25.491662424245995,44.013774813837145,5.097020960564903
B0039,13,6,24.0,1437.047,0.4668172561120673,0.23340862805603366,End_of_Life,3.528853302126734,2.489183697067473,4.203130606417118,0.5123313534370758,-1.417553449529416,-3.9809499540372766,0.0018462175602695636,1.9033913587221976,34.65890294500357,25.669962904687367,42.922031048645835,4.73955112281826
B0039,17,7,24.0,1170.531,0.4699932676625547,0.23499663383127736,End_of_Life,3.4540436783572668,2.498492440398465,4.199225453541231,0.5226702163260363,-1.705386422586468,-3.978769669734932,0.002475045468780367,1.9670243884133312,35.44499437757343,25.358688820343374,43.24542727979999,4.929364893560091
B0039,21,8,24.0,1436.141,0.4627052684317185,0.23135263421585925,End_of_Life,3.53257704827921,2.4971812527928607,4.201734819728371,0.5115030385881286,-1.409614813413039,-3.9789079743390108,0.0023925587395744775,1.9008406405737468,34.6176662375867,25.333653457918995,43.86578283702087,5.1037941389033135
B0039,23,9,24.0,1420.172,0.46049447826560974,0.23024723913280487,End_of_Life,3.5299976922060075,2.4988010332333745,4.202672121596153,0.5139835868151456,-1.4193953971803481,-3.9785204745154576,0.0012351535100332573,1.9039329267277467,34.65017232704175,25.396407312266593,43.67270130471354,5.054426282338979
B0039,25,10,24.0,1397.0,0.4412227248835694,0.2206113624417847,End_of_Life,3.5156652919077627,2.487295552712161,4.202779797627703,0.5255544220699618,-1.4499971979709174,-3.9797138222849955,0.0042437696109340365,1.9129335149184832,34.822277873738145,25.348035206167683,43.79137016976176,5.198715943746505
B0039,27,11,24.0,1393.25,0.44354421943965844,0.22177210971982922,End_of_Life,3.5295294248045366,2.4958019219001284,4.202689684084776,0.51439863645334,-1.4318958455799564,-3.982043712047701,0.002970338246661669,1.9074837082333995,34.67233382014022,25.613816463376164,43.92654641714406,4.856308452920773
B0039,29,12,24.0,1380.938,0.4126655541164234,0.2063327770582117,End_of_Life,3.52826089394077,2.498934011647546,4.202868370613372,0.5244588057673396,-1.4237231581935579,-3.979711977994799,0.004713112417416082,1.9049346054018654,34.74469432520436,25.970671252551384,43.36143647499468,4.9033193711859
B0039,33,13,44.0,6375.828,1.7461791006389626,0.8730895503194813,Healthy,3.6461406726770127,2.4987062304520014,4.197294023274615,0.23177190324533986,-0.9931771469825759,-1.0009808343171922,-0.001169568296067401,0.05563991909967626,44.007524345018545,29.839671858442113,48.10057733769074,3.828517408132404
B0039,37,14,44.0,6574.671,1.7695250734505363,0.8847625367252682,Healthy,3.64392186740937,2.473002904156423,4.204972433209606,0.25630956112838954,-0.9751829593896583,-1.0025756987118928,0.0005016857859861492,0.143884874492937,46.67611297517316,45.22052156277777,48.36094927051516,0.68340866698431
B0039,39,15,44.0,6571.156000000003,1.7715391419501945,0.8857695709750972,Healthy,3.6463500592094675,2.4894344650176916,4.208448210539393,0.2527958725924323,-0.9751939760319923,-1.0031061081836674,0.0010422942506089748,0.14436440554331822,46.6383045331837,45.172746251072255,48.205077970133914,0.6774506746837817
B0039,41,16,44.0,6569.11,1.770625483958279,0.8853127419791395,Healthy,3.645585479395615,2.473981445559395,4.206898230242775,0.2535659860965016,-0.9750119009804334,-1.0000100485815209,-0.0004797660937087429,0.14474006342434131,46.624310116631904,45.15084488167503,48.181498766889746,0.6784104827070285
B0039,43,17,44.0,6558.75,1.7704040639447296,0.8852020319723648,Healthy,3.6468115454863126,2.4673788761032256,4.207946244454896,0.25213791599748286,-0.9763225329640914,-1.0011404247002111,-6.075481354176288e-05,0.1399934749837577,46.60181681852236,45.1191966855263,48.22285805925047,0.6882552716935663
B0039,45,18,44.0,6567.516,1.7695081788801759,0.8847540894400879,Healthy,3.6451349051966417,2.458737817987512,4.207227267233697,0.2543363018470686,-0.9746122484452725,-0.9997689271977604,-0.000962449630036068,0.1454777717741122,46.64079559317347,45.1673095285089,48.311132730789595,0.6911594060635006
B0039,49,19,44.0,6430.172,1.7638356274269416,0.8819178137134708,Healthy,3.6561026070574316,2.4562277920171924,4.197666044398925,0.23035868696689416,-0.991639778772074,-1.0007520082133685,0.00029238402877627083,0.06883379428486193,46.65269866016946,45.15832762738876,48.31988246057892,0.6797763107464903
B0039,53,20,44.0,6554.327999999994,1.7715725869786123,0.8857862934893062,Healthy,3.6458870173477007,2.4379313646643412,4.2045074487347165,0.2520633930220158,-0.9776620652375614,-1.0001244493615749,-0.0005688615748229975,0.13560501816345816,46.637301691869546,45.17501487963026,48.191612511475654,0.6736511778360658
B0039,55,21,44.0,6560.922,1.7701196454489683,0.8850598227244841,Healthy,3.645766068703999,2.4476008226100348,4.208084129481043,0.25296275800799084,-0.97593374546125,-1.0009890843051303,-0.0003949523212586567,0.14126915049099975,46.62385161772923,45.15954092267382,48.22746339794149,0.6748783260028136
B0039,57,22,44.0,6559.047,1.7667569752860521,0.8833784876430261,Healthy,3.6446971444609972,2.467377500135635,4.207142953751636,0.252651143376755,-0.9744225907364069,-0.9998789875445321,-0.0005866536966315517,0.14684988290756362,46.59535143073503,45.131813326335774,48.171946839870586,0.6751239464114842
B0039,59,23,44.0,6553.781,1.7648743629092642,0.8824371814546321,Healthy,3.6438349804131214,2.457416820096295,4.207099547920701,0.25348293621294177,-0.974188913140975,-0.9998571461225195,-0.0006151380058416368,0.14718335340852207,46.59281927437507,45.131977627080786,48.20204512091098,0.6755659045739154
B0039,61,24,44.0,6540.187,1.763838685943225,0.8819193429716125,Healthy,3.6455211713700875,2.4702283951852175,4.2078293027865055,0.2505800544160321,-0.9756114349265528,-1.0000003263864055,0.00033039769243414004,0.1425175933229343,46.595538716376765,45.11313471306944,48.208085483124755,0.682084620221259
B0039,65,25,44.0,6535.922,1.7657225752056789,0.8828612876028394,Healthy,3.6442867502271574,2.47756542534469,4.20415549392574,0.24951021096450027,-0.9755764719558602,-1.0004178749173283,0.0011008007880939188,0.14291821051927545,46.61592285314662,45.12955206478469,48.216947901934525,0.6813650511825389
B0039,67,26,44.0,6544.078,1.7645632809383045,0.8822816404691523,Healthy,3.6438395995465793,2.480137502417058,4.2074857099225,0.2513713419515984,-0.9738254896234411,-0.999529179518921,0.00036947822785172795,0.14830325984573825,46.61306744285817,45.16875516476576,48.23861432117145,0.67748859595661
B0039,69,27,44.0,6531.187,1.7608991948479125,0.8804495974239562,Healthy,3.6432430775983096,2.4411463439008707,4.207192516257174,0.25318361085884816,-0.9753455155568392,-1.0024734646700488,-3.1553697800508864e-05,0.14343671964549554,46.60739102749507,45.18295040299445,48.2409468668017,0.6764850306101449
B0039,71,28,44.0,6528.562,1.7598362095817717,0.8799181047908858,Healthy,3.6429596917730023,2.4393843779206725,4.207616345532635,0.25321060608275203,-0.9751784320040702,-1.0005732751031589,0.002269167264536598,0.14379845810439865,46.59731896053421,45.108504377146026,48.28638353591076,0.6880017262032141
B0039,73,29,44.0,6525.187,1.7590955400143164,0.8795477700071582,Healthy,3.6431420009845095,2.49689484054888,4.207147287931799,0.24996759257338994,-0.973600435800719,-1.0008157279135228,-7.198941599677714e-05,0.14947157268388553,46.60563234024716,45.16546978995064,48.23633627651948,0.6830052849889497
B0039,77,30,44.0,6515.938,1.7560495443976523,0.8780247721988261,Healthy,3.6420393576004138,2.465533668800099,4.204165409407158,0.2504550583171979,-0.9749580537234221,-1.000236431675222,0.003365804504393741,0.14453874587126944,46.62474216211915,45.13479828788775,48.268194411694395,0.6830099136272398
B0039,79,31,44.0,6532.015,1.7571677199949287,0.8785838599974644,Healthy,3.6405822186622365,2.487866062972102,4.206316214831835,0.25222913595220003,-0.9716546701373575,-1.0006688784958597,0.002214118342777852,0.15507450232138217,46.6386326424737,45.10814217138539,48.25892855404056,0.6906353744542703
B0039,81,32,44.0,6527.922,1.7558911269459976,0.8779455634729988,Healthy,3.640101281169697,2.480376897645346,4.20729233602744,0.2530854368802175,-0.9715222945577336,-1.000189600537282,0.001332031898119838,0.15540350510075168,46.62408082494751,45.20463502495329,48.27406092264485,0.6799302453457415
B0039,83,33,44.0,6519.328,1.7533419072229914,0.8766709536114957,Healthy,3.6389138404319192,2.4235129554433494,4.207400407989978,0.2565681603656234,-0.9730192985244435,-1.002543132516972,0.0012971817137517646,0.15078246051031388,46.6573959514452,45.1700879241391,48.37743085469793,0.6964265520817934
B0039,85,34,44.0,6510.063,1.7506673845335168,0.8753336922667584,Healthy,3.6390963886375602,2.4421166575524973,4.207172779835573,0.2547418012522833,-0.9728763615065116,-1.0002377370623996,0.0007773495445484678,0.1511135091973521,46.69850634609825,45.24998047297183,48.34229218799801,0.6867492914817974
B0039,89,35,44.0,6501.718,1.7510006664162403,0.8755003332081202,Healthy,3.639310178523211,2.48916723023537,4.203796739473216,0.2502376418090737,-0.9727174864909481,-1.000266726704825,-0.001118737685991733,0.15135109041127842,46.70366699259687,45.20331722543048,48.35205523072366,0.691098921716681
B0039,91,36,44.0,6509.047,1.7496058853847873,0.8748029426923937,Healthy,3.6382966465278597,2.486277943958813,4.207405098710311,0.25265965283452985,-0.9708770463110533,-1.0005563283787113,-0.0009319974467701795,0.1567486967807798,46.69858207228199,45.189542174798945,48.36227474052515,0.6938290628603495
B0039,93,37,44.0,6502.438,1.7477359172183355,0.8738679586091678,Healthy,3.6368192187368806,2.4621592876012923,4.2069497463433745,0.254812370747353,-0.9707953984260251,-1.0033647356784487,0.0010895719436704633,0.1573172102943598,46.68478011498361,45.19191150961026,48.39407566049798,0.6959142888746004
B0039,95,38,44.0,6502.047,1.7444225468099093,0.8722112734049546,Healthy,3.634846725471178,2.419307605326947,4.20717367641765,0.2584752246552469,-0.9707512160925147,-1.001627835766793,0.0013117121933103172,0.15748667203802114,46.691631182155156,45.220409788288535,48.40712816602448,0.7055045987232097
B0039,97,39,44.0,6498.86,1.743308366083936,0.871654183041968,Healthy,3.635905813888798,2.498091152649448,4.206902271296153,0.25322997230824,-0.9689523533406329,-1.0019022091888887,-0.0003821110311148944,0.16297453433450512,46.752413955353425,45.36177950492806,48.476824345274245,0.6858421630129337
B0039,101,40,44.0,3162.047,1.6556691733888471,0.8278345866944236,Healthy,3.470841442961561,2.4729033909981424,4.196674813894532,0.23940916601378337,-1.897442497029331,-1.99287097541368,7.902741237672961e-05,0.41741413065130845,49.300859599002976,45.15281912576537,52.90221489344579,1.794592963217096
B0039,105,41,44.0,3173.141,1.64297669457593,0.821488347287965,Healthy,3.4717307267626065,2.482404434239833,4.204257320385259,0.23916231335840674,-1.8762389619942321,-1.9925221850874488,0.0003057882594655519,0.46055278596087135,49.34643167372232,45.175764794006604,53.04880173105535,1.8045476898463488
B0039,107,42,44.0,3169.844,1.6343822729361266,0.8171911364680633,Healthy,3.470065952813119,2.4529055944220666,4.206474730273981,0.24185450331795988,-1.8688554169399538,-1.9931619036045067,0.00274980229151992,0.4745403209940481,49.35236153077406,45.20062768854706,53.017440171542674,1.804471081178695
B0039,109,43,44.0,3156.563,1.6265067062165601,0.8132533531082801,Healthy,3.468937839466871,2.442965370421763,4.206865048530781,0.24261219082171254,-1.867958006398749,-1.993232599772215,-0.0012061721648373171,0.4759154700855064,49.34646841409122,45.165184330146715,53.07430485716129,1.8208734579497374
B0039,111,44,44.0,3155.047,1.618865991735961,0.8094329958679805,Healthy,3.468115577491925,2.450251182214539,4.206889463177472,0.24183162800230396,-1.8602935835155212,-1.9927135137255618,0.001174161780804926,0.4897516738051505,49.35565140520816,45.16598961095791,53.15177003577248,1.8210135900005293
B0039,113,45,44.0,3142.312,1.6114968339209264,0.8057484169604632,Healthy,3.467077155738093,2.447037438010891,4.206575007421019,0.24221139680329878,-1.8593916153072554,-1.9933471273838639,0.000181012364478203,0.49147981554316844,49.368284273788476,45.25749466770681,53.01718592680281,1.8100550022637565
B0039,117,46,44.0,1485.047,1.3240805773461226,0.6620402886730613,End_of_Life,3.2199500199575746,2.4740907394153795,4.189178895374635,0.2969257345402976,-3.2987153931778748,-3.979768153681504,0.0017821461933156953,1.4947695979998274,55.97390404609549,45.18802524583172,63.94078057196598,5.240239284652041
B0039,121,47,44.0,1489.313,1.3153386221697692,0.6576693110848846,End_of_Life,3.22661988786129,2.442276380666166,4.204083091786472,0.300399968494476,-3.2988222829259044,-3.979638522408062,-0.0002871382535949633,1.4948012141812466,55.95647115817562,45.21433150575771,64.14381595669508,5.259781277486269
B0040,1,1,24.0,982.938,0.6734628137095633,0.33673140685478165,End_of_Life,3.2570770872838057,2.689034363728547,4.068028641979544,0.41539143624997615,-2.496194310605518,-3.998404971746896,0.0036077535780029025,1.932077779921517,34.520854008155766,24.62082872256712,40.67740211970284,4.206146393643887
B0040,5,2,24.0,1489.953,0.7913062105760345,0.3956531052880172,End_of_Life,3.435168668765134,2.6944224499802396,4.181329419378459,0.41017668274196684,-1.9461397110184737,-3.996235657636858,0.0024089033291458876,1.9945838360470274,34.02922924081149,25.994198997825652,41.121867004450536,4.092428243150252
B0040,7,3,24.0,1479.703,0.7865824034601745,0.39329120173008725,End_of_Life,3.4309758033508495,2.6769978869674524,4.182169713231169,0.4157749137036249,-1.9452201291903763,-3.9959369894327645,0.00486040227928314,1.9946149951617926,34.012090723638956,24.887288378936834,41.63283156392668,4.696874622798035
B0040,9,4,24.0,1468.172,0.7795871426061582,0.3897935713030791,End_of_Life,3.4348636528845424,2.675172001926867,4.1821186375364,0.41429498101581497,-1.9447435736678282,-3.9961379781309794,0.002742824583498613,1.9945892523471482,33.978388906178346,25.42046748387045,41.715752737182754,4.527507118698679
B0040,11,5,24.0,1457.0,0.7628241523125163,0.38141207615625816,End_of_Life,3.445308801417867,2.69268420954805,4.181769825430115,0.41257235500269834,-1.9174672773069694,-3.99493304951291,0.003588086616917437,1.9935380300136532,33.83721613724266,25.576799073105835,41.61695629052659,4.340969070537986
B0040,13,6,24.0,1437.047,0.7405021514606399,0.37025107573031996,End_of_Life,3.458759767508341,2.695919341909784,4.181957861733809,0.4096309521994345,-1.8880936368724701,-3.9985251055256823,0.0033590979024455446,1.9922239176859176,33.67935609685469,25.76953787956401,40.41568117134027,4.026468080466416
B0040,17,7,24.0,1170.531,0.7783970881100656,0.3891985440550328,End_of_Life,3.344897364124835,2.6973035934049494,4.177687640263026,0.3994340980378544,-2.4160677054793758,-3.995894881418469,0.0038215675734787177,1.9510865332486578,34.856675647434145,25.411595862545234,41.6427020562054,4.246623377195705
B0040,21,8,24.0,1436.141,0.7733165409025605,0.38665827045128026,End_of_Life,3.435394313904374,2.680482862570943,4.181217465945281,0.41116658056139643,-1.9695300241186464,-3.9948545437295784,0.0025829022233452297,1.9950039317488482,33.93437846177736,25.317526212535544,41.666127528934624,4.449724682183813
B0040,23,9,24.0,1420.172,0.7589575236409498,0.3794787618204749,End_of_Life,3.4407328862516335,2.6867581507978358,4.182275640250018,0.41181294403917557,-1.9553056005388323,-3.9961314651946203,0.0023557305933629372,1.994770340133528,33.87341008861747,25.426508881588695,41.55823578501682,4.361287461592211
B0040,25,10,24.0,1397.0,0.7407399462256391,0.37036997311281955,End_of_Life,3.4424940628831777,2.674688015022009,4.181827468882669,0.4180133908811811,-1.9401168646905238,-3.996235079267833,0.003996721669523651,1.9944316050596447,33.801632457231946,25.416232096852188,41.25451200429936,4.513628799861589
B0040,27,11,24.0,1393.25,0.7446218752617147,0.3723109376308574,End_of_Life,3.4441875855764166,2.686289969564933,4.181567286734688,0.4112857369699376,-1.954173143017623,-3.995317141166538,0.004303115440774783,1.9948738649482596,33.841214598826475,25.68729592812578,40.054637074465475,4.071482428522508
B0040,29,12,24.0,1380.938,0.7149875629820736,0.3574937814910368,End_of_Life,3.458256040593686,2.6945279873006065,4.181983804533861,0.41698938974058003,-1.8954416195145705,-3.995361067358871,0.0025259929997769504,1.9925439214729628,33.68915739169769,26.079914426350037,40.76452850374992,4.14276303366978
B0040,33,13,44.0,6375.828,1.7075144448533202,0.8537572224266601,Healthy,3.624872673514505,2.682915069119874,4.175387518911088,0.23530763251536052,-0.9641877110703866,-1.0054061310164104,-0.000602264768821255,0.18200486958229914,44.27504698193625,30.40793876001898,47.459255426003025,3.39299801263814
B0040,37,14,44.0,6574.671,1.730880859428193,0.8654404297140965,Healthy,3.6219123150772736,2.6893633842231073,4.183371957728605,0.24977184685310586,-0.9482972559679383,-1.0045560878148372,0.0014828910539338525,0.21820826355520406,46.496780020843715,45.24547633823752,47.733284854985534,0.566892184378605
B0040,39,15,44.0,6571.156000000003,1.7328212845233328,0.8664106422616664,Healthy,3.621615017492515,2.663011590614207,4.185403574589526,0.2521934367320922,-0.9497815137936721,-1.0039916444953547,0.0026229121250043296,0.21564422052048854,46.4678468881245,45.20853223341701,47.68533526444168,0.5663161293764392
B0040,41,16,44.0,6569.11,1.7317734323431513,0.8658867161715756,Healthy,3.622864388629409,2.6936866986118786,4.185139783184118,0.24864046921780392,-0.9494868615948265,-1.0035412359730254,0.0018042054143051327,0.21616127932775484,46.45190241544343,45.19187664376986,47.67231335727975,0.5656138500231167
B0040,43,17,44.0,6558.75,1.7341296392350067,0.8670648196175034,Healthy,3.6220494199910203,2.644136217828117,4.185518450705473,0.25229816566086916,-0.9521447667439508,-1.0033495846328242,0.0008606575749141533,0.21020737531556366,46.440231939332925,45.15940070800291,47.70025798751115,0.5745610157871485
B0040,45,18,44.0,6567.516,1.7334756929990074,0.8667378464995037,Healthy,3.622162963654601,2.6743889241293513,4.185427919430507,0.2503200044646074,-0.9505422244648805,-1.0030055331887324,0.0007631387427286425,0.21408524744577076,46.465222077063906,45.19743736166483,47.70250785089967,0.5720367958602838
B0040,49,19,44.0,6430.172,1.7243057179457875,0.8621528589728937,Healthy,3.629361907913309,2.6812131139529,4.1761905648713675,0.23675687996708347,-0.9652916551188272,-1.0027747249074535,-0.0001414437506866314,0.1796009486523257,46.49072067213048,45.18169844616087,47.775675904382155,0.5910589831070779
B0040,53,20,44.0,6554.327999999994,1.7318975861687205,0.8659487930843602,Healthy,3.6234871903936696,2.6999262584848243,4.182711714289401,0.24618052335204266,-0.9515172757333835,-1.0034382664884212,0.0030001114825820205,0.21192937515599677,46.47888431603475,45.20988132812326,47.68448077336878,0.5613635366300277
B0040,55,21,44.0,6560.922,1.7333691208377457,0.8666845604188729,Healthy,3.6222932883799372,2.6709504481448794,4.185107481198763,0.2498355914829464,-0.9513915692974558,-1.00341328437475,0.004005889438169884,0.21220983054800976,46.45480276183313,45.19343516358526,47.66868390973605,0.5588993977475475
B0040,57,22,44.0,6559.047,1.732175650153278,0.866087825076639,Healthy,3.622128684193048,2.677767553221005,4.185322736341408,0.2492828551676409,-0.9510427335186784,-1.004224655039593,0.0018124880766567533,0.21257142056720116,46.423098338329766,45.15545804699397,47.63553822379171,0.5613491355469568
B0040,59,23,44.0,6553.781,1.7334832776102866,0.8667416388051433,Healthy,3.6212784001178204,2.6464594317551624,4.185286474015191,0.2516959290634785,-0.9524743606309494,-1.0021217239246465,0.0007810721939000453,0.20971958647544187,46.417883981463206,45.14764232961771,47.64097688926351,0.564462765102624
B0040,61,24,44.0,6540.187,1.732372495746513,0.8661862478732565,Healthy,3.6222214851987244,2.654408689336339,4.185544800435261,0.24976082815237188,-0.95386146065853,-1.0037473971660458,0.001534788454942605,0.2069362486563886,46.41962937983974,45.14860423174442,47.676606958578276,0.5685561078583704
B0040,65,25,44.0,6535.922,1.7338175297202416,0.8669087648601208,Healthy,3.621600293236707,2.6386466599890395,4.182805883908282,0.24998750306730325,-0.9551274962002001,-1.0028648893332504,-0.0007041590317920718,0.20383064096035391,46.437216774742105,45.16610812882766,47.670062907549664,0.5666746595377671
B0040,67,26,44.0,6544.078,1.7329630786357868,0.8664815393178934,Healthy,3.621303558836112,2.650918288963567,4.184959782592119,0.2502488491989161,-0.9535557918067024,-1.0029366943014713,0.002176764517084106,0.2077401753863245,46.440515516123355,45.177374606616574,47.67504818462313,0.5658719122721885
B0040,69,27,44.0,6531.187,1.7318839084573339,0.8659419542286669,Healthy,3.6217314334668362,2.6471595195723987,4.184990348881109,0.24967584235492005,-0.9547864424869567,-1.0055702938792732,0.0019072602179350617,0.2047417822055289,46.438246093452804,45.185661755729654,47.662264804076635,0.5615939735938016
B0040,71,28,44.0,6528.562,1.7306960059812662,0.8653480029906331,Healthy,3.6224802575418096,2.669669356026842,4.1849433685502655,0.24743073150373668,-0.9544935502891163,-1.0035201801507372,0.0019278382707148395,0.20532957762069334,46.419799968945064,45.14987742963427,47.65776484346084,0.5674713580512074
B0040,73,29,44.0,6525.187,1.7296011601947467,0.8648005800973734,Healthy,3.6227913336348077,2.6833023579431665,4.184970988659253,0.24607369826309272,-0.95437046004151,-1.0023712414422135,0.0022952094998644553,0.20568627173880405,46.41925960985013,45.14126548416964,47.65588226485245,0.5669687491699866
B0040,77,30,44.0,6515.938,1.7296187381064656,0.8648093690532328,Healthy,3.6219039988656228,2.664835318499988,4.182014111969684,0.24648963388922873,-0.9556526843949636,-1.0031895155635666,0.002692904416328267,0.20263613222378116,46.442880190211326,45.210947731053686,47.68924379895171,0.5598428846110415
B0040,79,31,44.0,6532.015,1.7307198617163877,0.8653599308581938,Healthy,3.6231487093600996,2.695190974478952,4.185325352263018,0.24500737137010592,-0.9540072055241993,-1.0022727458635838,0.003312114946849619,0.20647943680001474,46.455010751151,45.29230424711769,47.68013294716548,0.5487731621833188
B0040,81,32,44.0,6527.922,1.729274556175907,0.8646372780879535,Healthy,3.620727454558004,2.659441128426158,4.18476201200528,0.2488410361628465,-0.9537643838011659,-1.004096237718038,0.0016503654453088078,0.2068703435731728,46.42899601057106,45.14346566445202,47.69683888709109,0.5697010071955264
B0040,83,33,44.0,6519.328,1.7297962212599596,0.8648981106299798,Healthy,3.620851281939705,2.645724055946119,4.184831315830137,0.2493223578982956,-0.9552956614335978,-1.0023111389899824,0.0006494295255993921,0.2035530501155875,46.44608315517329,45.16684104417798,47.68346890250753,0.5702624335749045
B0040,85,34,44.0,6510.063,1.7268942069037494,0.8634471034518747,Healthy,3.6223530356435982,2.686333486141192,4.184646274630554,0.2451005855664148,-0.9549687460528705,-1.0020932273329097,0.0028312707466933056,0.20401739546208944,46.477279245422224,45.19247918799889,47.72656082449746,0.5663357074927603
B0040,89,35,44.0,6501.718,1.7272191689306016,0.8636095844653008,Healthy,3.621799074855713,2.67226557137279,4.182435522794885,0.24501438514315035,-0.9564508369268612,-1.0026245473984143,0.0021612198677544896,0.20074731040717927,46.50566493668475,45.23103470317428,47.7336433887077,0.5693948426977777
B0040,91,36,44.0,6509.047,1.7285674981160106,0.8642837490580053,Healthy,3.620827200366945,2.6426430588133014,4.184925895802646,0.24870782989318027,-0.9560639609053613,-1.0031176329618126,0.0025490018406792996,0.20117042234202168,46.489529302216496,45.21392325686796,47.73354479118836,0.5718577975107006
B0040,93,37,44.0,6502.438,1.726636381605547,0.8633181908027735,Healthy,3.6206286090197306,2.6490836320353925,4.184718733685154,0.2480939931755652,-0.9559267781293634,-1.0071805506029239,0.0001232110301356496,0.20162881088070403,46.47422502580763,45.17367040602925,47.74132595782936,0.571533333389348
B0040,95,38,44.0,6502.047,1.7262424141835067,0.8631212070917533,Healthy,3.620461858040284,2.65252579490315,4.1846888191470475,0.24781387349105163,-0.955732355842102,-1.0057632619161987,0.0002453278658436129,0.20209960207174313,46.467598009037445,45.19280387716116,47.737403270809644,0.5765244273053443
B0040,97,39,44.0,6498.86,1.7252725927602899,0.8626362963801449,Healthy,3.6207850957418692,2.6675427612038987,4.184286661063821,0.2463403688688973,-0.9557348422192878,-1.0036710316885369,0.004007469729578841,0.2024657476626061,46.50711933936233,45.20413606865606,47.780084445812335,0.5735385049520042
B0040,101,40,44.0,3162.047,1.6668026877455053,0.8334013438727527,Healthy,3.4599911073457075,2.6781395492001447,4.176406009176324,0.21600330035861193,-1.8959184882594955,-1.9993456181076452,0.001446300492050024,0.4337434686845939,48.821116047310866,45.175135819472395,51.74025766413764,1.4547216344076106
B0040,105,41,44.0,3173.141,1.666754853762041,0.8333774268810205,Healthy,3.459413541721385,2.6375556284574677,4.182388453906596,0.22022561804758709,-1.888918960223662,-1.999341108890042,0.0008960653767449273,0.44804704345712615,48.862739172817825,45.187403220878714,51.80596353207629,1.4643999970979913
B0040,107,42,44.0,3169.844,1.6583274448761054,0.8291637224380527,Healthy,3.4606411813742883,2.654677503869026,4.184674961031428,0.2185466148917426,-1.8816448898300142,-1.9995292630247654,0.0017468007386395815,0.46267871939950694,48.859668212563015,45.212555741247925,51.79140734732303,1.4548247850698697
B0040,109,43,44.0,3156.563,1.65032263550715,0.825161317753575,Healthy,3.4619795504624093,2.6785586854358763,4.184986819959415,0.2160449769618825,-1.8804793058771856,-2.0008786622241015,0.0008982892019353855,0.4644469608706331,48.84759659003841,45.18333405509115,51.7543308845732,1.4542095360815537
B0040,111,44,44.0,3155.047,1.6493406341242296,0.8246703170621148,Healthy,3.4582381856512225,2.619691419158041,4.184706989313181,0.22120289112098276,-1.8804459095886619,-2.0047864831033904,0.0001074086444772065,0.46496016580600313,48.86015453747502,45.167687128469275,51.86320043661648,1.4739611699535151
B0040,113,45,44.0,3142.312,1.641919055037739,0.8209595275188695,Healthy,3.460434749861773,2.6631019561941023,4.184343189730703,0.21697605650319596,-1.8794616528353505,-1.999637685107115,0.00043409775515326386,0.46666681670120214,48.85593683732135,45.18411272626061,51.81917888349145,1.4633022027531395
B0040,117,46,44.0,1485.047,0.425812451177779,0.2129062255888895,End_of_Life,3.7482973521924325,1.7489828090032307,4.168100705327105,0.3693834776052783,-1.045884107237702,-3.995168139661149,0.005174105008398033,1.7496877431918156,49.04132294442338,45.19772145178193,53.95646661253941,2.5488846462000985
B0040,121,47,44.0,1489.313,0.5569902643736575,0.27849513218682875,End_of_Life,3.653849277043623,2.5354681123911122,4.1824060069381375,0.36340339089610335,-1.3616845329264926,-3.9957706201861773,0.0035436985419924263,1.8928652608053937,50.17313973556242,45.221402560632534,55.67880428959517,3.050119134098783
B0041,1,1,4.0,1063.609,0.055620243768194036,0.027810121884097018,End_of_Life,4.033096790443365,1.9487619326826215,4.18729715087111,0.3565544510822178,-0.2538350206461251,-4.027231208258329,0.00020128115577912396,0.9681987780608408,7.85677103517608,4.842367203458604,9.925006929139913,1.1385797665688941
B0041,4,2,4.0,1067.641,0.05569747261227687,0.027848736306138436,End_of_Life,4.014033100816979,1.9012002130732606,4.1926577100385645,0.39872889070573425,-0.2930461777610191,-4.027860931751215,0.0011455718787924615,1.0313082588560738,7.793067309492065,6.524300362048362,10.752582877071836,0.974107028691573
B0041,6,3,4.0,1048.687,0.05583901629185397,0.027919508145926985,End_of_Life,4.039068503173861,1.964899016000036,4.191826198838155,0.3491572685064774,-0.2593091510630079,-4.026399571595533,0.0008631061264894026,0.9785722764476551,7.471857159027487,5.378557794316599,10.859754872978824,1.8081683282685828
B0041,8,4,4.0,1039.984,0.056148059974053,0.0280740299870265,End_of_Life,4.035518711643437,1.9253389098858817,4.192086560129419,0.3607621221315568,-0.2611726955181682,-4.027903394302233,0.0006408213159168877,0.9808716728651977,7.8427380417497545,5.284928149273979,10.755318068306904,1.7656216514790086
B0041,10,5,4.0,687.328,0.05647053159913906,0.02823526579956953,End_of_Life,3.980423400468268,1.9131372213178368,4.192301938512631,0.4369037242196058,-0.3928841337322561,-4.02702139786563,0.00046837181595033045,1.1823655420280073,8.729861757639965,5.632949665472469,10.897588103290213,1.5569675817392659
B0041,12,6,4.0,1047.531,0.044092291840801906,0.022046145920400953,End_of_Life,4.032988865305357,1.8627826858792498,4.193625714514964,0.37617237750028504,-0.26035562315085287,-4.027019202895542,-1.6399831212031727e-05,0.9766299275544146,7.667746337954232,4.480546934340523,9.341307040097297,0.967845807026752
B0041,16,7,4.0,1038.375,0.05677191308141789,0.028385956540708943,End_of_Life,4.033685949693059,1.9143969587004501,4.19119960945764,0.36246416495136924,-0.2642055168350503,-4.027353321308967,0.0010205586141612685,0.9856432941250411,7.7591749084721195,6.628503187975908,10.393349980789248,0.8864062246082447
B0041,18,8,4.0,1030.703,0.056938376500757296,0.028469188250378648,End_of_Life,4.032799639644717,1.8935647470508339,4.192541976485373,0.3691803440279844,-0.2665742084454271,-4.026893291710312,0.0005444339932608359,0.9892433203621614,7.595487830652279,6.780818064654517,10.096648262126735,0.7439739220910151
B0041,20,9,4.0,1010.765,0.04440148411312257,0.022200742056561286,End_of_Life,4.024475259565998,1.839446966520227,4.191749338859155,0.3932052621418295,-0.27030775710016475,-4.027233078412571,0.0028492775870844664,0.9911774393206259,8.243992753511499,5.017898041246065,10.90616342735489,1.7071579691123564
B0041,22,10,4.0,1025.719,0.04463435818491618,0.02231717909245809,End_of_Life,4.057419271798581,1.976983963738619,4.192711269669948,0.32153529010552867,-0.22596311803692998,-4.028689923407233,0.00025908640195605514,0.9178534542803075,7.468945958924572,4.372117181946027,8.568134800681483,0.7936888429186653
B0041,24,11,4.0,1016.859,0.04479872243657484,0.02239936121828742,End_of_Life,4.0272103363763785,1.873021814547241,4.191685049461782,0.382457397375852,-0.27202714166048747,-4.025593484182172,0.0008435982225388236,0.9974861215865806,7.530653071201209,6.640929858135611,10.723989411834728,1.0084123160824774
B0041,28,12,4.0,1021.079,0.04670898780785478,0.02335449390392739,End_of_Life,4.050486744587676,1.9477419384591268,4.191473973303783,0.33483104590007523,-0.23602951698570515,-4.026608825793279,0.0003838386790028171,0.9348965058929486,7.508014036482144,4.53011005840237,10.069265727154304,1.7434021471149204
B0041,30,13,4.0,1010.562,0.04495371533089529,0.022476857665447644,End_of_Life,4.0253168657448795,1.848331298599493,4.19266348713535,0.3924669568162827,-0.27348921678770266,-4.026925565198509,0.0009460881278900264,0.9972822832665006,7.7964600722995465,6.469955100804589,11.678125966059154,1.597462676646264
B0041,32,14,4.0,1003.313,0.045219329019542696,0.022609664509771348,End_of_Life,4.052602606442854,1.9596888390790306,4.191170886079178,0.32959159486094103,-0.2334393540995563,-4.026220736016629,-0.00044032310991563595,0.9307974225738128,7.8034524490998285,5.208455754367817,10.184555541046695,1.6157531413493573
B0041,34,15,4.0,1006.187,0.04540222414694979,0.022701112073474895,End_of_Life,4.05448270357176,1.9992324205815248,4.191474565768196,0.3217310048162622,-0.23474919435723154,-4.026600353147187,-0.0005187670496533973,0.9348067730496216,7.338169121535551,6.500417351920496,10.778359079693514,1.108467000180839
B0041,36,16,4.0,996.765,0.04567901224974174,0.02283950612487087,End_of_Life,4.049754413243471,1.9251333188603235,4.1914127894156605,0.3383447596211453,-0.23568926542344776,-4.027650788959281,0.0023258367985470275,0.9330096512521734,7.996082185455724,5.173552618385618,10.339342995308634,1.5902964292630624
B0041,40,17,4.0,999.422,0.04552080257033988,0.02276040128516994,End_of_Life,4.05160764529163,1.9740055332079238,4.190379159747539,0.3270213757355005,-0.23708766412975693,-4.027227829304676,0.000268681546977792,0.9384866967814762,7.616516148546487,6.627252524001135,11.13650452054683,1.2782295647155844
B0041,42,18,4.0,990.234,0.045728541460242564,0.022864270730121282,End_of_Life,4.046009584492231,1.8695092344510635,4.192073381143846,0.35251783834946016,-0.23747574678748198,-4.026713712659612,0.014348935166405475,0.9344638421594266,8.204866825805862,5.166274495344972,9.695569312291523,0.8715435622256017
B0041,44,19,4.0,608.953,0.045860512192502,0.022930256096251,End_of_Life,3.9895918681265607,1.9264050760509093,4.1904893432927715,0.41956570867534076,-0.3840869068940257,-4.026997259040961,-0.00019235288570000674,1.170540333593511,8.60158441430347,5.760800794786144,10.5100184115379,1.4658784865404522
B0041,46,20,4.0,586.719,0.045983556030275076,0.022991778015137538,End_of_Life,3.985571015537921,1.9303413820598547,4.192034113238024,0.42541873135401403,-0.3994046475100103,-4.027300892979811,0.00037118291706968545,1.1919787450312778,8.142046999932631,5.657022877466849,10.61900706852965,1.7702480336060973
B0041,48,21,4.0,575.922,0.04612876296673401,0.023064381483367005,End_of_Life,3.980535614492745,1.9192879295943026,4.191331438635326,0.4324167416050779,-0.40701282792967935,-4.026869354986675,1.6889090996621283e-05,1.2008970153626353,8.360837093570488,5.735635064611271,10.81117656025071,1.7826212717601673
B0041,52,22,4.0,1050.406,0.0463714545530443,0.02318572727652215,End_of_Life,4.044423526176633,1.8958889997737756,4.183657953138958,0.3345240081849254,-0.22708609506318292,-4.026286824191878,0.0009680326886943136,0.9160632410040974,7.424942900733046,4.9668475032215,8.406830339250588,0.6597349627007961
B0041,56,23,4.0,1040.75,0.04642385425314327,0.023211927126571635,End_of_Life,4.046519260018804,1.8503922251966067,4.190189952777753,0.35000802777432316,-0.22827621606261203,-4.02722660963012,0.0013162081957901793,0.9168615099920898,7.9013472750820934,4.520533362554202,9.345446470246115,0.8876368645721596
B0041,58,24,4.0,1019.125,0.046579469530564604,0.023289734765282302,End_of_Life,4.0486772026987,1.9189577261874917,4.19007809729293,0.33520040056173844,-0.2361895202725738,-4.0270290979278105,0.002116614515053117,0.9337577635830914,7.528844792233565,6.3067293464242065,10.959408995323104,1.3568905132490456
B0041,60,25,4.0,618.844,0.04672600894839656,0.02336300447419828,End_of_Life,3.987337891451254,1.8900554775200376,4.190880582293337,0.42667375458205525,-0.3826962842101839,-4.026309388573787,0.0001997700028285643,1.1670658428549916,8.9516558822886,6.304291214523864,10.83821929996881,1.400703435175868
B0041,62,26,4.0,1039.547,0.046863472432443716,0.023431736216221858,End_of_Life,4.044136561678348,1.8174460639575951,4.191090626108922,0.3590900349896369,-0.23064748794571008,-4.028003656373331,0.0014902855726429537,0.9205212902824572,8.178079824357086,4.80906454301282,9.713734913231036,0.9082856279794291
B0041,64,27,4.0,1004.328,0.047123070484888584,0.023561535242444292,End_of_Life,4.04413456868279,1.8839750015583074,4.189832720082945,0.3462452475839987,-0.24064511559111762,-4.026666130577684,0.0021532698467925148,0.9419670107267162,7.858156748807482,7.019446543104292,11.338971542207569,1.2294647222750152
B0041,68,28,4.0,1005.75,0.047089685801538064,0.023544842900769032,End_of_Life,4.043477180478885,1.8734696416805767,4.190041335900519,0.3484703855908474,-0.2402450705851821,-4.027056277337461,0.0006415103510002413,0.9407758067650318,7.290664996377678,5.856900670262023,8.874610339188825,0.539258118236918
B0041,70,29,4.0,995.797,0.04716816990682447,0.023584084953412236,End_of_Life,4.04227054005478,1.886110144063044,4.189984813034986,0.3493013006271103,-0.24333347418814677,-4.02788379150145,0.00017331577046563503,0.9462764324752166,7.329912113720836,6.568666933574381,10.892975819528624,1.042424093956705
B0041,72,30,4.0,998.921,0.047416623395846624,0.023708311697923312,End_of_Life,4.040909605277031,1.8739632417811318,4.189413584762128,0.3516321964327288,-0.24301113896312274,-4.027336921885771,0.0017978492601650278,0.9452186252778731,7.554859379508905,6.817369304375435,9.921480417012175,0.6800397967425315
B0041,74,31,4.0,989.141,0.04747365818614322,0.02373682909307161,End_of_Life,4.034959849871617,1.8016696485993338,4.1899380782665405,0.37413775493962054,-0.2444397899790283,-4.026557611997337,0.00032575533621505314,0.9451673060262592,7.849809440149771,4.638556646012479,9.340703602759723,0.9471804352729605
B0041,76,32,4.0,979.203,0.04767107168829607,0.023835535844148034,End_of_Life,4.036614663983007,1.8542865324237547,4.189327989081172,0.36084808774353516,-0.24859607381512622,-4.027961352078785,0.0028725804722429657,0.9555217950405968,7.70135529903965,6.916642463637622,10.415323507314886,0.788505258826595
B0041,80,33,4.0,994.031,0.04775614866793622,0.02387807433396811,End_of_Life,4.037642497951333,1.843811769338875,4.189084331721328,0.3607592302748477,-0.2455503892791554,-4.0264324541097025,0.0001001028563430931,0.9495712526322833,7.894047750295666,7.049494752714498,10.395152109274877,0.7338874311936191
B0041,82,34,4.0,971.516,0.04783369052905227,0.023916845264526136,End_of_Life,4.034094593369476,1.8387012636266087,4.189241659101563,0.3682209428027528,-0.2514955135210832,-4.02660823219147,0.0005511151310886249,0.9595753574563668,8.037186019526875,6.804651865112654,11.381000616023893,1.345840902285284
B0041,84,35,4.0,810.563,0.047922817158937946,0.023961408579468973,End_of_Life,4.012161986962798,1.839823604952559,4.189006943800672,0.40244123812134697,-0.29997684312829737,-4.028071616576014,0.0023990220709778957,1.0416273928890285,7.949369169721323,6.557349570735426,11.200598645773905,1.5422967116697228
B0041,86,36,4.0,599.047,0.048108024971614455,0.024054012485807227,End_of_Life,3.9650186584361826,1.811117308582499,4.189396334961549,0.47079941714536977,-0.4022840734511658,-4.027982365911394,0.002177850736618702,1.1888434321952068,9.047225819573063,6.191976348876232,10.936042652403566,1.405429266829322
B0041,88,37,4.0,109.078,0.04808782735825877,0.024043913679129385,End_of_Life,3.340751046871069,1.750577605139322,4.189766782198294,0.8483482451975289,-1.943108082149396,-4.02709431360029,0.0010647316852306916,1.9492482204249553,6.867303793453594,4.533650359311468,9.652988520428657,1.9903466232922338
B0041,92,38,4.0,109.17099999999999,0.04842261926326617,0.024211309631633086,End_of_Life,3.376535267030834,1.7948775590357675,4.1899278595155955,0.8131764619457588,-1.962068668738532,-4.0266875108806275,0.0005095861134542601,1.9658589555195451,7.376798555753924,5.800887899011662,9.298616166335734,1.3772666791542851
B0041,94,39,4.0,96.484,0.04798649525462829,0.023993247627314144,End_of_Life,3.516920360081993,1.975138784399138,4.191983739835927,0.7143739730228728,-1.7719212345736952,-4.026915576815353,0.00034295037115677953,1.9793354761414803,6.443867741135219,4.728611915735343,8.441835425382303,1.4549395269265504
B0041,96,40,4.0,109.094,0.04822175200495124,0.02411087600247562,End_of_Life,3.356583779630796,1.7728949542450014,4.192299139301579,0.835495466496374,-1.9559507912713312,-4.027342355246391,0.00037836403349223466,1.9603405764649307,8.159447293088878,6.013403221372391,10.811071564713467,1.8865573769605832
B0041,98,41,4.0,96.906,0.04787731566765343,0.023938657833826715,End_of_Life,3.506509095784585,1.9302106494417557,4.193421662600735,0.7307226729003666,-1.7607054829879765,-4.027238471110434,-0.00038708012406832353,1.968146317203602,5.5290205453691215,3.6403690820883403,7.830975218816948,1.649281165888527
B0041,100,42,4.0,97.015,0.04829032055579415,0.024145160277897076,End_of_Life,3.5159000773941735,1.9650910927147995,4.193648125269162,0.7188736927188514,-1.7681339646442331,-4.02635645614634,-0.0004599745490634908,1.9752974329860093,7.124961498497141,5.428811278743664,9.120173569834156,1.4429057562772702
B0041,104,43,4.0,5608.781,1.2156494086360898,0.6078247043180449,End_of_Life,3.3112454225976364,1.9984945380049617,4.146039771927649,0.3509122418580209,-0.854360956636137,-1.0084814254402212,0.002126268495120937,0.35978393828855104,9.154846882609299,5.275702046718262,14.806765885071044,1.8887404652667314
B0041,108,44,4.0,5703.296,1.1476416320946565,0.5738208160473283,End_of_Life,3.3541760641303275,1.9980483774045472,4.165360918422926,0.35344953970728393,-0.7981740885950975,-1.0102145854313622,0.0015325716425561905,0.40723561581588225,8.881539906101905,4.780035939927946,13.99744937533934,1.9604170882679952
B0041,110,45,4.0,5668.032,1.1194574527298193,0.5597287263649097,End_of_Life,3.3570606628058544,1.969259944196061,4.187489255858448,0.35959131032035435,-0.7810567570267977,-1.0150463617879395,0.0015277751086007758,0.4191194545399423,8.750669611128531,5.919482194028105,14.356275659290002,1.947533721373135
B0041,112,46,4.0,5634.047,1.0841325641850128,0.5420662820925064,End_of_Life,3.360601023233454,1.9711826686049976,4.186438859109176,0.3607550158435908,-0.7613195099194562,-1.012201146303343,0.0034353988646014487,0.43131628732171223,8.86215516188506,6.049196307789685,14.518586105925962,1.860466821312498
B0041,114,47,4.0,5582.375,1.0607784232892656,0.5303892116446328,End_of_Life,3.376453566741124,1.992456853950006,4.1865714064230355,0.35059071089738647,-0.7425489892830268,-1.0155779321659608,0.015402344614667095,0.4422310422152451,8.671218071184748,4.402765756364194,12.628628797798616,1.8434382395096882
B0041,116,48,4.0,5567.329,1.0170312865626592,0.5085156432813296,End_of_Life,3.3670420302190878,1.9860813942080053,4.187026822244992,0.368436364587118,-0.7321893718076325,-1.0096426599672785,0.0030485900875226795,0.44741881725656923,8.757399436040695,5.9538134669429805,14.249076739876307,1.9368019668767116
B0041,120,49,4.0,5528.453,1.0000374999808574,0.5000187499904287,End_of_Life,3.364330094542419,1.9641170559105665,4.163770340966965,0.36212661706557386,-0.7199523659573055,-1.0091487810629698,0.002327712188412485,0.4533797660893539,8.639658664137915,4.303002687643618,13.400963787224587,1.9433136503306163
B0041,122,50,4.0,5513.39,0.991506494786248,0.495753247393124,End_of_Life,3.3751162200711295,1.9738816345942323,4.187200947787786,0.36094560578385315,-0.7118463228821923,-1.009833327026415,0.002167212175422763,0.45711332067803073,8.65548107609068,4.413148229926141,13.143596987494343,1.9092192257991814
B0041,124,51,4.0,5486.187,0.9655644425371017,0.48278222126855086,End_of_Life,3.3621759630641312,1.96202217374659,4.186784389157799,0.37599447656836105,-0.7087128423143153,-1.009193591238253,0.004775678671593971,0.4586651793037471,8.759984675272241,4.203006390025938,14.777209247015291,2.0971922659004276
B0041,126,52,4.0,5461.922,0.9383311962439673,0.46916559812198366,End_of_Life,3.368210631607209,1.9654140118768377,4.186125026049552,0.3803697284298251,-0.6979025722864983,-1.0088082268326934,0.003460380138785523,0.46331521370423817,8.830297151200996,5.6046085183707,14.304402604245366,2.052200611114356
B0041,128,53,4.0,5438.157,0.9298903389240268,0.4649451694620134,End_of_Life,3.370853913355754,1.9863126768890387,4.186746028379296,0.3774355272781665,-0.6933558264284685,-1.0103209549778753,0.0022272824153911335,0.4652726485331575,8.799768115250679,5.733998101884978,14.331273599738246,2.034510345940898
B0041,132,54,4.0,5402.875,0.9072117399448598,0.4536058699724299,End_of_Life,3.3581793261108124,1.9630747982406382,4.163158535852763,0.38560690748897264,-0.6902880247189804,-1.0124340477235452,0.003805457706842556,0.46634298247951095,8.745105198865453,4.264205845763913,14.563719307573445,2.2313091815680317
B0041,134,55,4.0,5384.438,0.9176870676937323,0.45884353384686616,End_of_Life,3.37598164284238,1.9779431503032714,4.186772472927074,0.3791148159350835,-0.6857268851295145,-1.0090835879550415,0.0028049895931582343,0.4680954715173114,8.946917298516645,5.566480675648516,13.829855263617011,1.9722457063803367
B0041,136,56,4.0,5344.859,0.9157430721963028,0.4578715360981514,End_of_Life,3.375216189144452,1.9639398858129093,4.186831658425379,0.3791173404588972,-0.6851603503311268,-1.0105284011067648,0.003690648409006258,0.4684929561346768,9.040543925569377,5.435374069240047,13.737164003906683,1.9952309461095377
B0041,138,57,4.0,5305.156,0.9111662690050432,0.4555831345025216,End_of_Life,3.378276210248986,1.9702983324374248,4.186655518987532,0.37530316236482153,-0.6819162824683657,-1.0086893503366123,0.0020335109340240748,0.46965991831081166,8.532733645586704,4.471969426664863,12.81091218035467,1.9827191540834224
B0041,140,58,4.0,5284.547,0.8968901443572698,0.4484450721786349,End_of_Life,3.3576825497066554,1.9730383300739132,4.18742749688236,0.3863067837289143,-0.6894186362655551,-1.0089940440238492,0.0018133685396086406,0.4667644491420321,8.782675041661408,4.586417910662455,14.671197747849568,2.1033422125770045
B0041,144,59,4.0,5267.843,0.8862133472800153,0.44310667364000766,End_of_Life,3.372443445163586,1.9838761544280692,4.162787419492519,0.37849698843808427,-0.6747860827784834,-1.0115567754248007,0.0039332100550204495,0.4722799984867935,8.560357801003482,4.6583539577042306,13.038382746716444,2.0049196089446135
B0041,146,60,4.0,5229.688,0.8931124136187014,0.4465562068093507,End_of_Life,3.3616482008091766,1.9788346452939312,4.187165554713402,0.3809775031231385,-0.6895848665473618,-1.0167179389820475,0.0021419900201196506,0.46669094555693774,8.764133478033603,4.736231487596505,13.714494392375379,1.980773703548509
B0041,148,61,4.0,5206.954,0.880898507091054,0.440449253545527,End_of_Life,3.355787384613788,1.9814002802204322,4.187045396695641,0.38712543446094855,-0.6897175362541831,-1.0092383149208406,0.00548263768897364,0.4666217755090511,8.765404824218605,4.393076091050365,14.575589138075149,2.1031613933330737
B0041,150,62,4.0,5179.062,0.8798879382023741,0.43994396910118705,End_of_Life,3.3727607964555295,1.9709138772975623,4.186293612544601,0.38246480754096474,-0.6799724655286791,-1.009966218358327,0.0015529494938448828,0.47057865168621216,8.755093905294753,5.137510763440577,13.067203225526347,1.905474681798405
B0041,152,63,4.0,5144.109,0.8682347537115443,0.4341173768557722,End_of_Life,3.3509928631825083,1.963309434324626,4.187093036345873,0.3916434417713665,-0.6917951426190972,-1.0090929337978087,0.0011829916275836153,0.46579467102864297,8.893802155578395,4.616943449397521,14.838581695723233,2.1215725926617073
B0041,156,64,4.0,5142.891,0.8443569490395516,0.4221784745197758,End_of_Life,3.3532732844068915,1.969632856814267,4.1622764650624795,0.3948573681660463,-0.6809063812932633,-1.0114348379697002,0.002154094041995595,0.47002500597575675,8.81827276383748,5.200284242753549,14.14400886283852,2.1395820628271105
B0041,158,65,4.0,5109.734,0.8657093203148538,0.4328546601574269,End_of_Life,3.3628002392609977,1.9745500537070804,4.186536627382842,0.3882120566056174,-0.68532451408367,-1.0109225916210234,0.0023120161465997897,0.4684074176091228,8.817889726396931,5.497464666888083,13.627764711730384,2.030920605774337
B0041,160,66,4.0,5078.937,0.848696904019178,0.424348452009589,End_of_Life,3.3571560938046225,1.9757714925691652,4.186463574636571,0.39448652359135594,-0.6877787777947552,-1.008247978169289,0.001279352101969007,0.46739279810292794,8.813349159884925,5.49154401528712,13.996072333026769,2.0814979143821337
B0041,162,67,4.0,5051.672,0.8364948433646345,0.41824742168231727,End_of_Life,3.353212474513757,1.9845398354520498,4.186593388980786,0.39759198873019286,-0.6879305049076954,-1.0087841111125984,0.0014094178166973621,0.46729244206396325,8.798028132789177,5.016845959500307,14.227945473001952,2.181136205034627
B0042,3,1,22.0,3360.922,1.7287126633755356,0.8643563316877678,Healthy,3.4614155612128847,2.129158438168119,4.186140431282269,0.2705052789783543,-1.8939211913974323,-2.014638801503157,0.0017182819450348265,0.4723357805350859,30.57466734048236,22.916770992915133,36.717449850963185,3.1918892910239602
B0042,5,2,22.0,3289.406,1.7314706281853145,0.8657353140926572,Healthy,3.4852386922159138,2.1712317301519577,4.187001880186287,0.2514380040078996,-1.919584179064593,-2.0148053114573066,-0.00020116620562418,0.4209678123945014,29.95773352180402,22.539912627969,35.70113647811508,3.096888455125318
B0042,7,3,22.0,3244.797,1.7282350363146088,0.8641175181573044,Healthy,3.488650146996854,2.0952902803723332,4.187021318592124,0.25477926259745626,-1.9414451091961449,-2.015434761164688,0.0020564914579724422,0.3704487390956388,29.657371849977196,22.253302549270135,35.604456217007545,3.124935777880404
B0042,9,4,22.0,3211.438,1.720344742291621,0.8601723711458105,Healthy,3.4946031502677606,2.1366970037230573,4.186893543931745,0.2467290648407982,-1.952411218384564,-2.0155565107237616,-0.0001845581676960956,0.3415437066969632,29.58111945436258,22.14576006233928,35.76285352997919,3.1570438507854934
B0042,11,5,22.0,3175.594,1.7221734367707637,0.8610867183853819,Healthy,3.5041466859903747,2.168073033459323,4.187506351946306,0.24091901771633753,-1.9696086717857546,-2.015995237854003,-0.0003839805140552891,0.28961726206561267,29.852452033753185,22.50193566756556,36.007677297437105,3.1497833147068035
B0042,15,6,22.0,2646.625,0.0,0.0,End_of_Life,3.5813916541827884,3.3813406435619986,4.182774174856053,0.14286703134530435,-1.9976081862271116,-2.0156141177062725,-0.0014793412116017486,0.1711468163001041,29.44940696187815,23.09569830656804,33.431937420119205,2.591172847601329
B0042,17,7,22.0,3121.672,1.708669577331945,0.8543347886659725,Healthy,3.511927235956774,2.139145470034486,4.186160728297307,0.23953157661497415,-1.9934476128094072,-2.0146673758608302,-0.0016426030143646974,0.19342590539737428,30.133153080135422,23.133782244082017,36.26317829568585,2.9843548913155638
B0042,19,8,22.0,3102.937,1.7036476485918646,0.8518238242959323,Healthy,3.509889497883845,2.0578186631112567,4.185572306171051,0.24278674724427052,-1.9997503053848376,-2.016448918600222,-0.0016062938841261412,0.15902845326681167,29.740453708978055,22.667392403357333,35.7623078299739,3.0130255594415125
B0042,21,9,22.0,3089.437,1.6958375743577971,0.8479187871788986,Healthy,3.508503301766948,2.0659696365057045,4.185230831091511,0.24062202480831274,-1.9995857055614814,-2.016370882539026,-0.002244777297343679,0.15988744696965598,29.503354124651093,22.397436866058804,35.6522927277619,3.0401427843799715
B0042,23,10,22.0,3077.75,1.6949064846676911,0.8474532423338456,Healthy,3.5093738486555153,2.1287000635251876,4.185842765241663,0.23524713873834924,-1.999480712152978,-2.0173293605362743,-0.0001720142145016335,0.1608172467116979,29.324509292718897,22.15647191474241,35.46408341742395,3.0736694792526715
B0042,27,11,22.0,3074.875,1.6874768094352455,0.8437384047176227,Healthy,3.5046118772654107,2.0313187007109774,4.181929749098425,0.2433266898298662,-1.9994501505976243,-2.0179688284834034,-0.0032857606579941665,0.1610891227061377,29.22569193760115,21.97680688887855,35.57686579319408,3.1097319353310473
B0042,29,12,22.0,3061.891,1.685989172917945,0.8429945864589725,Healthy,3.5095049490219243,2.1649043558777703,4.185220171197086,0.232614812313888,-1.9994421818851504,-2.018830939124682,0.0004905732385570956,0.16210923872986716,29.238210532728655,22.039358695383665,35.388257294125744,3.095582228273705
B0042,31,13,22.0,3058.469,1.6782864747774933,0.8391432373887466,Healthy,3.505007993364287,2.0349571700229223,4.185080917700821,0.24409469087170363,-1.999407899212143,-2.019325717882185,-0.0028296503882772476,0.16245286766749084,29.20609205353922,22.004296473708575,35.480764002425865,3.108814333584859
B0042,33,14,22.0,3040.75,1.6739647640901527,0.8369823820450764,Healthy,3.508074728787427,2.181544114739576,4.184485186999273,0.23232551398002668,-1.9990854937416902,-2.0198651097991984,-0.001279701751986286,0.16339698129810046,29.183920322474094,21.977290475494513,35.44318242068533,3.11478497243179
B0042,35,15,22.0,3037.641,1.6722378801237066,0.8361189400618533,Healthy,3.505745200469688,2.113769860085841,4.1847915856010305,0.23804224189609924,-1.9991858462433614,-2.019707495930309,-0.002652121454792672,0.16381830700301775,29.153714127894734,21.937196310338024,35.53526888191109,3.1293324935033073
B0042,39,16,22.0,3044.828,1.6759897900491967,0.8379948950245983,Healthy,3.5048985290607786,2.098421577709346,4.184774909668599,0.23924532775884794,-1.9989914019015806,-2.019811604847253,-0.002175708409508,0.1640569388795852,29.10632507144163,21.827025575894588,35.63389752973798,3.15469957337801
B0042,41,17,22.0,3030.25,1.6618247672847988,0.8309123836423994,Healthy,3.5020910209596536,2.037616415551784,4.183886479555269,0.24496848698698687,-1.9988805936646044,-2.019941517456099,-0.0028485703598498543,0.16491389545535798,29.126742424015156,21.89229814678285,35.59922975777694,3.157554303295162
B0042,43,18,22.0,3017.578,1.6606710352566112,0.8303355176283056,Healthy,3.5056874475759354,2.187174985653482,4.185135902762495,0.2336865147033407,-1.998923841150207,-2.020188403345957,-0.00015945041076528602,0.16559415507184805,29.11535255703125,21.904699326684245,35.43687423276839,3.1448859000453457
B0042,45,19,22.0,3015.0,1.6530644874507203,0.8265322437253602,Healthy,3.501789524982507,2.072733153164181,4.1851821245426,0.24303428172764077,-1.9987415414363179,-2.0200971028016084,-0.0007384060495031991,0.1661601596001154,29.12272547212756,21.879984390778024,35.61618852753751,3.1673827810337447
B0042,47,20,22.0,2999.454,1.649953986270456,0.824976993135228,Healthy,3.5025833976800564,2.153538168709435,4.1837159565353605,0.2374921529916894,-1.9984049924032652,-2.0220817004003178,0.0006422289496137022,0.16884933846070826,29.13774561916092,21.894505247973274,35.607533152172905,3.1641962257143965
B0042,51,21,22.0,3054.859,1.681297805444492,0.840648902722246,Healthy,3.5037983873679237,2.0832977472531726,4.180907860399083,0.2410922095826148,-1.9987909313311893,-2.0208707402093506,-0.0013752044979968077,0.1658650413302155,29.35747712988229,22.055422569884072,35.78017086282214,3.1974757561135534
B0042,55,22,22.0,3034.875,1.6700520424481298,0.8350260212240649,Healthy,3.512523395065813,2.199482829433638,4.1839131722082135,0.2331736284905321,-1.9987942581899858,-2.0221682438178825,-0.0009057434365643359,0.16675761771984057,30.058298726634376,22.902106092162704,36.29735151754127,3.1366441896745196
B0042,57,23,22.0,3030.0,1.667181860354792,0.833590930177396,Healthy,3.509324438333478,2.053610599291471,4.186499199755687,0.2460368461934164,-1.9986644728662533,-2.0194606261451518,-3.264133466017354e-05,0.16734629486328928,30.335552136245834,23.25558148148619,36.77407258413331,3.1352761323756067
B0042,59,24,22.0,3011.781,1.6568865613275168,0.8284432806637584,Healthy,3.507216525411572,2.0842633816547624,4.185720302344454,0.24391112312108124,-1.9984721935924135,-2.0196503096891822,-0.00012200872967821821,0.16817278454691478,30.22790176989086,23.13255340128993,36.689880841645596,3.1649171898402346
B0042,61,25,22.0,2990.25,1.6449819446579936,0.8224909723289968,Healthy,3.5055185795629873,2.1599889328107214,4.183888714545253,0.23890020303974552,-1.9985308662699577,-2.0197092405916743,-0.0016208708068343783,0.1689883277088597,30.04068826163031,22.933575068997126,36.474588298798025,3.1746387466070307
B0042,63,26,22.0,2980.234,1.639214585000014,0.819607292500007,Healthy,3.5041328171645443,2.1678081694534352,4.18402917199016,0.23877031602120083,-1.9984054053915892,-2.021433558764001,-0.0017287035571895096,0.16965267873857942,29.995148407588697,22.75566941167782,36.537300845099665,3.2520750575851696
B0042,67,27,22.0,2994.844,1.6410599890208055,0.8205299945104028,Healthy,3.500597395262485,2.0092759412003707,4.1826825462923845,0.25266489719119617,-1.9983882415644911,-2.0209567624857296,-0.0008327829483928086,0.16969953200794338,30.299545316589416,23.092659024881236,36.91332213005366,3.20261014606503
B0042,69,28,22.0,2987.672,1.6432696512198481,0.8216348256099241,Healthy,3.5042529973432037,2.0586265993400703,4.1858935294796344,0.24886043542730482,-1.998374293478694,-2.0209872934269897,-0.0011614647093873423,0.17026477115087427,30.68092451180232,23.575970837477485,37.19792815636057,3.1715619546710174
B0042,71,29,22.0,2975.1100000000006,1.6298673102402295,0.8149336551201147,Healthy,3.501278659398817,2.043267705708337,4.185186392104773,0.25098695127738035,-1.9981525515062302,-2.0191972634782047,-5.5944877781625684e-05,0.17096328500670785,30.663435287795615,23.502479291188067,37.30788971906059,3.2093843014593877
B0042,73,30,22.0,2953.219,1.6238536344658807,0.8119268172329404,Healthy,3.501431066556208,2.1921151659229676,4.184091250625792,0.2403896345361689,-1.9980383822206629,-2.0193297812824187,-0.00205587058752552,0.1717920596900774,30.40848004603748,23.25101099435588,36.91850317978018,3.2203034258726264
B0042,75,31,22.0,2955.484,1.6186308887044174,0.8093154443522087,Healthy,3.4934993616796306,2.009457332273357,4.185322505991986,0.2564226559931945,-1.9979232246026066,-2.021266928188253,-0.0013207371739492463,0.17214852129860134,30.239404481904074,22.971790357139568,37.047150483309736,3.275527447648725
B0042,79,32,22.0,2957.016,1.6193418112441196,0.8096709056220598,Healthy,3.491928488990642,2.022898050960585,4.184033603294302,0.2548881394967966,-1.997803306177237,-2.019754051447638,-0.00042129067195272854,0.17237871317143547,30.138707501965232,22.750486671200427,37.11898525927804,3.331618564743354
B0042,81,33,22.0,2948.219,1.614593271326993,0.8072966356634965,Healthy,3.4957274527798257,2.0786601580627257,4.186164958491378,0.25090352667045707,-1.9980185647316375,-2.0194164856966417,-0.0010122095977501732,0.1731588371263073,30.49092272629849,23.20335228956989,37.20592886199134,3.2724129606415726
B0042,83,34,22.0,2935.5,1.6072040891927848,0.8036020445963924,Healthy,3.4919326250007057,2.0245603644426806,4.18461988628569,0.25647635265485186,-1.9977650982407589,-2.018937306071589,-0.002880976739829788,0.17358062130932309,30.52916769412123,23.332680948762246,37.368553487110155,3.2581034395506046
B0042,85,35,22.0,2913.797000000006,1.6012663590062357,0.8006331795031179,Healthy,3.4900059195673445,2.1378818450405794,4.184040894709915,0.24866902080394582,-1.9975731627964834,-2.0197870445936115,-0.0009847832694445762,0.17467955595976034,30.179619049814637,22.939046141588143,36.95276259711366,3.2762470024601593
B0042,87,36,22.0,2900.703,1.5940407410631041,0.7970203705315521,Warning,3.487760577211602,2.1834760399486535,4.184856050801538,0.24661699832987047,-1.9975539729276182,-2.019731795851263,-0.002366089076090569,0.1752813120384409,29.93310245467766,22.62107627575683,36.815592394057184,3.307618372414096
B0042,91,37,22.0,2914.031,1.5946888289374477,0.7973444144687238,Warning,3.4820338003810947,2.0156684625826635,4.183683003795162,0.2593498441264917,-1.9973829316274176,-2.0193579089897273,-0.0006941638440918704,0.17546364997154154,29.855112852408766,22.33910192769368,36.96422627426333,3.4080915090782447
B0042,93,38,22.0,2901.968,1.5882100957302596,0.7941050478651298,Warning,3.4857768989088593,2.0632481862122884,4.184611325870051,0.2554087717191002,-1.9975492343534866,-2.019389721774823,-0.0006398187790150943,0.17609763580221757,30.257387669276046,22.822384651747097,37.23035953747147,3.3769470605022636
B0042,95,39,22.0,2901.734,1.587985558077698,0.793992779038849,Warning,3.484962036012865,1.9973214087149431,4.185413957037178,0.2619393074488242,-1.9975022770940793,-2.0213797301297833,-0.00039291175473987077,0.1764750074914067,30.562785800580222,23.226244445744424,37.46832272742832,3.351486392791352
B0042,97,40,22.0,2887.407,1.5799165406650344,0.7899582703325172,Warning,3.4839596946536755,2.040034213071634,4.184723241072492,0.25923416253099635,-1.997334294795813,-2.019502208637406,-0.0014477021978065545,0.1770404557691928,30.59004134732037,23.235713853755716,37.650592081498104,3.3584902810423007
B0042,99,41,22.0,2861.937,1.5655946193652834,0.7827973096826417,Warning,3.479594890613384,2.11763338483894,4.182701394192162,0.254462325156891,-1.9971237584867627,-2.02072945969767,0.0007887257964197284,0.17814491630645427,30.190272809188617,22.885196264237926,37.16199226931662,3.3411065723229867
B0042,103,42,4.0,1055.25,0.07070127737340176,0.03535063868670088,End_of_Life,2.7052764231784736,2.166646513631925,4.181775825418943,0.3086961911320001,-3.938418442736194,-4.032113976084337,-0.001300388626828951,0.5901976606535566,24.183402923813027,5.7856129033703665,36.86635295736364,9.086444627430872
B0042,107,43,4.0,1012.187,0.08416878530139071,0.04208439265069536,End_of_Life,2.679525148874618,2.1499182639223604,4.178606054628232,0.325226839146433,-3.9351759952435854,-4.034013050651154,-0.0014040617202484493,0.6033522872751366,23.826987359225914,5.832910464719786,38.12553242159685,9.435584471242091
B0042,109,44,4.0,991.172,0.08443785621465827,0.042218928107329134,End_of_Life,2.6791157950874176,2.1626004782242956,4.187711795130632,0.32951179165368744,-3.9330339281400906,-4.034190401454665,-0.0015910768541789232,0.6102116243124434,23.77974968565753,6.190532539577355,38.33981699002702,9.654751988661582
B0042,111,45,4.0,982.094,0.08478919060590338,0.04239459530295169,End_of_Life,2.671214412999543,2.174009268733748,4.188160354925031,0.34300368536813075,-3.931680950777038,-4.032988970431842,0.0010617334447227764,0.6139586786074559,23.729074463498662,4.744830301776295,37.77196459678644,9.501295102875618
B0042,113,46,4.0,1063.609,0.09334258183442584,0.04667129091721292,End_of_Life,2.691575483192303,2.1861984912538444,4.147325113187213,0.3170185700088296,-3.942868822909943,-4.034270870730653,-0.00047393607634380486,0.5778316727410028,24.093822128089528,4.730017206468228,36.82466507220515,9.6230763755284
B0042,116,47,4.0,1067.641,0.10603180131397782,0.05301590065698891,End_of_Life,2.6739113004169983,2.1758569457027304,4.178007633870366,0.32855879528428955,-3.943133668889635,-4.035551171922283,-0.00046395737528633736,0.5781784411185055,23.99346261249294,6.19069543442408,38.55810679258891,9.894019623982052
B0042,118,48,4.0,1048.687,0.106505866207118,0.053252933103559,End_of_Life,2.674532494466212,2.1928857082631903,4.187777600667363,0.34811784645931615,-3.941238449762143,-4.0336360496244295,-0.00124516242122111,0.5840556268386483,24.134267829139272,5.756061028005535,38.71410921886447,9.577978929088847
B0042,120,49,4.0,1039.984,0.09439111585512952,0.04719555792756476,End_of_Life,2.672674327169749,2.1962120524397566,4.187801760321389,0.34603843435425236,-3.940098411106424,-4.0344969748098904,-7.243994267375294e-05,0.5871446454275907,24.399198659580694,5.517396127585015,38.82770605774448,9.539809505218328
B0042,122,50,4.0,687.328,0.09450595927387112,0.04725297963693556,End_of_Life,2.795919785016863,2.177441070098024,4.187724346556428,0.3565581594255389,-3.895915337791737,-4.034666797827482,-0.0023372383400789612,0.7168076227298545,19.290333517015608,5.553047335078787,28.576587463983174,7.36933390162472
B0042,124,51,4.0,1047.531,0.08211456108215626,0.04105728054107813,End_of_Life,2.647432949750048,2.1475982200987445,4.184585351637899,0.333398305202224,-3.939911966880655,-4.034572987789034,-0.0010899874353723059,0.5871676227100583,24.880141621063864,4.297748001576022,39.82101597656743,10.580450138716655
B0042,128,52,4.0,1038.375,0.09518470631946747,0.04759235315973374,End_of_Life,2.650103128820241,2.1889636369151995,4.174370629404978,0.3321437229595751,-3.9391677500177606,-4.03512977633892,-0.0008747962133831193,0.5903768972063547,24.484790248053308,6.1880198679126615,39.40691039052945,10.06158058791888
B0042,130,53,4.0,1030.703,0.09539129998659052,0.04769564999329526,End_of_Life,2.6386351740397065,2.1591530449897105,4.187149567075233,0.3369455247017265,-3.938160748076452,-4.03420892483412,-0.0008121114595693276,0.5932782278403341,24.324380281877854,6.267578933042184,39.34611379625948,10.275107427376282
B0042,132,54,4.0,1010.765,0.08289664565854568,0.04144832282927284,End_of_Life,2.641516205964566,2.1872998670546773,4.186990272639876,0.35606995520803103,-3.9364453051464534,-4.03394881658736,-0.001861892207628201,0.5999695835884935,24.31173812149945,5.120871196805115,37.81632351305823,9.551049095858643
B0042,134,55,4.0,1025.719,0.08343199036452603,0.041715995182263016,End_of_Life,2.6361490952131295,2.1645340110741715,4.187147788668544,0.34078395005226514,-3.9374486872527408,-4.034576773439992,-0.0010553441197214642,0.5966954914654712,24.798155128694976,4.1434430425399045,39.87139328791911,10.591395909598983
B0042,136,56,4.0,1016.859,0.09624772156495698,0.04812386078247849,End_of_Life,2.6207075351068374,2.1770285343272047,4.18639765148157,0.3406548167804928,-3.9362749816753353,-4.034351864470546,0.0003041886385817139,0.600151417270792,24.477937441374635,6.254954957414337,39.50565821587436,10.199206646717563
B0042,140,57,4.0,1021.079,0.0871279249656989,0.04356396248284945,End_of_Life,2.609437196185719,2.141111284495936,4.171541055891453,0.3636290909595908,-3.9328752001842844,-4.0360153311832665,0.004795592661441842,0.6104765826475329,24.426888204419104,5.41572408589482,38.61632478517865,9.530927076906272
B0042,142,58,4.0,1010.562,0.09681912182757578,0.04840956091378789,End_of_Life,2.6133279392952935,2.169659057289744,4.185612994515991,0.34620969757535136,-3.9348711002995205,-4.034406713148468,-9.72148222703691e-05,0.6034896323107769,24.529804368213707,6.029955350974764,39.5809379115645,9.982660937094629
B0042,144,59,4.0,1003.313,0.08440054891345107,0.042200274456725535,End_of_Life,2.6084761921076955,2.181654361966916,4.185815228961297,0.3635150684121276,-3.9340089265905283,-4.03395759066338,-0.0017411040008431158,0.60672462473335,24.521420210496924,5.424272480385026,38.80523939319278,9.624518571862023
B0042,146,60,4.0,1006.187,0.09770121716674529,0.048850608583372646,End_of_Life,2.602763654326182,2.152597184317211,4.185190800042781,0.3453732328557727,-3.9338909734981855,-4.035821871740746,0.000757118118019328,0.6068835100942758,24.626500323697712,6.171293375093454,39.65831560799121,10.213341227626938
B0042,148,61,4.0,996.765,0.08517426476572666,0.04258713238286333,End_of_Life,2.5909779927483028,2.1543073222809688,4.185054518834841,0.36777721634816407,-3.933060350490302,-4.036045295099187,-0.0029838713042761194,0.6100213980645574,24.561944088587065,5.325273797252637,38.948661840205986,9.692583123854066
B0042,152,62,4.0,999.422,0.08471993544879124,0.04235996772439562,End_of_Life,2.5818616349209504,2.177098848593695,4.168001002398225,0.3471069306608114,-3.9328133118112514,-4.034780378871755,-0.003022715826767279,0.6099313945582704,24.349376846518034,6.175186105872323,39.202440143533465,10.009146402646573
B0042,154,63,4.0,990.234,0.08548836969893649,0.04274418484946824,End_of_Life,2.5894657078700765,2.1860372690383523,4.184494029120111,0.35523028305050997,-3.931442483824809,-4.033579787707524,-0.00303181205559452,0.6134335092058075,24.83962802826491,4.661077022364263,39.957340694247904,10.370308934441708
B0042,156,64,4.0,608.953,0.08577749933433501,0.042888749667167506,End_of_Life,2.74324665969125,2.1515100073583078,4.184245249283899,0.38268366465736686,-3.8726297778107583,-4.03486917319316,-0.0002365954410871517,0.7741495234952571,18.66421642737719,5.781013489512925,27.779193601334228,7.176848642612333
B0042,158,65,4.0,586.719,0.08595553255245832,0.04297776627622916,End_of_Life,2.7253834676969557,2.186039852986656,4.188328512345139,0.3966860174871344,-3.866632309551034,-4.034128418138735,-0.0008738851024605422,0.7888983812885566,18.036688378070966,5.959666089901167,28.172175880273606,6.7570525687355225
B0042,160,66,4.0,575.922,0.08614796979658328,0.04307398489829164,End_of_Life,2.719690012340044,2.194439659521147,4.183150067115272,0.3994155327864052,-3.863052351120637,-4.035982933293039,-0.002320109755672334,0.7963109164730884,18.05907472602224,5.99603423820299,28.019806483186763,6.766210553342388
B0042,164,67,4.0,1050.406,0.08652450808993331,0.043262254044966655,End_of_Life,2.615760645023181,2.1996590897894817,4.146111713893696,0.3350785409130414,-3.9362026199966365,-4.03581430505571,0.0008740084244236819,0.6001917643034873,24.765477730551947,4.479408156056278,39.575497528042895,10.385801957455557
B0042,168,68,4.0,1040.75,0.08676036428685732,0.04338018214342866,End_of_Life,2.5894472814365503,2.1361070306368717,4.168085841455298,0.351219763960916,-3.935267346074326,-4.034670379890685,-0.0013796716649676448,0.6032443440239086,25.247650848522692,4.209594025408038,40.52562745153084,10.54535381966284
B0042,170,69,4.0,1019.125,0.08662025389371077,0.04331012694685538,End_of_Life,2.5730668910828003,2.1419779252621813,4.183024595509789,0.35977938743114907,-3.9325874401041485,-4.034567644462774,-0.0016879895212775884,0.6100872423187877,24.850317398468412,6.1114866794686815,39.732594757918605,10.114946102648771
B0042,172,70,4.0,618.844,0.0869802394927499,0.04349011974637495,End_of_Life,2.7401588017218352,2.1988863560155885,4.183194814686632,0.3860771567725615,-3.8727999832071216,-4.035671934777944,-0.002427445657589341,0.7740469861307534,18.864531156596232,5.762629273523069,28.137335489275593,7.298402898686385
B0042,174,71,4.0,1039.547,0.07387787113473963,0.03693893556736982,End_of_Life,2.5703065006615917,2.122954770697664,4.187955458211665,0.35547842529723084,-3.933637026469155,-4.0334227980197594,-0.000527700833343363,0.6068167593173303,25.750153086607327,4.11670799614815,40.647285732276394,10.717070415814334
B0042,176,72,4.0,1004.328,0.08775865702231889,0.04387932851115944,End_of_Life,2.554774172450461,2.152849839303629,4.182683957990996,0.3601279623979737,-3.9300907584627907,-4.033737999973946,0.0008490808760314476,0.6174943792806763,25.210180888220314,6.1209352703449404,40.39876505346307,10.382767346353672
B0042,180,73,4.0,1005.75,0.08790576300272998,0.04395288150136499,End_of_Life,2.569770688194377,2.196522899315092,4.162514481062673,0.3541522547337774,-3.930747740189577,-4.033875415877974,0.000294010211596314,0.617565371670076,25.400612986280134,5.500435881271609,40.90163609300309,10.806875511820504
B0042,182,74,4.0,995.797,0.08808784882200178,0.04404392441100089,End_of_Life,2.5650203867450827,2.197996842344396,4.182351033163065,0.356816058067743,-3.929501181608493,-4.035122004029501,-0.002047659702682906,0.6208764799000316,25.47246500800018,6.159046065895221,41.18900895779625,10.5996343628472
B0042,184,75,4.0,998.921,0.08834250268158712,0.04417125134079356,End_of_Life,2.5498903733729468,2.1297135396833,4.18217351248383,0.3637970208479387,-3.92912394117899,-4.034188562278321,-0.000504340603270576,0.6210260317739141,25.7066698253335,6.315637106895644,41.34432689728045,10.788896314734878
B0042,186,76,4.0,989.141,0.07463055332745072,0.03731527666372536,End_of_Life,2.541309292458781,2.167460006041706,4.182212563987984,0.3714971412433701,-3.9284467564220784,-4.035608644890248,-0.0013759515805679718,0.6246408102239561,25.73079046383608,4.142877022607462,41.46126781944402,11.052168917479733
B0042,188,77,4.0,979.203,0.07485698665122698,0.03742849332561349,End_of_Life,2.532211294556467,2.188428099048639,4.182029042319134,0.3704714392435711,-3.9267682674435918,-4.03477323779569,-0.001986074495312301,0.6283929815967662,25.610151874322735,6.306072938554303,41.26138545585116,10.727345916272718
B0042,192,78,4.0,994.031,0.07527573643141765,0.037637868215708824,End_of_Life,2.5336398931006547,2.1364927300394707,4.1594358105794,0.36433056714253875,-3.9278468443801544,-4.035478262157419,-0.002589487570254189,0.6245293944562705,25.871001272619925,6.308430698033009,41.67057172451578,10.838564170745775
B0042,194,79,4.0,971.516,0.07532351860488727,0.037661759302443636,End_of_Life,2.5300104336765603,2.191166300272401,4.181389260665308,0.37152644228900933,-3.9256584663973166,-4.0348123254431405,-0.001417317889479082,0.6322621827966969,25.600970602838455,6.08363611699178,41.186747771669836,10.497320761602404
B0042,196,80,4.0,810.563,0.07553765302367196,0.03776882651183598,End_of_Life,2.5687661609629626,2.1913163423875845,4.1811310594098385,0.3893787437076367,-3.9058724989108504,-4.036198260626553,0.000642900107638055,0.6903819496096255,22.972831047751573,6.053939877888575,36.899850438855346,9.237147538957087
B0042,198,81,4.0,599.047,0.07584285606128259,0.037921428030641295,End_of_Life,2.6667675405848916,2.1777089403180425,4.183136931480622,0.418568373507547,-3.863354268170434,-4.035140494431039,0.0004867641078371885,0.7969318227574365,19.739623944709617,5.758986455111538,29.79153666326944,7.862521900115106
B0042,200,82,4.0,109.078,0.0759921803489148,0.0379960901744574,End_of_Life,3.1051211862160657,2.1316975124246333,4.186858423852253,0.69516819573764,-3.22393930405399,-4.034942103518998,-0.0008462779898683204,1.611404924437332,6.0573358126113375,4.3832182010726894,9.15118085083689,1.57966694080384
B0042,204,83,4.0,109.17099999999999,0.07621652609591999,0.038108263047959993,End_of_Life,3.133556616526209,2.1969934922661687,4.173229464797026,0.6658805808052646,-3.224483832257962,-4.03535806126515,0.0011581209737159038,1.6119374621108205,6.452306826213871,5.410302000622145,8.639171556267463,1.0280215049402246
B0042,206,84,4.0,96.484,0.06216923141552526,0.03108461570776263,End_of_Life,3.175407439924743,2.1767041905630014,4.182309477232018,0.6774430054286956,-3.1336357808131234,-4.03389585056911,0.0017708340942048577,1.6754127410287627,5.8829411130714435,4.591253062887671,8.36040279366827,1.2666929013890578
B0042,208,85,4.0,109.094,0.0759822277461493,0.03799111387307465,End_of_Life,3.102016459243783,2.137070814591814,4.179128534299532,0.6943832289441837,-3.224095150373821,-4.034621719624155,-0.0011780329669630765,1.611382199535307,7.141415346306763,5.611697555798786,10.13355592147926,1.5033625632773269
B0042,210,86,4.0,96.906,0.06227013548943564,0.03113506774471782,End_of_Life,3.1454428736631384,2.082550981383133,4.181278186068862,0.7087088130441817,-3.134890688113641,-4.0354552764801035,-0.0029746030201113173,1.67375694495009,4.976092805264432,3.445726070155866,7.825436879589506,1.5049256623284426
B0042,212,87,4.0,97.015,0.06259446608798445,0.03129723304399223,End_of_Life,3.1652602154514007,2.144385419639702,4.180985964629633,0.6889061126674095,-3.1337747765377175,-4.033746345766042,-0.002155790769271562,1.673665959382088,6.411857494253951,5.1212840136675215,8.862063004604039,1.2539120462926185
B0042,216,88,4.0,5608.781,1.4377344766079456,0.7188672383039728,Warning,3.375833171038118,2.1679616860507585,4.091725418867881,0.30321722333515516,-0.9606132638664066,-1.0117101728405982,0.0007729257222862269,0.21051089741783532,8.336150156814936,4.866447950679472,12.075623262738652,1.6208517900415143
B0042,220,89,4.0,5703.296,1.5246019289244055,0.7623009644622027,Warning,3.4250125349211604,2.1808501795778437,4.159841572444575,0.31243582870636344,-0.9944195894158236,-1.0157168253561746,-0.00046618949845138953,0.11372875140054597,8.088311260303593,4.392392021662698,11.61044167945082,1.5010025497353996
B0042,222,90,4.0,5668.032,1.5215273965539478,0.7607636982769739,Warning,3.427812476893316,2.148712088809679,4.180350451491815,0.3201757645724719,-0.9986292541736457,-1.014585811777543,-0.0013941777112871086,0.09342723120503256,8.108636077883194,5.45862942281849,12.416393344856289,1.476928649057637
B0042,224,91,4.0,5634.047,1.5155323631175952,0.7577661815587976,Warning,3.4260236276092266,2.126630218048744,4.180484652340476,0.3212152097392792,-1.0007710730973127,-1.0152252739169738,0.0004917354460156597,0.08150988492319063,8.179473273978417,5.378401802765508,12.741907914911504,1.5533659553463819
B0042,226,92,4.0,5582.375,1.5044249661534554,0.7522124830767277,Warning,3.427137964017458,2.177720591678305,4.179828984428225,0.3159529486985367,-1.0029400958959638,-1.015528714589196,-0.000375861507562752,0.06701470735759571,8.133323147997125,3.9425222197783962,11.812176644627149,1.5325654276385317
B0042,228,93,4.0,5567.329,1.5001507149498807,0.7500753574749404,Warning,3.4224753028837007,2.1738551413791023,4.179688473119865,0.3194337441339185,-1.002976218809888,-1.0152994782253595,-0.0017314201089289405,0.06713857461337767,8.221548017024785,5.433875343316513,12.77319183354637,1.5715268169605274
B0042,232,94,4.0,5528.453,1.489011227320312,0.744505613660156,Warning,3.4137666152192327,2.1739453453589515,4.156718320546126,0.31603441613312266,-1.0029036577307848,-1.0156907563945252,-0.0025000475145131695,0.06745003750888409,8.196033184015114,3.948091350954695,11.714847602816855,1.5642764381355698
B0042,234,95,4.0,5513.39,1.4810149357562845,0.7405074678781423,Warning,3.415284661394718,2.1496986936751377,4.179126280631904,0.32225438151007374,-1.0028526103336208,-1.0141702039281322,-0.0012569793191836165,0.06770363551466191,8.16363192494008,4.856942399753029,11.58953853216132,1.5055301552892486
B0042,236,96,4.0,5486.187,1.476262027748574,0.738131013874287,Warning,3.411339830211172,2.1308714510516316,4.178321190076967,0.3229272523305341,-1.002761137143926,-1.015116075388854,-0.0019003583424086314,0.06827772875833123,8.182297960881899,3.7743106596445495,12.228023164640563,1.6446697473265521
B0042,238,97,4.0,5461.922,1.4662551025438961,0.7331275512719481,Warning,3.406171736681637,2.1249846428522594,4.177914160605347,0.32799959431152426,-1.0028500275234071,-1.0161898571210812,-0.001235670588422102,0.0681678115395448,8.239851195999249,4.866093726205865,12.995413081963957,1.6658962163227755
B0042,240,98,4.0,5438.157,1.4593282593817019,0.7296641296908509,Warning,3.404061107280645,2.124079082604729,4.177668141485771,0.3286401777277191,-1.0027529355519171,-1.0156335856045817,0.0005687903234577565,0.06851611139092005,8.314381068196377,5.064328187477132,13.00690019959285,1.6851876918374316
B0042,244,99,4.0,5402.875,1.445704157754381,0.7228520788771905,Warning,3.3920891926927386,2.157698091133544,4.153042890139087,0.32582611848484944,-1.0027471224260915,-1.0151373782288406,-0.002021243389795451,0.06875838454086707,8.203300249486228,3.7607493206822635,13.003396618491456,1.7611598302120675
B0042,246,100,4.0,5384.438,1.4400686089389023,0.7200343044694512,Warning,3.3962072676781316,2.128860427750212,4.176783274878805,0.3320829574126435,-1.0026619793717584,-1.0156661309978001,-0.0017615914551981737,0.0688892372570496,8.252382764570392,5.127499040352615,12.802739574235913,1.626040340206212
B0042,248,101,4.0,5344.859,1.4290313659547842,0.7145156829773921,Warning,3.395827065629725,2.162828573021361,4.176835821672092,0.33089170733331336,-1.002740647957347,-1.015570651710456,-0.001295845381980595,0.06933297218662363,8.247452041994245,5.268947360045857,12.748426837127603,1.5927604175217611
B0042,250,102,4.0,5305.156,1.414172188151386,0.707086094075693,Warning,3.3924931276502397,2.1882897882574714,4.1765571620332524,0.33040003158639575,-1.0027179745166037,-1.0147574189655577,-0.0024425355844481696,0.0696247757318798,8.179356055314594,5.033635313790021,12.453422458173545,1.6123779650765908
B0042,252,103,4.0,5284.547,1.415603079129078,0.707801539564539,Warning,3.389283502389414,2.1285029465259013,4.1766999837334025,0.331079649342986,-1.0026894950538923,-1.015910590106893,-0.0013228207107746923,0.06994391723668263,8.33800631225338,4.9905387057055535,12.169150023943399,1.6425253149994201
B0042,256,104,4.0,5267.843,1.3994410223300702,0.6997205111650351,End_of_Life,3.377876069069322,2.158726692822152,4.150196439454072,0.3318288128893133,-1.0025103497063337,-1.0159094949842238,-0.001649295270730888,0.07011502367051788,8.293330795902381,4.9273863857427855,12.726444405331803,1.6432539808720534
B0042,258,105,4.0,5229.688,1.3959635285794907,0.6979817642897453,End_of_Life,3.386987302997725,2.1998128745691083,4.175707583064406,0.32889676938914897,-1.0024134076376698,-1.015635228418542,-0.000597670991539855,0.07050211575404294,8.373136255476883,5.217565120870593,12.125723483812017,1.5996800459559077
B0042,260,106,4.0,5206.954,1.3929784652630588,0.6964892326315294,End_of_Life,3.3829130588839496,2.1540885607694915,4.176508363415245,0.3319251081157238,-1.0024655689800792,-1.016152801679653,-0.0028143667405868696,0.07054877718588566,8.329037453715973,4.923982446005675,12.113502869241639,1.6234766394937268
B0042,262,107,4.0,5179.062,1.3740772023800918,0.6870386011900459,End_of_Life,3.3774651407729346,2.159795216779738,4.175329405348679,0.3372938802743163,-1.0024461693775721,-1.0151802085458579,-0.0010365158630051465,0.07097756466806417,8.396128944133206,5.5619286658367235,12.960410174687055,1.6090894919913932
B0042,264,108,4.0,5144.109,1.3752493030002435,0.6876246515001218,End_of_Life,3.3780934843236405,2.185043715780537,4.1751813693585715,0.3308806968373481,-1.002355515867145,-1.0146961801450893,-0.0007376994377314608,0.07135050081934848,8.43692173445999,4.134321617243554,12.426232816501301,1.6965000539838977
B0042,268,109,4.0,5142.891,1.3671966130854505,0.6835983065427252,End_of_Life,3.364163079749717,2.1784898920030544,4.147372136171002,0.333483873759522,-1.0023378437056385,-1.0153472628222506,-0.0015101895474657527,0.07139751871057938,8.419794670115083,4.481717410647008,13.217541890864759,1.7918700289434677
B0042,270,110,4.0,5109.734,1.356887600783644,0.678443800391822,End_of_Life,3.3705853863809336,2.189853076065801,4.174822480867543,0.3362842275092149,-1.0021679698004895,-1.015989585590983,-0.0011949572748057567,0.07178875697450995,8.409805733876953,4.950165168661344,13.047668558877342,1.7019687670033214
B0042,272,111,4.0,5078.937,1.3449320225969348,0.6724660112984674,End_of_Life,3.366371835007897,2.169597235193881,4.174669508085626,0.33994075238792215,-1.0021759719497005,-1.0147917391902936,-0.0003718638051042368,0.07210765738572221,8.370055044633526,4.931862010617464,13.073094195785368,1.6840004796987784
B0042,274,112,4.0,5051.672,1.3374691704584258,0.6687345852292129,End_of_Life,3.3609438971566736,2.153907127504055,4.174072805021775,0.34160369557612363,-1.0021900129076768,-1.0152446711938672,2.465679595063534e-05,0.07238628642729082,8.33428157906845,4.286490828675208,13.279102890770861,1.801169130118897
B0043,3,1,22.0,3360.922,1.713782642126885,0.8568913210634425,Healthy,3.475911687674208,2.421307986424623,4.204104775621549,0.23405170104001294,-1.8551004388985552,-1.990987822798042,0.002759030854540164,0.4970392861819861,30.907894474048284,22.74851289531124,36.84241052511593,3.3124391109362725
B0043,5,2,22.0,3289.406,1.6955681658647108,0.8477840829323554,Healthy,3.4897388185035,2.4612810169393184,4.2050537738824865,0.22844734678138812,-1.8688899233782812,-1.9917802328214218,0.001860661440889201,0.4733197874382051,30.363796429604484,22.372949334869002,36.2511342416132,3.3015496921289875
B0043,7,3,22.0,3244.797,1.6814906372051954,0.8407453186025977,Healthy,3.4901234321768033,2.3997609695216755,4.204546702288046,0.2324594776280843,-1.8840563804062687,-1.9921619298055877,0.0006171347576784951,0.4443531288719527,30.07611798184701,22.121030952775914,36.12855723169499,3.335550550442815
B0043,9,4,22.0,3211.438,1.6786372409532953,0.8393186204766476,Healthy,3.4940185374934947,2.399740066713552,4.204756646870948,0.23139631236268476,-1.89408796703159,-1.9914034366675073,0.0013219649313469717,0.4231363799359833,30.05896964075817,22.079578018864606,36.352517880569266,3.3966276275278733
B0043,11,5,22.0,3175.594,1.6694168550864992,0.8347084275432496,Healthy,3.5005489873453817,2.3786378834863195,4.204750835132976,0.2337418828872342,-1.9103670337506284,-1.9917916805558111,0.0003667088363332359,0.38654291540864727,30.417149405736243,22.548068572848898,36.75256708066779,3.3994915492727302
B0043,15,6,22.0,2646.625,0.0,0.0,End_of_Life,3.579339612317741,3.3579241790202077,4.2033864964434615,0.1501251865582598,-1.9739982626160064,-1.9916737594555385,-0.0024452219143259197,0.16901149494959114,29.92385834200675,23.111690837240317,34.26334191029433,2.8153999645755037
B0043,17,7,22.0,3121.672,1.6611938521224778,0.8305969260612389,Healthy,3.507465391169604,2.416288536712014,4.204901465726193,0.23283496397733994,-1.9268034708959647,-1.992343743472965,0.0008785937306626388,0.34522829381626907,30.617574721987218,23.28940869791394,36.83142721849718,3.20003594534408
B0043,19,8,22.0,3102.937,1.6506423382064332,0.8253211691032166,Healthy,3.5054667200956016,2.3791815969853816,4.205123789023272,0.23548079279340237,-1.9324769674832156,-1.9917617417601157,0.0006505199361241833,0.3299928957865112,30.258236869364143,22.825651927649513,36.54735803665934,3.2345977664446655
B0043,21,9,22.0,3089.437,1.6424273190907783,0.8212136595453892,Healthy,3.505146635224542,2.4666546752460183,4.204720843069481,0.22772812091418426,-1.9255143226505498,-1.9926632981632448,-4.053565775769004e-05,0.3489409545025576,29.936684037867014,22.28596476376554,36.223678523702304,3.324946600499912
B0043,23,10,22.0,3077.75,1.6353664801041328,0.8176832400520664,Healthy,3.5024428414174498,2.429311406516166,4.204351643955918,0.2306794891478708,-1.924996304077744,-1.9910210969809978,-0.00030013254677948605,0.3503945645721002,29.74762436888935,22.04776019407551,36.16960256825446,3.363592158729807
B0043,27,11,22.0,3074.875,1.633232875930849,0.8166164379654245,Healthy,3.5007336141613488,2.4024069940444392,4.203254409200642,0.23272943104400046,-1.9244448695912972,-1.9917602339187832,8.03685131861218e-05,0.35152208302050614,29.699035458962353,22.03233666280654,36.19613432531801,3.370364280027049
B0043,29,12,22.0,3061.891,1.6258840554387932,0.8129420277193966,Healthy,3.501947249481621,2.406157541131262,4.204230992986033,0.23326228168481652,-1.9239340941617735,-1.9925408228773611,0.0007316620638213458,0.3531539182903401,29.746622188626663,22.137944786719313,36.217566438813456,3.3555361808646267
B0043,31,13,22.0,3058.469,1.617976174654771,0.8089880873273855,Healthy,3.5002499918856302,2.415785415380386,4.204061240829561,0.23199721316205402,-1.916896100852633,-1.9923230772192122,6.37208826967672e-05,0.37091856052240063,29.642987306218718,21.93064744860828,36.09047688646367,3.408360876942094
B0043,33,14,22.0,3040.75,1.6136652707273988,0.8068326353636994,Healthy,3.5007698538114447,2.400209592232293,4.204423283955662,0.2340890222441882,-1.9227329924422065,-1.992372409835,0.00136296002377789,0.3561620229365714,29.6639395578783,22.073666648142986,36.148984496134304,3.36405383278649
B0043,35,15,22.0,3037.641,1.605821026619692,0.802910513309846,Healthy,3.5004947608560313,2.4374747406672226,4.204490583977483,0.23129905890296784,-1.9157256805286993,-1.9935372199400445,-0.000496059063857326,0.3739538132072339,29.637650852441404,22.049002397470606,36.15795969792578,3.3823215799886857
B0043,39,16,22.0,3044.828,1.6033527961961531,0.8016763980980766,Healthy,3.4961700451758575,2.3865949081957893,4.202477824031488,0.23486243175297494,-1.9087255587088567,-1.9925774400879446,-9.649659603026656e-05,0.39051477693504505,29.593597067401642,21.794239658347614,36.16956081888435,3.459443919184643
B0043,41,17,22.0,3030.25,1.5951342406182645,0.7975671203091322,Warning,3.4993157107183803,2.4489169685849195,4.204489330076927,0.23114326204801725,-1.9078668399519791,-1.991618906287858,0.00044862616801423353,0.3924045873333759,29.63922727943673,22.03954138522161,36.13182777424954,3.4058558754226538
B0043,43,18,22.0,3017.578,1.5878135544728507,0.7939067772364253,Warning,3.50080829213355,2.4933649317176108,4.2049536620331756,0.22834207413058089,-1.907455457642798,-1.991997740216363,0.0006829786283691177,0.3935734148856231,29.666195384468185,22.218607583795134,36.12995412374782,3.367547687239008
B0043,45,19,22.0,3015.0,1.5800601969084245,0.7900300984542122,Warning,3.497552326899387,2.473993010608268,4.204018303566451,0.22925921252842438,-1.9000139238260703,-1.9916623493440428,0.0008361130921469012,0.4103871685818873,29.635949832755518,21.880054590809358,36.115379230424814,3.469037896877369
B0043,47,20,22.0,2999.454,1.575565087879128,0.787782543939564,Warning,3.4969748978677377,2.4568566798816054,4.20390099564762,0.2320038174172981,-1.904134059211754,-1.9915432702858618,0.0015714835841860021,0.40109097124515525,29.671876354508125,22.09491692470087,36.260266208231016,3.4323674582393107
B0043,51,21,22.0,3054.859,1.5950169012164208,0.7975084506082104,Warning,3.4931433851686124,2.389783772934692,4.19682124697899,0.23496874847697855,-1.8929472665362916,-1.9935482540074148,-0.00017630845209682796,0.42443222997343577,29.993152820136338,21.939777569258517,36.73407518988127,3.648678629250213
B0043,55,22,22.0,3034.875,1.5898075522577595,0.7949037761288797,Warning,3.500270597096414,2.3834815017568327,4.202479371762253,0.2374250740910401,-1.8991542942688262,-1.9935266008477734,-0.0008798809511987908,0.41164446956810685,30.681276254794994,22.790100143073218,37.354359945059734,3.568020189051289
B0043,57,23,22.0,3030.0,1.5807953202097411,0.7903976601048706,Warning,3.5026578112869,2.427559147580718,4.204284851556785,0.23473518692048148,-1.8917722041126424,-1.9920971011220756,-0.0010677904511500582,0.42780235615642964,30.871236598447616,23.147488082629188,37.40944456827136,3.493615297296021
B0043,59,24,22.0,3011.781,1.5704333289187615,0.7852166644593808,Warning,3.5018704137639554,2.458384607788224,4.20378732342866,0.23300629303456202,-1.8907827482284796,-1.9921457624515235,0.0008091845029971647,0.430118713916275,30.779999574712413,23.181964893680906,37.26366414928814,3.4695685574099606
B0043,61,25,22.0,2990.25,1.5643368431897877,0.7821684215948939,Warning,3.4967579517606566,2.394787213470724,4.204330620589128,0.23848166707343513,-1.8968520026147064,-1.9912425550809054,-0.0009103473917132046,0.4172376825553393,30.581480715523952,22.828460913409543,37.270027909781355,3.536954199249301
B0043,63,26,22.0,2980.234,1.558307017802491,0.7791535089012455,Warning,3.4938467732797593,2.365525236922006,4.2038717516378,0.24060831406110486,-1.8960710046785778,-1.991041676372342,0.00198953894941226,0.4186886239579139,30.546605962885614,22.613478996348647,37.37612563137064,3.6457327600679728
B0043,67,27,22.0,2994.844,1.5537149289772467,0.7768574644886234,Warning,3.498085824975237,2.4742728824322295,4.202475048160179,0.23194417698912587,-1.8818174142025106,-1.9909446444723564,0.0006647374957945685,0.4479884026726024,30.92329503843904,22.97635708986064,37.57568180724724,3.6360224338007696
B0043,69,28,22.0,2987.672,1.549528250585513,0.7747641252927565,Warning,3.499824440494276,2.4720598546819113,4.203857283529741,0.2336259841263337,-1.8812480163452203,-1.991996113254465,-0.00040864320078743793,0.4495348219625684,31.225884514077716,23.466158715991067,37.80943515485114,3.5649449678595224
B0043,71,29,22.0,2975.1100000000006,1.5424430535161062,0.7712215267580531,Warning,3.4987433448544607,2.4838780206846622,4.203991230539982,0.23366846744011874,-1.8805764098134792,-1.9914446702730202,0.0007408592528157625,0.4510842044316297,31.163201064541546,23.535242082118458,37.698369730936356,3.519553446936651
B0043,73,30,22.0,2953.219,1.54256227031715,0.771281135158575,Warning,3.496873891743175,2.4291754256355516,4.205957997721127,0.2414383576322833,-1.8940750825904094,-1.9937155470584818,-0.001334783122954133,0.4236539279180735,31.130645067035932,24.066452352307945,37.67202323454292,3.3556387585696794
B0043,75,31,22.0,2955.484,1.5309356452520158,0.7654678226260079,Warning,3.4895372240361704,2.397532773087188,4.2037856859347436,0.2420401706973753,-1.8790362639465747,-1.9926097349240806,-0.001418515211249006,0.4541617751684658,30.837232735283838,23.210579274230103,37.5846177818102,3.5736769820314174
B0043,79,32,22.0,2957.016,1.5247733176952427,0.7623866588476214,Warning,3.4871652344467075,2.435189655089205,4.202128090345783,0.2380065063185545,-1.8710836448265253,-1.9922654806203883,0.00013009460923417472,0.4688404738041948,30.641318807832377,22.6005385062199,37.57163850758581,3.737430086982314
B0043,81,33,22.0,2948.219,1.5196742408779502,0.7598371204389751,Warning,3.4906015804101496,2.4649257198080514,4.203512527913386,0.2363448359565442,-1.8702004234947458,-1.9909690488532357,0.000756935917929289,0.4705130892131002,31.01732542847249,23.044631321913247,37.83811660125229,3.700240952766302
B0043,83,34,22.0,2935.5,1.5123696925788683,0.7561848462894342,Warning,3.4876146185117345,2.4457109146915506,4.203182025095136,0.23937709771206214,-1.8695581981674536,-1.991978047763166,0.0010801247264375174,0.47220691256744346,30.93897323974993,23.15753369175818,37.76120652410461,3.635061808076933
B0043,85,35,22.0,2913.797000000006,1.499914486202397,0.7499572431011985,Warning,3.4842857075179094,2.4807762094187127,4.202993560256935,0.2375617919422066,-1.8681373339121092,-1.9913479340556113,-6.834459439358272e-05,0.47491658598170927,30.585360437692227,22.75595694417365,37.43416840833683,3.6637261256632048
B0043,87,36,22.0,2900.703,1.4924106271188253,0.7462053135594127,Warning,3.4811070895804797,2.482626305221594,4.203399051569862,0.23825516838023478,-1.8672666650634016,-1.991255410410246,0.0015269350505374489,0.47638884845406954,30.3648233882985,22.49213732688199,37.31899313705125,3.6959677972095
B0043,91,37,22.0,2914.031,1.492624987952706,0.746312493976353,Warning,3.475104459646633,2.397470273055264,4.2008898664224255,0.2434048324362882,-1.8594886102216435,-1.991416403593573,0.0014447698059237995,0.4902236733055223,30.432401864910737,22.19536882270379,37.586047363350716,3.88643216431175
B0043,93,38,22.0,2901.968,1.4924024018806028,0.7462012009403014,Warning,3.4772044059441005,2.370171214445116,4.2034382985534515,0.2468245566683949,-1.8662699457286134,-1.9932848499087765,-0.00028403975197592167,0.4782457350775252,30.831835959630617,22.683699351856536,38.06717620893625,3.8500926752769935
B0043,95,39,22.0,2901.734,1.4853020201751674,0.7426510100875837,Warning,3.4821729368749876,2.4670029904490636,4.203125269256038,0.23962531763699912,-1.8580509519301622,-1.9915678335386535,0.00011778646513073094,0.49291199637304683,31.094991080529404,23.072158171530635,38.034298138732915,3.7977945926623846
B0043,97,40,22.0,2887.407,1.477208127101587,0.7386040635507936,Warning,3.4803385610467843,2.476788514821077,4.203051054659131,0.24014628253381676,-1.8570868946683126,-1.9914103858193752,-0.0001800246189846829,0.4946004405701745,31.038470618761803,23.07534146448387,37.8850432804777,3.7528807483299493
B0043,99,41,22.0,2861.937,1.4694738525181406,0.7347369262590703,Warning,3.4714831954460226,2.4014857684023228,4.203121514305449,0.24752604764800457,-1.8634355664455715,-1.9914698934009563,0.0004906338413997106,0.48349327753073207,30.652253424171764,22.67357072841237,37.72173567628911,3.776287752760998
B0043,103,42,4.0,1055.25,0.057034391042653794,0.028517195521326897,End_of_Life,4.05715902963358,2.4576176811598773,4.199278377795993,0.3085820136419698,-0.26538241903639787,-3.9790202106481383,0.00012271762362573506,0.9858603148601014,7.628394260109583,5.6941618212199705,10.169699784021773,1.2207153922429352
B0043,107,43,4.0,1012.187,0.0571536334895882,0.0285768167447941,End_of_Life,4.049827246639277,2.427637650375664,4.197486385695169,0.3152884805141953,-0.27790699151072984,-3.976994268390442,0.0005520917621009688,1.0064516888742419,7.4649167649876285,5.765062136960731,10.073103559906277,1.1335072871000338
B0043,109,44,4.0,991.172,0.05729366005937665,0.028646830029688326,End_of_Life,4.049066061935538,2.4427831763874552,4.198105245504659,0.3140648911416546,-0.2845068500189359,-3.978414173747544,0.0014480996432118885,1.0171753443716436,7.503302872635532,6.072122727432658,9.363713069880482,0.7200171518597653
B0043,111,45,4.0,982.094,0.05744203185278054,0.02872101592639027,End_of_Life,4.044551430084685,2.3604432554634345,4.197970873673746,0.3274359155271492,-0.28818241995759014,-3.978020094727615,-0.0004245114604187849,1.0228101866699133,7.637968852421283,4.827395779527931,9.49837575629517,1.210697335848414
B0043,113,46,4.0,1063.609,0.06713062107721124,0.03356531053860562,End_of_Life,4.035830307373486,2.381932819122213,4.1944764420212435,0.3284254658690855,-0.29738235564582266,-3.9772827671809017,-0.0014801606712992075,1.0375176426013826,7.608951449591351,4.647097871495842,9.502985965829737,1.1424884605499912
B0043,116,47,4.0,1067.641,0.06714781920234739,0.03357390960117369,End_of_Life,4.044589005651629,2.484673285435373,4.197752247409493,0.30753553478744206,-0.29734862514364657,-3.9769644736289558,-0.0015909297354780695,1.0373288390232156,7.076698354969239,6.121120472903962,8.979535773958249,0.6654810492000156
B0043,118,48,4.0,1048.687,0.06732001211690299,0.03366000605845149,End_of_Life,4.04142282173358,2.4449132183808002,4.198570311408386,0.3173873023732311,-0.3034723285432028,-3.9766535760963024,-0.0015168801551566273,1.047642704919418,7.203287534892745,5.463217277420028,10.239009824535195,1.6676174160733728
B0043,120,49,4.0,1039.984,0.06784038051613318,0.03392019025806659,End_of_Life,4.038238044394062,2.3975988971956834,4.1988415529393635,0.3262005747230805,-0.3066704492321664,-3.976962731071752,-0.001906841759292056,1.052815412135484,7.515405447362731,5.309197793992613,10.120757638084276,1.6471521950426378
B0043,122,50,4.0,687.328,0.06799604927210635,0.03399802463605318,End_of_Life,3.9848046527051646,2.3944641668469124,4.199385029561721,0.3900042944948725,-0.4602932757726641,-3.9770413411476904,-0.0003255228386646401,1.2658352830901383,8.284967270173246,5.448346729575731,10.16908687877008,1.45643249774733
B0043,124,51,4.0,1047.531,0.06828011147886554,0.03414005573943277,End_of_Life,4.061944839809303,2.484746371426068,4.198510355333928,0.28633411380048857,-0.26354071255954326,-3.9768840982044757,7.43883165125051e-05,0.9803764902368027,6.857064194557378,4.236925977594628,7.981964148617724,0.7671297180946813
B0043,128,52,4.0,1038.375,0.06844632943125976,0.03422316471562988,End_of_Life,4.0390164727182745,2.439654912409003,4.198662948375451,0.31930649901139196,-0.3098209489247125,-3.9773559134401215,0.0006754476534428327,1.0582523355820814,7.332807580550581,6.0787828590077835,9.506796063481339,0.7917466955080265
B0043,130,53,4.0,1030.703,0.06851361914788083,0.034256809573940415,End_of_Life,4.0361346398417846,2.4090725568197633,4.197798424948824,0.32370441167608077,-0.31356071971779875,-3.9777598539045798,0.0011478493232138925,1.063689694447459,7.093409222592422,6.154364735395251,8.947219582076908,0.6344909917309879
B0043,132,54,4.0,1010.765,0.06887402435616684,0.03443701217808342,End_of_Life,4.057393658498293,2.4859989490669228,4.197881021158161,0.2930179859898749,-0.27513448834106563,-3.977445240880274,0.0004278373832344988,1.0009004247312658,7.192057776504479,4.3882703022466245,9.048570192927317,1.3810806375801123
B0043,134,55,4.0,1025.719,0.056544389321695726,0.028272194660847863,End_of_Life,4.057321348653442,2.4347562857307143,4.198733839270603,0.2969259194640953,-0.2716683318033776,-3.978076611417741,-0.00022550053567087114,0.9957876854659502,7.020826540727179,4.0727536142424885,8.214832927581378,0.8669284256261436
B0043,136,56,4.0,1016.859,0.06918353164189846,0.03459176582094923,End_of_Life,4.033634353087378,2.406517387646374,4.198110326587282,0.3282997329123506,-0.32019609515703706,-3.977528651299922,-0.0008470022568792757,1.0748336104442195,7.160800567147388,6.130931936896288,9.472969870923514,0.8082749632183913
B0043,140,57,4.0,1021.079,0.059122086455436665,0.029561043227718332,End_of_Life,4.051793890502685,2.451707097247213,4.197869647773584,0.30249558269052274,-0.2847656836072143,-3.9778198232377036,-0.00037527756837162004,1.0173005430198523,7.125807255445202,4.3296755936289975,9.447247671252791,1.634863975762454
B0043,142,58,4.0,1010.562,0.06956120084140223,0.034780600420701115,End_of_Life,4.030996821807475,2.381706206862016,4.197430661878491,0.33422310729666127,-0.3238806690763745,-3.9765929339855948,-0.000748195669588448,1.080324874489486,7.276161437071745,5.931364219681455,10.624675414528705,1.368750394119761
B0043,144,59,4.0,1003.313,0.07017897804376615,0.03508948902188307,End_of_Life,4.055018337093391,2.474242037374171,4.197964103178539,0.29626915858148445,-0.28177752116071475,-3.977735314263721,-0.00016108190289182157,1.0115947577990565,7.0723476874628055,4.553904275309285,9.289965371994613,1.5489171320708175
B0043,146,60,4.0,1006.187,0.07028148183862523,0.035140740919312616,End_of_Life,4.030113750605147,2.3764067993680786,4.1984290827154815,0.3368959990905347,-0.32764641388558274,-3.976763233599402,-0.001510018083077162,1.085804600253334,7.211729709283271,6.044513643187531,10.405043941704964,1.0643366636194789
B0043,148,61,4.0,996.765,0.05787364202878375,0.028936821014391875,End_of_Life,4.052423434416539,2.444206792905019,4.197776325811346,0.30211508621084443,-0.28464369596708927,-3.9775998337681004,-0.0008120789444715858,1.017435445512064,7.126821145688813,4.364509412911411,9.269985860917538,1.5586620388024537
B0043,152,62,4.0,999.422,0.07056618554293374,0.03528309277146687,End_of_Life,4.027129856353761,2.3625240054533236,4.196951926227284,0.3405061285526865,-0.3313651943047909,-3.976739739726006,0.000640497809531067,1.09161830658588,7.168249960966138,6.077075790728183,10.696409617431332,1.1805874070365152
B0043,154,63,4.0,990.234,0.057989410208958,0.028994705104479,End_of_Life,4.048117106628375,2.3656545996286327,4.19797990922366,0.3150926471799427,-0.28836663731547013,-3.9778656380270108,0.00039071341532208976,1.0230529175542797,7.434058256465138,4.55380785051336,8.841145903774922,0.8877981412342705
B0043,156,64,4.0,608.953,0.07129266446800787,0.03564633223400394,End_of_Life,3.9942812603304247,2.4649338982361098,4.198154349205609,0.368701246398689,-0.4625693034020786,-3.9773621490207614,-0.0010638110949864612,1.268835724426321,7.930969485581617,5.41531757857979,9.601778804173833,1.3817970770589698
B0043,158,65,4.0,586.719,0.07146546557664281,0.035732732788321404,End_of_Life,3.989213116660272,2.4780138487049133,4.197870451831717,0.37200197550765807,-0.4810643118406535,-3.9771300354377037,-0.001376465906585161,1.290590977102548,7.59327498772461,5.424102617329487,9.775871193110238,1.5863581301705445
B0043,160,66,4.0,575.922,0.0716254973792324,0.0358127486896162,End_of_Life,3.985650654864829,2.467345657591589,4.198411457661763,0.377400396820452,-0.4905753520009799,-3.9779080167511784,-0.0007371586631494323,1.302059983804969,7.6206831277866485,5.349078288975341,9.77507439966935,1.5930411659458121
B0043,164,67,4.0,1050.406,0.07192596356272017,0.035962981781360086,End_of_Life,4.052984666529467,2.453991394977099,4.194430059860958,0.2939182175777533,-0.2752743573987098,-3.976499927125273,-0.0008066057021680428,1.0008694619002159,6.882286937183749,4.474576539395464,7.9530776238610095,0.7261996155509175
B0043,168,68,4.0,1040.75,0.058840095111364746,0.029420047555682373,End_of_Life,4.051719519499582,2.3794329527267557,4.197497159574681,0.3078934788082187,-0.27838097907948867,-3.97769541756124,-0.0008539388694312755,1.006179290192116,7.3351511578492685,4.153878698717327,8.70377999346024,0.8964206628110236
B0043,170,69,4.0,1019.125,0.07213853480103966,0.03606926740051983,End_of_Life,4.026760095683099,2.3452670801496267,4.1973835054560045,0.34170369253802546,-0.3315356390651545,-3.97788488306095,-0.000599176020015696,1.0916478921889237,7.3668189489801215,6.015547943973044,10.861930060972163,1.3522064964828864
B0043,172,70,4.0,618.844,0.07231835711877917,0.03615917855938958,End_of_Life,3.9942222633789237,2.474574662858291,4.196870024472014,0.36544776316669747,-0.4626293854853942,-3.9787860145489566,-0.0013997887913588937,1.2690292561781935,7.9936664890195335,5.519490782480637,9.628805360691263,1.324307519171965
B0043,174,71,4.0,1039.547,0.05938170626668099,0.029690853133340495,End_of_Life,4.049966366718909,2.3452420900020043,4.198079959089733,0.31286758215884475,-0.28159998506577105,-3.976902186853475,0.0007575854373163767,1.0117868218620167,7.296477939821086,4.052220534177486,8.740129795491647,0.9340023292055502
B0043,176,72,4.0,1004.328,0.07294488485625279,0.036472442428126396,End_of_Life,4.051191449078818,2.4837961610187183,4.196857869022103,0.29653492610590215,-0.2915968889897802,-3.9770017267086653,-0.0005707548659945959,1.0282438153501205,6.946289418376631,6.005361361292126,9.890833414808087,0.9806920188826121
B0043,180,73,4.0,1005.75,0.07306917734079586,0.03653458867039793,End_of_Life,4.0502554179984545,2.45187326606884,4.197040748347509,0.29974330048779646,-0.2912181433078148,-3.9765911746920217,-0.00028751755211658785,1.0282676883510924,6.902633045655659,5.433024970832323,8.123599018265942,0.5392956178247508
B0043,182,74,4.0,995.797,0.07317054128128272,0.03658527064064136,End_of_Life,4.049866693334642,2.481690176251403,4.196682246183551,0.2981973650500485,-0.2948913004839587,-3.977587594021444,-0.00043086543776372854,1.0343195756063461,6.896174405116905,6.034976417915098,9.54039758015595,0.8654810208079884
B0043,184,75,4.0,998.921,0.07347430293304898,0.03673715146652449,End_of_Life,4.04947173354325,2.469341225978269,4.19696998692681,0.29935838703947315,-0.2952176989493163,-3.976125848069426,0.000566170127430035,1.0340700304900194,7.035611200131563,6.174377163607433,8.68981677408595,0.559172798640372
B0043,186,76,4.0,989.141,0.06010697591831878,0.03005348795915939,End_of_Life,4.043702193909917,2.3359478200885606,4.197583527373011,0.3212633676946966,-0.29899741830480414,-3.9770473107829605,0.002092932679302835,1.0400093048685455,7.22435677434366,4.10069315022509,8.648121468375715,0.9901603293412499
B0043,188,77,4.0,979.203,0.07383162509955737,0.03691581254977869,End_of_Life,4.04662199809222,2.455991331590063,4.1970633301567934,0.30459417441398146,-0.3025440962097056,-3.978121135361649,0.000527592679423842,1.0459565605955505,6.990028087646541,6.147828164497968,8.766749021949757,0.6104970063263918
B0043,192,78,4.0,994.031,0.060495215307428206,0.030247607653714103,End_of_Life,4.0478344519741825,2.446533765156367,4.197323566834658,0.30389006539956076,-0.2990404522680275,-3.977738911880702,9.953877011578583e-05,1.0399561282767464,7.072814815985095,6.172157666098706,8.697295284987012,0.5692045412709935
B0043,194,79,4.0,971.516,0.060604010237618126,0.030302005118809063,End_of_Life,4.045020633492667,2.4401050698854356,4.197136062671134,0.30916614681086396,-0.3062477823294265,-3.976381485366203,0.0009262238803689249,1.0518568632209377,7.152123066131912,5.955478541850807,10.097658187656732,1.1363200820288115
B0043,196,80,4.0,810.563,0.06073438432235217,0.030367192161176084,End_of_Life,4.0242391243497195,2.426379928299938,4.196810616000894,0.3367955604110248,-0.36568183307963065,-3.9788388766990823,-0.0006326592603038144,1.1417865202042639,7.40243656537614,5.93392326449305,10.08193635042433,1.2724644750362963
B0043,198,81,4.0,599.047,0.06099653048237791,0.030498265241188954,End_of_Life,3.980071334963229,2.3818713355998336,4.19749831364625,0.39126746369768217,-0.49053400510100387,-3.9767622508780898,-0.000539587012327033,1.3014718316046279,8.281671008133785,5.662764662746331,9.867385484495305,1.3079367762814715
B0043,200,82,4.0,109.078,0.061130459259873135,0.030565229629936568,End_of_Life,3.3967939181762525,2.259462555169981,4.197443547761606,0.652566690970684,-2.3863012371136616,-3.9769579428175974,0.001861794000618719,1.9465743846353625,5.990209166830171,4.29842713475425,8.668191215610703,1.5513714012614028
B0043,204,83,4.0,109.17099999999999,0.06129124410987595,0.030645622054937975,End_of_Life,3.4366476653788816,2.3642680452849265,4.197249677217233,0.6139024411904244,-2.386978959718076,-3.9767291231283286,-0.0026713391993762005,1.9451575564567867,6.4435194897145704,5.435730330132727,8.230234796537065,0.9822009820838018
B0043,206,84,4.0,96.484,0.06130329065804092,0.03065164532902046,End_of_Life,3.3244665701392724,2.2200788093903734,4.199324238157774,0.6683464116780267,-2.6498487159567716,-3.976784600681961,0.0013875928608605053,1.8737899094893686,5.804997367748431,4.4438076049213855,8.3473989032227,1.3331499726744827
B0043,208,85,4.0,109.094,0.061151661574090986,0.030575830787045493,End_of_Life,3.4223166127184776,2.3089650825269894,4.20125127915007,0.633131639314113,-2.387047276888483,-3.9777976422643935,-0.0003253066180622895,1.9470480067962925,7.064649745993309,5.558814897540426,9.566970302021362,1.427013729039223
B0043,210,86,4.0,96.906,0.061405387192057306,0.030702693596028653,End_of_Life,3.517134909435146,2.4643253089090313,4.201927103230439,0.5832137365953025,-2.209874839881083,-3.976527780195651,0.00015926819003148751,1.974071507417495,4.857763577409316,3.3754160017304455,7.155555764844436,1.383816639080125
B0043,212,87,4.0,97.015,0.06175780765942851,0.030878903829714255,End_of_Life,3.3308466979658498,2.227174478989743,4.201871725413588,0.6672028978927971,-2.651553384507515,-3.978417528616236,0.00036901399687716557,1.8731598373691354,6.365147956644147,5.025619206039836,8.849096539219643,1.3003544985242426
B0043,216,88,4.0,5608.781,1.5250840516518187,0.7625420258259094,Warning,3.4693912792577155,2.487710804240493,4.151713316448254,0.25415590962131424,-0.9908307773272778,-0.9989196316837596,-0.003571095626999674,0.0654595602264445,7.784854957371514,4.8323692369241,11.059155779143234,1.2215325410689835
B0043,220,89,4.0,5703.296,1.552568811301301,0.7762844056506505,Warning,3.4896631252373917,2.4700528908595785,4.1860990142535135,0.26409593970638295,-0.9917840133525034,-1.0004222702851215,0.0004325901221601669,0.06532918737897826,7.677310156075022,4.332623990652337,10.464754894665266,1.1794695805176303
B0043,222,90,4.0,5668.032,1.5427752626774387,0.7713876313387193,Warning,3.4883481289690543,2.4917865311625422,4.20024763178396,0.2683370867370519,-0.9917267979357508,-1.0013749229178603,-0.001504452154232964,0.06551181300786585,7.720355963617298,5.517278023626756,11.117824082083432,1.1456952349825456
B0043,224,91,4.0,5634.047,1.5331932831264679,0.7665966415632339,Warning,3.4828518772266346,2.4681420264399123,4.199618145627328,0.2709011284987722,-0.9915700758751732,-0.999906490000437,-0.0029166043859581714,0.06567406111940706,7.795012554263815,5.290754145842495,11.465947003288688,1.2341807664854298
B0043,226,92,4.0,5582.375,1.5152721949172019,0.7576360974586009,Warning,3.4797712380230035,2.4840346404021036,4.1989206972349695,0.2698747078401676,-0.9892746508058018,-1.0000803262722175,-0.0017843806336135864,0.08099179252756923,7.802002705131443,3.9419394874990115,10.672391649812306,1.2470691138919998
B0043,228,93,4.0,5567.329,1.5074989761997712,0.7537494880998856,Warning,3.4723642645257145,2.4820985064146877,4.1989096150494385,0.2748817443410257,-0.9870448856228408,-0.9998205155477988,-0.0003884534970397314,0.09358977684576023,7.8854226977198625,5.404348495944301,11.55324188297086,1.2767167480658392
B0043,232,94,4.0,5528.453,1.4896288908647644,0.7448144454323822,Warning,3.465591847973898,2.4995448861629077,4.182123550892078,0.26927456706580083,-0.982521155601079,-0.9995028844280673,0.00046373173796644934,0.11497372498328512,7.865599621307659,4.012126831459005,10.678188237457311,1.2747743671489749
B0043,234,95,4.0,5513.39,1.4780778852088083,0.7390389426044042,Warning,3.4621709600387423,2.4624361945446704,4.198072340064109,0.27641854172798797,-0.9800816231955619,-0.9994974790321102,-0.0004446704583660312,0.12434335526375154,7.840911830800532,4.807700816743437,10.67885056037868,1.2326863545919307
B0043,236,96,4.0,5486.187,1.4700035345334466,0.7350017672667233,Warning,3.4569777103220325,2.4931009972754072,4.19729618680157,0.2751902226910066,-0.9774850815985034,-1.0007522715759782,-0.0012613985506070278,0.13382975967605476,7.866129688953066,3.7521686599542687,11.249497515672802,1.383468807183267
B0043,238,97,4.0,5461.922,1.4565623180137077,0.7282811590068539,Warning,3.449217752251389,2.462787320418678,4.196562826262564,0.28280421023661256,-0.9753322406906505,-1.0074496368791506,0.0009610082927127459,0.14184057901673308,7.9393273558149495,4.867001171567123,11.637480263714385,1.39327292978273
B0043,240,98,4.0,5438.157,1.445976962830235,0.7229884814151175,Warning,3.447579855504856,2.497516098993309,4.1961404278065615,0.2798908333399356,-0.970424713185739,-0.9995519473703497,0.002357738303520221,0.15690082524941973,8.020423171340544,5.0592312500732435,11.797524620709758,1.41630114613822
B0043,244,99,4.0,5402.875,1.4325855992469252,0.7162927996234626,Warning,3.4358831885309766,2.472999574663348,4.178175250938716,0.28211737386153724,-0.970256674882607,-1.0000552345201275,-0.00020253049223384803,0.15752506547152056,7.909281139740462,3.744411749265198,11.717322041018162,1.5097124279907503
B0043,246,100,4.0,5384.438,1.4197344854662965,0.7098672427331483,Warning,3.4393737351491587,2.4798848457409326,4.195619110791885,0.2833620654812858,-0.9652466121144252,-1.0000587870310462,-0.0004145189886527689,0.17148063670668168,7.9764627392531535,5.169956637721328,11.400146543773253,1.358279999305129
B0043,248,101,4.0,5344.859,1.401262575071573,0.7006312875357865,Warning,3.437163038991663,2.483308761917933,4.195354802720307,0.2834475072969908,-0.9624204407769305,-0.9996583037293504,0.0004912000522550359,0.17859111711980263,7.975220288628877,5.330701318871918,11.27412857657329,1.3260757440614164
B0043,250,102,4.0,5305.156,1.3862945308535968,0.6931472654267984,End_of_Life,3.432715938014848,2.4722726688004673,4.195137899317883,0.28397993022487655,-0.959579561659367,-1.0003023505936774,-0.00049760110525502,0.18547546087536196,7.919276364601211,5.089357799320184,10.939205926809544,1.3499937661540542
B0043,252,103,4.0,5284.547,1.384130256052478,0.692065128026239,End_of_Life,3.4312793781460638,2.4995232811069013,4.195919647393222,0.2791921322074032,-0.9569605305508407,-0.9997391001993594,-1.523743837134638e-05,0.19185563976417455,8.087848756281263,4.916489735710996,11.469256268063758,1.3998155776004382
B0043,256,104,4.0,5267.843,1.3651743201871416,0.6825871600935708,End_of_Life,3.423768606452633,2.492874341811692,4.176270279535014,0.28109302491302657,-0.9522133825707908,-0.9993417683995699,0.0003722025001506802,0.2036337176378735,8.02258709983945,5.04116977986091,11.07680003582411,1.3526966169962111
B0043,258,105,4.0,5229.688,1.361508332192898,0.680754166096449,End_of_Life,3.425776013992083,2.466722917823166,4.195157601948688,0.2821382074716997,-0.9541332483411131,-0.9985673084050938,-0.0004598315898297383,0.19896860309917494,8.12948679263687,5.159444442594697,11.26155378961363,1.349568204069343
B0043,260,106,4.0,5206.954,1.351001663879717,0.6755008319398585,End_of_Life,3.4199159770745933,2.4707802117428486,4.195480097537295,0.28458424205742333,-0.951277080781025,-0.9980068368798175,-0.00016541851510324857,0.2051945591267312,8.089656475775936,4.8624179201860835,11.576966830401837,1.4057757730917506
B0043,262,107,4.0,5179.062,1.3282588067265129,0.6641294033632564,End_of_Life,3.419545032162598,2.4848489819284896,4.1943133355165845,0.28438788153584044,-0.9432133015363675,-1.000251640119134,0.0008465508340473731,0.22146953026925928,8.144440591218109,5.684438439783706,11.16400609714747,1.3200131058899498
B0043,264,108,4.0,5144.109,1.3257206687421472,0.6628603343710736,End_of_Life,3.4121967412564467,2.4661345187240347,4.194450936586587,0.2875876671575165,-0.9477871437594549,-0.9983916549138827,0.0011324508413777003,0.21229613465465003,8.231983414070719,4.136944134078735,11.988971088033125,1.5098316401433178
B0043,268,109,4.0,5142.891,1.3142909715978441,0.6571454857989221,End_of_Life,3.407362058046422,2.4725812888729317,4.173215087704208,0.2851401421321316,-0.9403317488154684,-0.9999277500600487,0.0032808403710279706,0.2278688997204701,8.207473278156359,4.541378151215567,11.73519417014362,1.5154276623422216
B0043,270,110,4.0,5109.734,1.3003260094811093,0.6501630047405547,End_of_Life,3.4128712396915972,2.4919564449811342,4.193501778898149,0.2839000965061678,-0.9372882788479067,-0.9989961791594165,-0.00028979533681811195,0.2336401609821688,8.189312466474622,5.062725266929668,11.299125699617386,1.405684397434997
B0043,272,111,4.0,5078.937,1.2881071401556836,0.6440535700778418,End_of_Life,3.408624211537015,2.485517355170574,4.193305249397542,0.2868180772912575,-0.9340008362934733,-0.9986368638895086,-0.00035441333553725687,0.2391661920353531,8.139466322876048,4.938219232151636,11.376911439849154,1.3901433319977172
B0043,274,112,4.0,5051.672,1.2767801501201566,0.6383900750600783,End_of_Life,3.405803295662315,2.499796953515674,4.192997819348426,0.28546473639836556,-0.9308225674416871,-0.9990064665951188,0.000927886113475438,0.24478582672581672,8.11394700059043,4.306619484362203,11.488807348025915,1.5109794818661697
B0044,3,1,22.0,3360.922,1.686525555152074,0.843262777576037,Healthy,3.439679725636751,2.6909422904080547,4.181787286734685,0.19004566542184853,-1.8098343456068091,-1.9964791277692224,0.002959744197394814,0.5763253845332651,32.08333169533252,22.898191363080095,37.78004007704112,3.3949654827383418
B0044,5,2,22.0,3289.406,1.6624606531639186,0.8312303265819593,Healthy,3.452824239327816,2.6852515353168815,4.183923616071334,0.19708199788351793,-1.8219328456366495,-1.996937518623866,0.0013695111015536744,0.5591133257695741,31.44294016626267,22.48508893482155,37.37920163006831,3.410389033063378
B0044,7,3,22.0,3244.797,1.6534010755700512,0.8267005377850256,Healthy,3.4521568195939896,2.6435613323767395,4.183717457974608,0.2025598772388384,-1.8359320421754788,-1.997287749488606,0.001288924672163811,0.5378160022559482,31.14990089807352,22.240089226113486,37.15907806475986,3.447223316791535
B0044,9,4,22.0,3211.438,1.6452145903490936,0.8226072951745468,Healthy,3.4552256770525456,2.6433677125804977,4.183480576276661,0.20275342777433777,-1.8454888344252123,-1.9967295286630409,0.0013397859482086375,0.5226405326816531,31.12954746264574,22.149471524549643,37.12091726941865,3.5216998213995376
B0044,11,5,22.0,3175.594,1.635664062367341,0.8178320311836705,Healthy,3.463672030116032,2.684789036307898,4.181986298076157,0.1993577380960868,-1.8546992944071559,-1.9979913128709894,0.0017733280248056248,0.5072625922953297,31.513994261671055,22.518176597194316,37.70825289621454,3.5632182179266776
B0044,15,6,22.0,2646.625,0.0,0.0,End_of_Life,3.5268413438277695,3.2896584926178556,4.18108163961898,0.1486991387816886,-1.978883934795127,-1.9962095515627811,-0.0010508030704849062,0.1695515510957761,30.9572734254796,23.111416465978767,35.59949904890386,3.0505914568325503
B0044,17,7,22.0,3121.672,1.6267769765146463,0.8133884882573231,Healthy,3.4680330762776053,2.6725301429926103,4.183320051971667,0.20378496340380664,-1.8756028913091127,-1.9967897857151822,0.0006334345228696479,0.4700570247588047,31.634787338016164,23.10770092672458,37.649599494653536,3.431351558372636
B0044,19,8,22.0,3102.937,1.6159715504743064,0.8079857752371532,Healthy,3.4679406316174908,2.69384241497005,4.183385673000076,0.20140119762318998,-1.8740941775158022,-1.9971940723453783,0.0033231258814095015,0.4729439585911757,31.273656122735403,22.666098176277377,37.14337821498799,3.462097715504761
B0044,21,9,22.0,3089.437,1.6076028386649623,0.8038014193324812,Healthy,3.465103331199183,2.6763379244951913,4.183075069105795,0.20292372458505306,-1.87297275010726,-1.9966888809490444,0.00045380433139001946,0.4749794350205845,31.0513882525287,22.361891686471996,37.11952925248905,3.5168320599614042
B0044,23,10,22.0,3077.75,1.6003360401431612,0.8001680200715806,Healthy,3.463878052026492,2.6678573050009757,4.18316470580942,0.20402213352863519,-1.871931466677304,-1.9967525939808977,0.0017642344012601652,0.4770646865152972,30.825315603911406,22.10778895384647,36.8278472964388,3.522888338255278
B0044,27,11,22.0,3074.875,1.5978700914991917,0.7989350457495958,Warning,3.4618790737027214,2.651692148341609,4.1809489315384525,0.20529698360862025,-1.8711336666924587,-1.997645249612211,-8.403253962669601e-05,0.47843841228708633,30.772306222074594,21.994946007236376,37.07362320866197,3.5616418209473055
B0044,29,12,22.0,3061.891,1.5900310265163515,0.7950155132581758,Warning,3.4619567664351507,2.638384304971687,4.183395298117799,0.20749329135245567,-1.869887873532527,-1.9974850325068683,0.0012396452905209891,0.4806870886209738,30.77793162980491,22.01348455985373,37.27343452416563,3.566534630842231
B0044,31,13,22.0,3058.469,1.5816311155652092,0.7908155577826046,Warning,3.4608461967292694,2.633572972853497,4.18312292936732,0.20784958811183754,-1.8624610796586116,-1.9972534524301682,0.0020485637364457384,0.4937173683726318,30.734077377574607,21.982597478073618,36.925553251530964,3.565938265426232
B0044,33,14,22.0,3040.75,1.5714556311034702,0.7857278155517351,Warning,3.462773986667914,2.670554577314724,4.183401469736752,0.2045397178695034,-1.8611231730261666,-1.9973962391444862,0.0029975639144892508,0.4960634561904371,30.711931701692418,21.96611305264065,36.82542072716141,3.5624790645009146
B0044,35,15,22.0,3037.641,1.563220798569978,0.781610399284989,Warning,3.46142516586872,2.662418584963947,4.182608034549464,0.20510538041249615,-1.8534672146493336,-1.9986091240587898,0.002513460275417969,0.5090505817209532,30.692223526355477,21.93800756646044,36.86402084995953,3.585611817568242
B0044,39,16,22.0,3044.828,1.5606775388245586,0.7803387694122793,Warning,3.459888006806987,2.656737093913297,4.180665797789407,0.20526620028212417,-1.8464485055279796,-1.9964580129835687,0.0020262994622793403,0.5208480888146099,30.656716513936473,21.82718305302701,36.854479447477715,3.6070329812705304
B0044,41,17,22.0,3030.25,1.5523886011314287,0.7761943005657144,Warning,3.459225464203645,2.6456088379984415,4.183243082901965,0.20728857517269156,-1.8450475324556972,-1.998262725597201,3.741603769891466e-05,0.5230913964940568,30.677651249958302,21.874894396658306,37.00807199261186,3.6179105520570616
B0044,43,18,22.0,3017.578,1.5444592876561967,0.7722296438280983,Warning,3.459378780567444,2.657434360611611,4.182596378873874,0.20624697550338877,-1.8438251021984409,-1.997119290009149,0.0006154231002514857,0.5247594647406553,30.670401222972917,21.89720723607561,36.85691194751145,3.619415960625847
B0044,45,19,22.0,3015.0,1.536558134180655,0.7682790670903274,Warning,3.4594746923592585,2.6700448196473143,4.182792894198413,0.20533308407060738,-1.8359182150531628,-1.99785698826369,0.0013502484419816493,0.5373286956621534,30.695903900430444,21.85039318802649,36.933977837728406,3.631962431798582
B0044,47,20,22.0,2999.454,1.5307255867941072,0.7653627933970536,Warning,3.457758884701852,2.6538669632174807,4.183044202315208,0.20775346205206047,-1.837930189329905,-1.9975757894737975,0.001634489155381155,0.5342114832576487,30.693601629277207,21.880672170446175,36.96952216360131,3.643075312887939
B0044,51,21,22.0,3054.859,1.545242808242328,0.772621404121164,Warning,3.4604365465272604,2.679338771098678,4.17495739021519,0.20214672442500858,-1.8224062753285977,-1.996154584194868,0.003135489908787445,0.5572627167345805,31.3317805416781,22.12957023148279,37.880341936530016,3.8402160250953337
B0044,55,22,22.0,3034.875,1.5397144491816253,0.7698572245908126,Warning,3.4673706320595796,2.6880235920055937,4.1804104728622375,0.2041067683859723,-1.8277755287188366,-1.9969183804123913,0.001991462135054142,0.5496705487268012,32.003093392777586,22.953585363402762,38.4338113726962,3.777595353817037
B0044,57,23,22.0,3030.0,1.5305357077773765,0.7652678538886882,Warning,3.4682443755783012,2.687370056924405,4.183012088063382,0.20500127427430445,-1.8199294716775476,-1.9973605086578852,0.0016564879469571896,0.5616493938004302,32.229129548420126,23.24165959911858,38.62527616952544,3.757283084003922
B0044,59,24,22.0,3011.781,1.5199735224097084,0.7599867612048542,Warning,3.4662944691430644,2.6893554366992016,4.183156295632244,0.205139757401392,-1.8182280699458226,-1.9964576467808028,0.0006469310782040937,0.5641973248310913,32.11597218782517,23.135949966403075,38.54196067361033,3.7685164553134753
B0044,61,25,22.0,2990.25,1.5136629526844203,0.7568314763422102,Warning,3.4597034229251418,2.633690741780774,4.182731552192122,0.21086815613992352,-1.82344115362652,-1.9975793253781033,0.0011370838196343382,0.5566315651230201,31.969087731359647,22.93636450124002,38.50117611497123,3.821009992572176
B0044,63,26,22.0,2980.234,1.5012870006992953,0.7506435003496477,Warning,3.4622130413589143,2.6891582121304634,4.182713459240956,0.20545446788533392,-1.814801427898659,-1.9961193009923857,0.0013205924024940665,0.5688580628978478,31.87470050843518,22.77057819761938,38.43383998472231,3.8700261619690997
B0044,67,27,22.0,2994.844,1.5023814734911674,0.7511907367455837,Warning,3.4628505734955555,2.6829363216833317,4.180340134562246,0.20593324074196562,-1.8075840969590578,-1.9962084053853812,0.0015097398776068836,0.5789918607252648,32.24329057966032,23.12114602411146,38.70474156110448,3.8278763351379332
B0044,69,28,22.0,2987.672,1.4980955154277502,0.7490477577138751,Warning,3.462862471197368,2.6587209985414955,4.182573946557156,0.20933036330585938,-1.8065211847034746,-1.9967029680268844,0.0004091443110585725,0.5807058559314431,32.62193857776337,23.57637165529978,39.13185799913766,3.8294125243624513
B0044,71,29,22.0,2975.1100000000006,1.4906542391377111,0.7453271195688556,Warning,3.4614145860859864,2.660938360343116,4.182900962902353,0.20970165430127932,-1.8052430334885246,-1.997103683848464,0.0017857682443869116,0.5826222490411768,32.534721843990155,23.505421833154223,39.06117424677476,3.821634124836611
B0044,73,30,22.0,2953.219,1.4843971639436213,0.7421985819718107,Warning,3.4567536825256298,2.6382065057381183,4.182966025381988,0.21248009297237852,-1.8105860657133828,-1.997186957551534,0.001717052677305801,0.575285445319716,32.315090431633784,23.260374502704018,38.900911326239694,3.8597954671823635
B0044,75,31,22.0,2955.484,1.4725321936230114,0.7362660968115057,Warning,3.457596686753219,2.6803751950872314,4.183016347451806,0.20838885391119769,-1.7950692987909964,-1.9960209799250945,0.0013777344731151111,0.5963730669711748,32.11227103017126,22.97677225131331,38.637548513661336,3.877891040799829
B0044,79,32,22.0,2957.016,1.4663149382113208,0.7331574691056604,Warning,3.456382425532515,2.695456060678521,4.1793816650979885,0.20664422966099968,-1.786985657468036,-1.9968995033172354,0.001316625320984191,0.6070440598064027,31.7443365044674,22.780633587448758,38.14612160171512,3.755994279677465
B0044,81,33,22.0,2948.219,1.4671298468877776,0.7335649234438888,Warning,3.4558985436662764,2.658317830680757,4.183025078755878,0.2113994178968586,-1.7928445896165708,-1.9963246097670302,0.0015873559542654307,0.5993747740448301,32.11351047936838,23.217531125193947,38.41020545726171,3.750578435808603
B0044,83,34,22.0,2935.5,1.4593858997633138,0.7296929498816569,Warning,3.4536993651226653,2.6504983510643836,4.182295217506064,0.21316736716650342,-1.7913668174036652,-1.997150820770342,0.0007251169997461292,0.601310198695111,32.04801967333395,23.296232005674824,38.342879393411714,3.7003390306838324
B0044,85,35,22.0,2913.797000000006,1.4467901368505207,0.7233950684252604,Warning,3.4526946539372747,2.688935729076874,4.182630774542257,0.21033912359031665,-1.7891101484216256,-1.9973020414669822,0.003559796186657841,0.6043794116960973,31.708021910539802,22.914322779687136,37.97725957749192,3.721036326074433
B0044,87,36,22.0,2900.703,1.4390669859638228,0.7195334929819114,Warning,3.44942355838508,2.687761244178016,4.182872685249836,0.21102931459873359,-1.7876594976231701,-1.997028487870564,0.002881812142580237,0.6065619053145634,31.467203186429355,22.597478447283258,37.797055139354214,3.757866015565948
B0044,91,37,22.0,2914.031,1.4389892550462602,0.7194946275231301,Warning,3.4464363236508913,2.668468130193828,4.179973909655392,0.2118298418286963,-1.7797845626759963,-1.9965535272405561,0.0022170051863129696,0.6164549978304208,31.560453436032944,22.363262798668703,37.93561044482721,3.9260694468619435
B0044,93,38,22.0,2901.968,1.4386198779578576,0.7193099389789288,Warning,3.447035324752623,2.6420564556682917,4.182978380469111,0.2153525342652927,-1.786101275708508,-1.9982510496408243,0.000818349681568151,0.6085383907886678,31.887709097598353,22.829272160428808,38.32554543437737,3.8602628762458395
B0044,95,39,22.0,2901.734,1.4313412096653504,0.7156706048326752,Warning,3.451080883804227,2.6780728769094244,4.183054454837302,0.2124336307158817,-1.7774334664210216,-1.9967399870670337,0.001534782201654243,0.6195302041127447,32.164811812502585,23.223788830436295,38.556109997490786,3.8183932177207316
B0044,97,40,22.0,2887.407,1.422973037663468,0.711486518831734,Warning,3.450413161794029,2.6917750634373303,4.18231054917298,0.21198706134651904,-1.7758066384425826,-1.9973791391628402,0.0018952752492584655,0.62164367982224,32.13295425226488,23.21624477930183,38.62165239845955,3.7960118241038123
B0044,99,41,22.0,2861.937,1.4150153099745097,0.7075076549872549,Warning,3.44468943990224,2.68001440979752,4.182416637290177,0.21424006599278186,-1.78107743904082,-1.9967855021957501,0.0006225391345261028,0.6149407220360765,31.75133688827036,22.853403604078057,38.18800348171553,3.7999711494346635
B0044,103,42,4.0,1055.25,0.0572172710622218,0.0286086355311109,End_of_Life,4.054818943483505,2.5311035775191533,4.177605302188679,0.27823468750731417,-0.21883274923266322,-3.9896989741694777,0.0055403433097710566,0.9089999412709201,7.057089335323658,4.847970553868735,9.757496138930122,1.251148976513873
B0044,107,43,4.0,1012.187,0.0573587470253984,0.0286793735126992,End_of_Life,4.048971725415953,2.5372412665469883,4.1758503096814,0.27972120792996397,-0.2291787146876666,-3.9906931282455655,0.0035384118158599247,0.9287258003949426,6.945113627374995,5.645674651140764,9.760471127293034,1.1455835619172552
B0044,109,44,4.0,991.172,0.05749687545445231,0.028748437727226156,End_of_Life,4.048139868634576,2.5608994701667624,4.1760882615952974,0.2774250531431399,-0.23457936698907242,-3.990789539982711,0.004068949254505414,0.9386276674726206,6.969210950143102,6.384509116340028,9.69821406411427,0.642212439471404
B0044,111,45,4.0,982.094,0.05763088809888528,0.02881544404944264,End_of_Life,4.04489102283376,2.4875185728014695,4.176702751698478,0.28914880748760274,-0.23761419438252948,-3.9914245848072887,0.0036189979782433063,0.9439024206926067,7.1320933104899575,4.797655713268796,9.00106106019679,1.1328952666529333
B0044,113,46,4.0,1063.609,0.055116913339787174,0.027558456669893587,End_of_Life,4.058712789171854,2.652711478763571,4.173920852315538,0.2528717761290411,-0.2099858295389897,-3.9916882386949055,0.003340908320272463,0.8908960172926961,6.9052479876970985,4.5885847373663005,8.446753567938917,0.8400380220158853
B0044,116,47,4.0,1067.641,0.06740755265748018,0.03370377632874009,End_of_Life,4.04058000450648,2.567871692937443,4.176081063674498,0.2800719260752111,-0.2518669105532582,-3.9926490229101614,0.0036404625064070505,0.9707497466911701,6.719645217752847,6.1817739418643125,9.004482980571387,0.6237093826609341
B0044,118,48,4.0,1048.687,0.0675676530317139,0.03378382651585695,End_of_Life,4.038574138704129,2.537541377739229,4.177001690332218,0.2870605562894,-0.25717248545758564,-3.9909440128041087,0.004403114801414989,0.9802876135800143,6.752194119869617,4.3282662733774515,10.10838939092693,1.7558908985614152
B0044,120,49,4.0,1039.984,0.055637310449156464,0.027818655224578232,End_of_Life,4.060984637180495,2.6996320897449855,4.176258717683466,0.2468082445002984,-0.2168958065340876,-3.9908887841162035,0.004262981453303117,0.9045427713115395,6.682861474834709,4.051923742831441,9.084345421523768,1.4815093816898435
B0044,122,50,4.0,687.328,0.06822433276106823,0.03411216638053412,End_of_Life,3.9901324953918995,2.502639203032668,4.177495150501219,0.3507774785280304,-0.3924814177291054,-3.990777296546928,0.006061464639444281,1.1882345464213202,7.805372903557112,4.4347919122637025,9.9732818280256,1.5063782016792535
B0044,124,51,4.0,1047.531,0.056052453431514465,0.028026226715757233,End_of_Life,4.060072156375749,2.645057195756969,4.177754475108936,0.2524255689419221,-0.21680725503393136,-3.9917277049585165,0.0035858034272578795,0.904666906269253,6.452537181339348,3.680038781425441,7.130613484534643,0.6501684759705195
B0044,128,52,4.0,1038.375,0.06868220130105056,0.03434110065052528,End_of_Life,4.036259706472422,2.5457909784374686,4.176437545781662,0.28622353463348155,-0.26270449862572487,-3.991158236131923,0.006348113315537079,0.9902655232521889,6.89796196003197,6.320493718104861,9.420302039012588,0.731455437434508
B0044,130,53,4.0,1030.703,0.06874755353346529,0.034373776766732644,End_of_Life,4.034899045788163,2.525156138635263,4.1766732396736,0.28905748305901496,-0.2660568669142741,-3.9909330027161993,0.0036003386969768133,0.9950532700945378,6.643140512754006,6.195993903453708,8.596928821276874,0.5053113862568288
B0044,132,54,4.0,1010.765,0.05651439891347486,0.02825719945673743,End_of_Life,4.05627259287341,2.6675668355109194,4.176262440841608,0.2547293646049542,-0.22645846348554158,-3.990997288294168,0.0041912565972737886,0.9235650644459712,6.823596011664432,3.5850129022929575,8.914167582596768,1.475803299472286
B0044,134,55,4.0,1025.719,0.05673307185387369,0.028366535926936845,End_of_Life,4.056631496996698,2.6214259323214453,4.17780020929139,0.25850513417274923,-0.2243099150823807,-3.9914062156576913,0.003956089692708242,0.9185686419546678,6.621700828774675,3.6244110429419516,7.468130255797678,0.7424362564446693
B0044,136,56,4.0,1016.859,0.0694133756360175,0.03470668781800875,End_of_Life,4.033722240018022,2.5339139586135624,4.177530439833207,0.29097901101563894,-0.27219298018702565,-3.992122190709,0.0032602599245902227,1.005686027011245,6.654177389025503,5.7425323200811125,9.34228820478629,0.7996252415422356
B0044,140,57,4.0,1021.079,0.05931766444664955,0.029658832223324775,End_of_Life,4.052548629680626,2.6459372770148692,4.176559125063143,0.26040156960558253,-0.23539096687777275,-3.9931560142753657,0.0027635224421310545,0.938735927170404,6.691030736897561,3.508573469192295,9.296386526511638,1.7328568252003531
B0044,142,58,4.0,1010.562,0.06981707253622738,0.03490853626811369,End_of_Life,4.031869983878109,2.5126783310210183,4.177198757478185,0.295131245843792,-0.2757939587127618,-3.992595683096178,0.004727694877004283,1.0111959256949163,6.789742456285512,5.216005974992561,10.402010089986526,1.429083136561103
B0044,144,59,4.0,1003.313,0.05746435089694075,0.028732175448470374,End_of_Life,4.0546007592526,2.676683003373552,4.175693660429193,0.254745469743662,-0.23192836333731054,-3.9927859178982166,0.003421350680358617,0.933782279822399,6.652607169727167,3.7048553861280893,9.139614420555528,1.6435658769853771
B0044,146,60,4.0,1006.187,0.07053774383993697,0.035268871919968484,End_of_Life,4.029900462300052,2.509819479017468,4.1767178653680554,0.2962252507525112,-0.27840440393795296,-3.991697440625882,0.0051968427569207,1.0165220237129342,6.727197790202005,5.538593319761488,10.577915316418856,1.1264037174029309
B0044,148,61,4.0,996.765,0.05805466052344494,0.02902733026172247,End_of_Life,4.0528579449382525,2.659947287863178,4.175734240124533,0.2579144719653781,-0.23468645740446364,-3.9922087112758984,0.0046771770057918525,0.9387161921441668,6.704744929431838,3.448515456521294,9.153655205612418,1.6807430625968396
B0044,152,62,4.0,999.422,0.07083992015291063,0.035419960076455315,End_of_Life,4.027030974078611,2.502902423851419,4.174858788640489,0.2979566233739594,-0.2817775496820993,-3.9930053753030488,0.0038835913980858425,1.0222415079494247,6.688129486124422,5.253409597329436,10.601194386353557,1.2752632528716672
B0044,154,63,4.0,990.234,0.058171836130525824,0.029085918065262912,End_of_Life,4.048647775995237,2.597947039498895,4.175396670709832,0.26779621089690897,-0.23781178807825715,-3.9905824714445868,0.0038423311547758094,0.9439383035609836,7.135311524033081,4.699512503330192,8.524863523744626,0.7130818629173833
B0044,156,64,4.0,608.953,0.05830515712798288,0.02915257856399144,End_of_Life,4.006197810720952,2.688243972514366,4.176278504943042,0.3142683013171572,-0.3839746086117853,-3.992407076231904,0.003173192711416039,1.1763962703122277,7.514206392471801,4.420025377112379,9.440256551104172,1.4699221496541457
B0044,158,65,4.0,586.719,0.05845592669367763,0.029227963346838814,End_of_Life,4.001898132433219,2.6997767051836083,4.1759985062489635,0.317113938692793,-0.39910424698891395,-3.992461574821749,0.002771523809917564,1.1971586028549577,7.105939545905624,4.419732386549667,9.577062674735402,1.7345291483218879
B0044,160,66,4.0,575.922,0.05862986110638707,0.029314930553193536,End_of_Life,3.9995228828543783,2.6926916057581445,4.176936753250137,0.32114502746816986,-0.4072004054361969,-3.9906773895407737,0.003879863284028645,1.207643886794712,7.121133621766568,4.353467531572625,9.571995894192735,1.7491620106335155
B0044,164,67,4.0,1050.406,0.05890033218383382,0.02945016609191691,End_of_Life,4.053493486866572,2.6700548004006626,4.1734597535552,0.251369803258425,-0.22655413924505263,-3.9900184345675953,0.0037123685484004285,0.9235516887095844,6.525840333846862,4.285263751732037,7.124889090041003,0.5406892958931016
B0044,168,68,4.0,1040.75,0.05906467702011044,0.02953233851005522,End_of_Life,4.052074849774992,2.6107085277536015,4.1757127493459585,0.2618281577272958,-0.22919137003874254,-3.9919951224872414,0.004871282653862333,0.9287347311602125,7.0347000891113804,4.140722546707669,8.324153740739145,0.7311505460406849
B0044,170,69,4.0,1019.125,0.07240579982844073,0.03620289991422036,End_of_Life,4.028366353886938,2.500114336550371,4.176096844607635,0.2969316918544639,-0.2819333043565596,-3.9922653535751937,0.004442864696561866,1.0220632035625388,6.8973768386013505,5.326638606105242,10.63955759206541,1.4024606151212924
B0044,172,70,4.0,618.844,0.07255632846891659,0.036278164234458295,End_of_Life,3.9662515216379144,2.463640728476522,4.176353738400277,0.37293888093019556,-0.46093159458169275,-3.990796915640813,0.003544393856491935,1.2745989485229283,8.12797412482593,4.957548969148244,10.376173431482593,1.59828603751289
B0044,174,71,4.0,1039.547,0.05959222988909599,0.029796114944547994,End_of_Life,4.052244387669817,2.5987325707723405,4.177102599239209,0.2632876783327766,-0.23199889868853285,-3.9911388227447215,0.004353045332031152,0.9337647435433033,6.951583874586089,4.01632818386259,8.316021086973787,0.7506472635083413
B0044,176,72,4.0,1004.328,0.07321709022768585,0.03660854511384293,End_of_Life,4.024847285360175,2.4742429443982785,4.175820770125257,0.3022571423119279,-0.28835896667589855,-3.991443615973067,0.004742063653410455,1.033414681387236,6.953046195579622,5.9431729658560775,10.655557073631597,1.198569716435782
B0044,180,73,4.0,1005.75,0.05984100849986973,0.029920504249934865,End_of_Life,4.051149690799867,2.693112294857156,4.174362644498064,0.2522112814948653,-0.24020364123364232,-3.9937289569249144,0.0033085774036558067,0.9496733354713754,6.413311987885646,5.328465768215402,7.631714348736341,0.32896717421209065
B0044,182,74,4.0,995.797,0.07344347056971572,0.03672173528485786,End_of_Life,4.023626364549916,2.476301013332819,4.175874340371016,0.30294073814373584,-0.2918314525277322,-3.991810733048436,0.003023410626945579,1.0392457240892665,6.779577103952525,5.671261940663974,10.509625598200184,1.0316566794357414
B0044,184,75,4.0,998.921,0.07373739605923264,0.03686869802961632,End_of_Life,4.0230998765187564,2.455959621392259,4.176007922304425,0.3044191687466937,-0.2917484860639784,-3.990343191482173,0.004826608136294959,1.0390969580355982,6.978468873690951,6.428592965422287,9.204729619835247,0.6390979538056323
B0044,186,76,4.0,989.141,0.06032312489727431,0.030161562448637155,End_of_Life,4.047078241937264,2.595966933411927,4.176473294247625,0.26838570529731165,-0.24607113844569875,-3.991055043675492,0.008050334690859823,0.9604196214554376,6.809785593582902,3.7557573168497567,7.96351554428054,0.8228910008746808
B0044,188,77,4.0,979.203,0.07409611978234346,0.03704805989117173,End_of_Life,4.02025965935536,2.4476887634196065,4.176068533506241,0.30906827421353406,-0.298818492738235,-3.9933235016411084,0.0035454695598344595,1.051284153783292,6.971049837313714,6.406430103137445,9.367163499816085,0.7065399514072311
B0044,192,78,4.0,994.031,0.060717150532954955,0.030358575266477478,End_of_Life,4.048987988645058,2.696514442504613,4.1740583227112635,0.25391718291362625,-0.24619641320878316,-3.991161876623272,0.003363612684290061,0.9603272762351134,6.579881562367587,5.992218142754614,8.36281681813677,0.46639879566979187
B0044,194,79,4.0,971.516,0.06082844229397962,0.03041422114698981,End_of_Life,4.048190135327761,2.690051793810678,4.175423863730147,0.25831886153087497,-0.25222392819933964,-3.9915962217441727,0.004638555951811526,0.9716702346315114,6.690126647286674,5.378327257419688,9.833929266126528,1.176074380800674
B0044,196,80,4.0,810.563,0.060928844447982224,0.030464422223991112,End_of_Life,4.031325666700656,2.682527208849319,4.1750234301728835,0.2808552962185819,-0.30189362407180553,-3.991136960671815,0.0031598068505257113,1.0557728954745957,6.925009518097775,5.494428595244186,9.82294821385076,1.3290170615233388
B0044,198,81,4.0,599.047,0.061220387365620216,0.030610193682810108,End_of_Life,3.99633832641595,2.6522914416676375,4.17570719288233,0.32454428035434446,-0.4070041672359561,-3.991424193255269,0.0028573457211166324,1.2077957106033648,7.831469751479567,5.011195309533016,9.64729446630716,1.292752272254461
B0044,200,82,4.0,109.078,0.06133677582691605,0.030668387913458026,End_of_Life,3.5339557623459625,2.546878970446884,4.176924395260363,0.5612380654252981,-1.9943360872313463,-3.989885469699493,0.008981273123246413,1.9946841363845833,6.3578218287881425,4.261352737687649,8.475214897845488,1.649036425492972
B0044,204,83,4.0,109.17099999999999,0.0615021959933087,0.03075109799665435,End_of_Life,3.5662543456123466,2.6459302194913836,4.176472262163263,0.527526159260431,-1.996129232362493,-3.9922420213879173,0.00023402116475407472,1.9936605249637684,6.5954208155010985,5.339199492935753,7.906766993792881,0.958479834526934
B0044,206,84,4.0,96.484,0.0615436456229027,0.03077182281145135,End_of_Life,3.480657456568583,2.5366466461777906,4.177637250505157,0.5687387617095716,-2.217653041798755,-3.9916255830434317,2.94281467370658e-05,1.9813090351280034,6.324536214740793,4.563444717869488,8.628110902694925,1.5288964947238752
B0044,208,85,4.0,109.094,0.061368282981907545,0.030684141490953772,End_of_Life,3.559655619146663,2.619612898646795,4.178674620885059,0.5366802172273651,-1.9957140019130044,-3.9917742802321072,0.00233575185107131,1.9951462932373882,7.644851838660085,5.844985244902131,9.541833690746394,1.472102523903439
B0044,210,86,4.0,96.906,0.061633508888739995,0.030816754444369997,End_of_Life,3.4710657400965403,2.48420676655347,4.180128549369836,0.5834115270205816,-2.2172078365634906,-3.99341095347209,0.0018380871713237175,1.9826958854349122,5.10818141008298,2.90475616543561,7.890349591233944,1.861352033679938
B0044,212,87,4.0,97.015,0.061981030875948785,0.030990515437974393,End_of_Life,3.4889263102095547,2.5492794097929745,4.1786173675742635,0.5631996153485345,-2.217892317465651,-3.991569924612713,0.002697596739934985,1.981948373135126,6.978200107513246,5.268020681575575,9.207557697837885,1.4793981046233944
B0044,216,88,4.0,5608.781,1.4779954511171076,0.7389977255585538,Warning,3.438530012225991,2.6987042664288663,4.132709552803766,0.22508797480128484,-0.9486655224617359,-0.9996908932907373,0.0005119272383861949,0.2128366307406836,7.831586108538486,4.96446313077256,10.171915363933092,1.1951609040970814
B0044,220,89,4.0,5703.296,1.494119871447679,0.7470599357238396,Warning,3.4576572257357188,2.6902025456609366,4.15897226684506,0.23183218395323696,-0.9429836446189775,-1.002764391386482,0.0009107829167059021,0.2246820037799069,7.730546352316417,4.362853119300769,10.296016892383854,1.1650791239795373
B0044,222,90,4.0,5668.032,1.488007820113173,0.7440039100565865,Warning,3.4553887210557868,2.682194069736634,4.173670999223567,0.2430492173244514,-0.9448444362873197,-1.001809989064009,0.0008606130538372946,0.2213976791677018,7.787963683864436,5.202271526875168,10.396418259744522,1.1158667950110552
B0044,224,91,4.0,5634.047,1.4748338592717107,0.7374169296358554,Warning,3.453365325098602,2.698791325109984,4.173428084270444,0.24140667383083414,-0.9421563938919909,-1.0010193795008968,-2.9338418792105184e-05,0.2265059300640993,7.849823078169805,5.0120876053956644,10.675119900160503,1.1930175599678563
B0044,226,92,4.0,5582.375,1.4604378044785566,0.7302189022392783,Warning,3.4533767517944844,2.6972261726105513,4.17295985340472,0.23678244229891232,-0.9414963206117185,-1.0008333686989588,0.0005583489138716594,0.22805575971748399,7.863220580243154,3.811503767508387,10.562265269293302,1.2068975482646598
B0044,228,93,4.0,5567.329,1.452380841576719,0.7261904207883595,Warning,3.4460660596643384,2.6816548421625512,4.172771279792943,0.24492976637876157,-0.9389221140572901,-1.0006757296253446,0.0003606007179158548,0.23273226062894006,7.930106785779635,5.231368167256844,10.76625471358321,1.2011062691199152
B0044,232,94,4.0,5528.453,1.4411028883649861,0.7205514441824931,Warning,3.4382387035909514,2.6758389635879234,4.15544388290786,0.24205083131062194,-0.9382244730141405,-1.001584094423824,0.0020170086458555707,0.23395640583927096,7.888437545923743,3.7913354249889384,10.911129725577434,1.261957953589066
B0044,234,95,4.0,5513.39,1.4300355978410688,0.7150177989205344,Warning,3.4385248959075603,2.6766750362925413,4.172195811279475,0.24432972030509578,-0.9336418704048167,-1.0011109661354312,0.001564792524233504,0.24281501286263768,7.818043363205418,4.9665241241819045,10.81913572086399,1.219638913003628
B0044,236,96,4.0,5486.187,1.413943296719903,0.7069716483599515,Warning,3.4365202293034374,2.695622084623807,4.171402160517197,0.24412763083027847,-0.9277519140513346,-1.0013667929909769,0.0017297331873697762,0.2528477754875524,7.830974235734798,3.440362613271007,11.006306031992887,1.372582682807075
B0044,238,97,4.0,5461.922,1.3972667497450317,0.6986333748725159,End_of_Life,3.4352027430527405,2.6908429071948605,4.170188354997629,0.24515407144955606,-0.9210832456029233,-1.0031105310166462,0.0009730796952747865,0.2638787147999917,7.878562179371438,4.61211591145805,10.614675024239112,1.2474817735227985
B0044,240,98,4.0,5438.157,1.3865375876825874,0.6932687938412937,End_of_Life,3.43345469224157,2.6963132256039875,4.170349799747877,0.2457107891281105,-0.9181073344708772,-1.0004034898094731,0.0012259246336586039,0.2683588184710227,7.960251571512366,4.918195539391174,10.78731375840829,1.2535520747325248
B0044,244,99,4.0,5402.875,1.3724753685724698,0.6862376842862349,End_of_Life,3.425091148228222,2.6889652303475895,4.152127517238579,0.24526445395798016,-0.9147769465297864,-0.9998017351246393,0.0030985899579741793,0.2731043470924604,7.825815360855775,3.4319499762440446,10.646148713943534,1.3555476548360794
B0044,246,100,4.0,5384.438,1.3598593948812812,0.6799296974406406,End_of_Life,3.43285332747351,2.697702269918439,4.169872871486082,0.2430436944817367,-0.9097059602545033,-1.001001283053754,0.0013697698641143394,0.28096794382142587,7.871717073752719,4.811918412162218,10.149343674038578,1.186911165634328
B0044,248,101,4.0,5344.859,1.3486733410392264,0.6743366705196132,End_of_Life,3.4316708520467616,2.6908621173584564,4.17029400170211,0.24291093170155378,-0.9089147628345589,-1.000535766089263,0.0021013923957275125,0.28223768261147253,7.872850841533409,4.951322650914617,10.269672545542077,1.1515941443819075
B0044,250,102,4.0,5305.156,1.3334258933205057,0.6667129466602528,End_of_Life,3.4305423593747584,2.6956578221948044,4.16968317987712,0.2401806270549152,-0.9053632291923375,-1.0001303334513887,0.0009310009554464437,0.2868678248168832,7.787673589037049,4.780401495020148,10.511836729394169,1.2125289868632987
B0044,252,103,4.0,5284.547,1.3387793081075827,0.6693896540537914,End_of_Life,3.4188541266416608,2.683891843696469,4.170671249766948,0.2498622296553686,-0.9122769052973728,-1.0006996840010498,0.0014497208979828051,0.277387743029354,7.997910807563725,5.06477884715876,11.2498423901219,1.3782171153534888
B0044,256,104,4.0,5267.843,1.3153320403016995,0.6576660201508497,End_of_Life,3.42241373548389,2.6861736439095387,4.149844268077626,0.24064467781962742,-0.8993675928683105,-1.0012478773196167,0.0017943549116499447,0.29546289057412706,7.881896352735887,4.684581220811076,10.478668312226782,1.1875156576932666
B0044,258,105,4.0,5229.688,1.322963328110081,0.6614816640550405,End_of_Life,3.4160977003080477,2.6915218489806785,4.170207896534634,0.25007768239367234,-0.9110321130421603,-1.0000486043905183,0.0008259898109111774,0.27914575280615056,8.022448822976777,5.409746706230465,11.276068425006786,1.2795941615906257
B0044,260,106,4.0,5206.954,1.3086991524155074,0.6543495762077537,End_of_Life,3.415875051664848,2.6982230360736286,4.169943833836458,0.24990788334796682,-0.9054157927585382,-1.0000156861218927,0.00757025057687288,0.2873239918434247,7.977920186292173,5.118567803709009,11.18488048040138,1.360488708048548
B0044,262,107,4.0,5179.062,1.2897499583900436,0.6448749791950218,End_of_Life,3.420770509924939,2.6884148666237393,4.168649657337103,0.24561946829125472,-0.8971488250209094,-1.0003532671448447,0.0030345758410345,0.2985618853933338,8.016774436428086,5.489946008570818,10.572845919227095,1.129505569707205
B0044,264,108,4.0,5144.109,1.2906172590904164,0.6453086295452082,End_of_Life,3.412152763562302,2.699098319484438,4.168865124534303,0.25083554403688085,-0.9036459257898942,-1.0001270037964975,0.0021060612848631997,0.28956736365011154,8.104364904391632,3.936510086733391,11.286420953867147,1.4221399882991783
B0044,268,109,4.0,5142.891,1.2752011253442166,0.6376005626721083,End_of_Life,3.411365387592042,2.692387025960113,4.14775004325363,0.24715706243537902,-0.893479421104461,-1.0003776702130833,0.0021528243384569684,0.30341520711678327,8.021367388918382,4.333825896636997,10.532008688910055,1.2951631211207308
B0044,270,110,4.0,5109.734,1.2686072657374579,0.6343036328687289,End_of_Life,3.4151055404827564,2.684075358151804,4.16768084822256,0.24725587375393934,-0.8950327018530826,-1.0013725571006211,0.0021603785656978316,0.3015867034232589,8.012944452376887,4.788736918832111,10.496769408739059,1.22462303820806
B0044,272,111,4.0,5078.937,1.2565759973225976,0.6282879986612988,End_of_Life,3.4139726333379956,2.687825351809013,4.167944485512648,0.24957949086066564,-0.8916525424860515,-1.0005394687347553,0.0010019248675130364,0.3058583713101823,7.944197776199544,4.714639372870622,10.219372011443097,1.1740729012857374
B0044,274,112,4.0,5051.672,1.2486254509320867,0.6243127254660433,End_of_Life,3.410670178184504,2.6932435794466025,4.167775501643388,0.2505271688577992,-0.8905662435522527,-1.0005198847037153,0.0020243679839175343,0.30686648785369286,7.904886527570053,4.018534218811682,10.307592528834146,1.3191462943532237
B0045,1,1,4.0,6436.141,1.0819793880779518,0.5409896940389759,End_of_Life,3.3507147228969534,1.990881848788414,4.203467627142882,0.3835508485154758,-0.6795680439600006,-1.009116495266992,0.004158440620084177,0.47042785815166455,9.485217152757082,5.3066238207695475,15.71039018923076,2.5227421359719293
B0045,5,2,4.0,5650.265,0.927952404748273,0.4639762023741365,End_of_Life,3.343710562419324,1.9875972636980002,4.16699885717682,0.39538425271967914,-0.6847946624076122,-1.0087426406516653,0.0026935510429979383,0.4683194671635726,9.412485833762908,5.090166082202173,16.327881769438125,2.584883711460939
B0045,7,3,4.0,5590.907,0.885193608411576,0.442596804205788,End_of_Life,3.357113032625278,1.9885380767186824,4.187894400053388,0.3996993218277446,-0.6646163130202214,-1.0090556479293218,0.004060923649824136,0.4757471997396378,9.14441346005273,4.970043389354473,16.190453016227536,2.6254724507521754
B0045,9,4,4.0,5543.61,0.8581010699478283,0.42905053497391415,End_of_Life,3.358646172572514,1.969241613952096,4.188401226248918,0.4037204554586566,-0.6509315601298676,-1.007865061542852,0.0020631851299733996,0.4801958666646293,9.07418033049993,4.771062049870164,16.44564599364816,2.7297916273475806
B0045,11,5,4.0,5499.046,0.8409352213456689,0.42046761067283445,End_of_Life,3.3660643885240518,1.9830542841988097,4.188303916193977,0.40023479460797123,-0.6402275004489041,-1.0092390728045402,0.0026205512748727006,0.4834017608945933,9.063698357219925,4.722518276680366,16.652821920677077,2.740023718022706
B0045,13,6,4.0,5461.219,0.8245471942901911,0.41227359714509554,End_of_Life,3.367910347978234,1.980464521626357,4.18828020412361,0.4026658132120647,-0.6317025380405666,-1.0082097757590034,0.001774456226012779,0.4856686347058002,9.076577071060372,4.705135640863367,16.626045153527933,2.765272820655414
B0045,17,7,4.0,5451.281,0.7935960418803983,0.39679802094019917,End_of_Life,3.357745333360116,1.9822192378370667,4.115223647482973,0.40437548661670575,-0.6176226155232352,-1.0081874076413238,0.002860530522004708,0.4891897369881986,9.265023738219778,4.611342855994695,16.231693733501764,2.728837258467843
B0045,21,8,4.0,5468.062,0.8183676087159205,0.40918380435796026,End_of_Life,3.3696607473704705,1.9987122390470566,4.166319111887713,0.40001556805694966,-0.627554191403777,-1.0098943079946225,0.0016835948034780235,0.4867951066867667,9.339350112299787,5.27537188956209,16.185673883928935,2.6900360640640493
B0045,23,9,4.0,5411.297,0.7977644276409412,0.3988822138204706,End_of_Life,3.3747312015520436,1.97927314966301,4.188858082816243,0.4087667892837247,-0.6227956362441028,-1.0088447706775023,0.003824984984423394,0.4879953621746443,9.308634523153344,5.0939473120792655,16.52621032903044,2.7403740885393484
B0045,25,10,4.0,5369.703,0.7993777411831636,0.3996888705915818,End_of_Life,3.381799182114607,1.9640518711887227,4.189052979187811,0.39834424614079716,-0.6164358149352739,-1.008540571989902,0.002483246031361786,0.48947509621307744,9.25414520667292,5.578573344132378,15.196414604557985,2.5717221526383387
B0045,27,11,4.0,5327.406,0.7783107440628891,0.38915537203144457,End_of_Life,3.385176591409285,1.9965583229383295,4.189280705297697,0.4018441407241525,-0.6124951744838439,-1.0084157672653467,0.0032898503551375496,0.49042715472167997,9.291749311540086,5.093156336915293,16.354435553014117,2.7268831366103976
B0045,29,12,4.0,5299.266,0.7803738231239117,0.39018691156195584,End_of_Life,3.3813096388474886,1.9676140964966766,4.189527524041756,0.4006633805500128,-0.6120748119063896,-1.0088566807748427,0.0031238080493800314,0.4904706001912369,9.310447961834724,5.506749718586084,15.57016420519042,2.6193108778997343
B0045,33,13,4.0,5367.172,0.7713058245640294,0.3856529122820147,End_of_Life,3.3490369985986668,1.9877016401767398,4.097057578524458,0.4081915634168042,-0.6158982943710156,-1.0080424431902402,0.0025883930218550243,0.48960326110186625,9.29775486780575,5.210420792891231,16.481904111846188,2.8047754911496083
B0045,37,14,4.0,5406.812,0.795279016979026,0.397639508489513,End_of_Life,3.3694542187312684,1.99572402940065,4.166427487441078,0.41241773704821716,-0.625377064856349,-1.0087189699625896,0.0021632241350814383,0.48716434806386366,9.245632947295453,4.749612734019676,16.686364651804713,2.807860084736952
B0045,39,15,4.0,5353.094,0.7824128169919247,0.39120640849596233,End_of_Life,3.3771129586319466,1.9723902186883997,4.189116912804917,0.41210253018594595,-0.6180221346577055,-1.010914036070883,0.002216827868786958,0.488987024062316,9.21860683892004,5.015412655584477,16.527315358470222,2.763978003175536
B0045,41,16,4.0,5280.031,0.7649414992231182,0.3824707496115591,End_of_Life,3.382104218416538,1.9760075772645442,4.189394418073402,0.41002837132421227,-0.6121745879630046,-1.008249683063318,0.0007779012462240868,0.4903346232502337,9.194130154197088,4.7446632057171785,16.325076195754107,2.7388424066505217
B0045,43,17,4.0,5248.593,0.7544899426779375,0.3772449713389687,End_of_Life,3.3859954600090036,1.9786838559411906,4.189251613691141,0.4091191055981716,-0.6064321892488668,-1.0084247134366529,0.0025472189567085405,0.49165889192459655,9.188267060937262,5.004981026646194,16.18780234880546,2.721197203135184
B0045,45,18,4.0,5203.375,0.7504048978314295,0.37520244891571475,End_of_Life,3.3830345538672018,1.9866467601774969,4.18999236240837,0.40845658905679433,-0.606399621992695,-1.007946613751651,0.002000074094009827,0.49178677014533234,9.211910760834266,5.027203513281529,16.54868871782283,2.7700981410251804
B0045,49,19,4.0,5166.812,0.7407258109620256,0.3703629054810128,End_of_Life,3.37881379914347,1.9915335628511552,4.165973150657214,0.4060283053107908,-0.6022530715841198,-1.0076971244709267,0.0021407378575631153,0.4924954357800679,9.156857409395572,5.338616424922742,15.893386512216575,2.6538741181496257
B0045,51,20,4.0,2384.094,0.0,0.0,End_of_Life,3.406714657706338,2.942421777794815,4.1894414322262765,0.24175487363253112,-0.9941901888810813,-1.0079890306492827,0.0006807274717778113,0.10689457436018249,8.86575510454971,5.143494609537566,11.62448622814209,1.5680070161521196
B0045,53,21,4.0,5340.281,0.7308525593793626,0.3654262796896813,End_of_Life,3.389059266953009,1.9935644864605024,4.195641973763218,0.4195637021739833,-0.5861859230293525,-1.0082380238297786,0.0031552043724057464,0.4954617982164089,9.104538013834128,4.8642750500555865,16.273556126855052,2.7891257506959946
B0045,55,22,4.0,5103.0,0.7287255851177903,0.36436279255889514,End_of_Life,3.3783919657677495,1.9937078109097683,4.189381114418313,0.4122571167675055,-0.6037251705699037,-1.008015294958034,0.0035803388253716297,0.4922168714724633,9.196243634400288,4.9159272869489135,16.57769275391533,2.7468018706821566
B0045,57,23,4.0,5051.172,0.7161023377036263,0.35805116885181315,End_of_Life,3.3779346242690615,1.9840988185168291,4.189726548094093,0.4158258492933414,-0.6039804007945985,-1.0101830059414636,0.0020661172668500526,0.4922554532013928,9.224293881462565,5.071552406744067,16.451931737613187,2.740434045357905
B0045,61,24,4.0,5027.563,0.7129204834988017,0.35646024174940083,End_of_Life,3.3727225247575885,1.9818309446595743,4.166289777836687,0.4124764973030112,-0.6017545658130975,-1.0094830851519123,0.0033448013063438584,0.49268252065995893,9.239291915944644,5.1979112173277136,16.660404158556567,2.7468114358245015
B0045,63,25,4.0,4993.765,0.7141991829499618,0.3570995914749809,End_of_Life,3.3807359604288414,1.9984963466197732,4.189756191273931,0.410623352090995,-0.6038091172028306,-1.009270147494984,0.002386372493393292,0.4922624959793883,9.220514425854448,4.98482370963009,16.192781213892964,2.7198002605942784
B0045,65,26,4.0,4962.469,0.7190570819844222,0.3595285409922111,End_of_Life,3.3889133424072204,1.9886589228929203,4.1890449974281685,0.399152100824586,-0.600482943767555,-1.0108313950708208,0.018424300003305784,0.49293990141014526,9.140591023627803,5.406795579971276,14.742856005940368,2.5250021430694405
B0045,67,27,4.0,4907.859,0.7173975428775917,0.35869877143879586,End_of_Life,3.3855430731736647,1.9836644140733661,4.189274783071479,0.4005606692330707,-0.6033075067931543,-1.0080797400452108,0.002632956458522413,0.49233270795178635,9.05273466167465,5.457478278465312,14.693521549329,2.549981190454562
B0045,69,28,4.0,4888.656,0.7071027496463946,0.3535513748231973,End_of_Life,3.3756882564741844,1.9705703151314151,4.189518201774546,0.41293021360063115,-0.6065620900458145,-1.008906381541965,0.0031568899849536165,0.4915839625149346,9.311519157220646,4.700009468829889,15.86983818237976,2.663189590472588
B0045,73,29,4.0,4866.25,0.703531206505542,0.351765603252771,End_of_Life,3.37794278508875,1.971779249329659,4.166301702021804,0.4040235589370315,-0.601440239072105,-1.0084556602023516,0.0025149295410125624,0.49264958503124523,9.167853966731156,5.581574891645234,14.829662137922766,2.5650480445372694
B0045,75,30,4.0,4836.125,0.6941108278958862,0.3470554139479431,End_of_Life,3.373558298075209,1.9938420365930107,4.19002918934191,0.4152537030221347,-0.6098007335968902,-1.00994980914745,0.01039401459756542,0.4907888490698481,9.287848514483294,5.088650234901636,15.906462051621897,2.6313040288481173
B0045,77,31,4.0,4801.485,0.6914114388869608,0.3457057194434804,End_of_Life,3.368742642573582,1.9993629637641337,4.1895524054233135,0.4164636746020461,-0.6120661413012832,-1.0082413706235676,0.002736924726620858,0.49040268953106897,9.322184761530549,5.188896690434667,16.353770501511462,2.68499458389965
B0045,79,32,4.0,4760.938,0.6971551798505504,0.3485775899252752,End_of_Life,3.3718000664169727,1.9932756058141663,4.189008492340535,0.40647557295300696,-0.613282907094379,-1.0081786693703223,0.0022824989831722532,0.4900523274579309,9.289681276195049,5.650412172652616,15.076528277493722,2.572054650479302
B0045,81,33,4.0,4740.907,0.6832460217432723,0.34162301087163616,End_of_Life,3.366360304166582,1.9801057444800894,4.189696962609597,0.4193001878532025,-0.6139518980958842,-1.0080303326541913,0.0017200644756042193,0.48993322368202613,9.365909184464234,5.287965466922043,16.045850353764667,2.6294598144616548
B0045,85,34,4.0,4914.532,0.6822029317493292,0.3411014658746646,End_of_Life,3.342277843498783,1.9944009127947364,4.0900107068393625,0.42221338916105466,-0.6004805193877815,-1.0082541248682169,0.003281968818594005,0.4928693970102708,9.328022708662925,4.942094376566913,16.24823467681854,2.8142727716486364
B0045,89,35,4.0,4998.656,0.7289529213213379,0.36447646066066897,End_of_Life,3.3722684174392836,1.9913126738513702,4.166284738890519,0.4168976828857538,-0.6129419979147948,-1.0086099504503174,0.004058479216629877,0.4902047605441923,9.373114023056761,5.6932338898796315,15.761879553141288,2.60100868510782
B0045,91,36,4.0,4890.015,0.7139321758287004,0.3569660879143502,End_of_Life,3.357634548884028,1.9818085465777886,4.188598948796885,0.42399584720889455,-0.6242152942509949,-1.0089146761829488,0.009545354715325544,0.4874545741252204,9.306835708093752,5.129758964594842,16.349393593197068,2.7353922283584806
B0045,93,37,4.0,4842.11,0.6957731747455482,0.3478865873727741,End_of_Life,3.3697954619483568,1.999993313622792,4.188722662834883,0.42055358082005717,-0.6139171694764338,-1.011018341220977,0.010540829141181507,0.49004787906561065,9.339526786032339,5.18038207935593,16.22246271510604,2.6881940401739683
B0045,95,38,4.0,4798.281,0.7018312962317095,0.35091564811585474,End_of_Life,3.3766733742445987,1.9746595802941598,4.188679542275547,0.41051357014573464,-0.6092419901647167,-1.0088132806643768,0.002992440503063521,0.4910075886950892,9.1327535688995,5.616337738486589,14.780023826016944,2.550749287593044
B0045,97,39,4.0,4739.188,0.6911808244378487,0.34559041221892434,End_of_Life,3.356692310359256,1.978180955008712,4.1894790557667125,0.42416674488782047,-0.6214369612467493,-1.0088474838548318,0.002947389086217655,0.48832500778595767,9.343849839453913,5.352356776006934,16.357147782799643,2.685502783092167
B0045,101,40,4.0,4733.156,0.6843279752855028,0.3421639876427514,End_of_Life,3.3716599583869122,1.9845097801200726,4.165443751495042,0.4138661949104426,-0.6049628311237817,-1.00822558167956,0.0014227153872084996,0.49186468886614965,9.257582649630315,5.484226728487067,15.304013119865168,2.5752024984974864
B0045,103,41,4.0,4670.61,0.6741394908812485,0.33706974544062424,End_of_Life,3.358461612325261,1.9921664972023339,4.189848639216605,0.42639024124118863,-0.6206388175561791,-1.0089040108456189,0.0021258981792014165,0.4884339954960558,9.38425161776499,5.051290656121544,16.298057069520368,2.691973958294032
B0045,105,42,4.0,4635.0,0.6670070174301739,0.33350350871508694,End_of_Life,3.3733153872943236,1.9991203083414102,4.165425573897933,0.411931533314803,-0.6013875939812509,-1.008891006761111,0.004589010015651776,0.49262821396889,9.144982402264807,5.023617145016327,15.088230300481198,2.544527713252722
B0045,107,43,4.0,4615.86,0.6804085117374855,0.34020425586874276,End_of_Life,3.367632771675607,1.9790832878431535,4.188987638858462,0.41657832601534267,-0.6146269558442435,-1.0086883164534273,0.0020919769192902444,0.4897505261408963,9.26257479341655,4.7853237874120325,15.201775291002932,2.5944575511165393
B0045,109,44,4.0,4580.75,0.6617864063235485,0.33089320316177423,End_of_Life,3.363321307304569,1.9986367632788742,4.1895804149451985,0.4222729536245531,-0.6171094630530605,-1.0081099375956661,0.002338461356783473,0.4893489672784754,9.40011028670591,5.145260978678159,15.820509282900385,2.6262915823067567
B0045,113,45,4.0,4557.406,0.6623168733492338,0.3311584366746169,End_of_Life,3.346491714827562,1.9713723245890473,4.16611714089707,0.4221435781355467,-0.6209228615247188,-1.0087699262516547,0.0033870767217086184,0.48840341449141106,9.419332811255558,5.414586868646065,15.58071439830652,2.708851017905638
B0045,115,46,4.0,4524.0320000000065,0.6679358357181778,0.3339679178590889,End_of_Life,3.3599039237162853,1.9843056004522797,4.188826402459722,0.41362887374946794,-0.6204303388657686,-1.0089150089693268,0.0015290868504890403,0.488546874483951,9.207828068558017,4.494946059979075,14.525034072927795,2.6491933363924365
B0045,117,47,4.0,4502.938,0.6488990885270688,0.3244495442635344,End_of_Life,3.349639562276425,1.9946795397137125,4.189296725569063,0.43047217671665805,-0.6244948594173986,-1.0103825696902464,0.006873978324763291,0.48737805939480133,9.478974220669317,5.775840750277868,16.256345838594637,2.659137348431274
B0045,119,48,4.0,4483.094,0.6503639129625527,0.32518195648127635,End_of_Life,3.352423027875088,1.9789936656967484,4.189791506946971,0.42948921748226,-0.6219881914832105,-1.0083605532110593,0.004295149442280236,0.4879743523456259,9.37536325812961,5.3928509591669345,15.916519503570713,2.6515733922370854
B0045,121,49,4.0,4448.36,0.6572077690202801,0.32860388451014005,End_of_Life,3.3563090390508155,1.9690947658783289,4.189224626327275,0.4243089104106655,-0.6249048536030644,-1.0094489912636213,0.004123870836158107,0.4874170452799586,9.348977069227304,4.988915934654242,15.322696472607957,2.5643034198125805
B0045,125,50,4.0,4440.531,0.6363517458476216,0.3181758729238108,End_of_Life,3.340602870094091,1.9951107736579325,4.165757111360098,0.4318667144643051,-0.6235638134980177,-1.0088647594062352,0.0038883550610247183,0.4877958772426371,9.539830147989116,5.114769498528213,16.435471374813734,2.709148318277686
B0045,127,51,4.0,4416.547,0.6536449360948587,0.32682246804742937,End_of_Life,3.348511229053965,1.965197509539028,4.188761935596181,0.4215414528368804,-0.627718646983615,-1.0085879672096902,0.0035221405764743396,0.4866614555193994,9.436879605277216,5.430200345032197,14.752873057453401,2.6025747858474753
B0045,129,52,4.0,4382.937,0.6391428272150887,0.3195714136075444,End_of_Life,3.3328844784891074,1.9820270227741772,4.188802708146619,0.43473899515488995,-0.6340722598435242,-1.0081206341074493,0.0008969412858814422,0.48488412192705393,9.4879310296259,5.217345346861528,16.57328291132994,2.7476623457765417
B0045,131,53,4.0,4347.453,0.6482206049496236,0.3241103024748118,End_of_Life,3.3518219079975298,1.9731005832473114,4.18882331762149,0.41820342712286684,-0.626972097350462,-1.012324540932804,0.002349464663607201,0.4868313640301289,9.300314416191522,4.820308282507962,14.528444176948046,2.579916102611295
B0045,133,54,4.0,3581.188,0.6287957471922729,0.31439787359613647,End_of_Life,3.268327350028982,1.9974420919351863,4.189363830091343,0.44051873135303093,-0.7596521990041524,-1.0095045117473536,0.0019845153705322113,0.43203770053968205,10.07602230197817,5.555842296822165,15.828293567742275,2.470649447336814
B0045,137,55,4.0,4746.5,0.6380571850193401,0.31902859250967003,End_of_Life,3.3368580984170784,1.9759474231215746,4.087899947377259,0.42539364389148215,-0.5857626315966499,-1.0083299001575527,0.0031132594070846236,0.49551690280609645,9.254842453288928,4.279272155722539,15.050939348149981,2.8907308664633766
B0045,141,56,4.0,4679.156,0.6554825047832906,0.3277412523916453,End_of_Life,3.339305489603821,1.9944210992064382,4.164689190245494,0.44360092473166657,-0.6234849422351091,-1.0094473741371575,0.0028084398017307896,0.4878056565108834,9.58411609363967,5.479087801896632,16.878888140585346,2.839863433467297
B0045,143,57,4.0,4596.578,0.6484934835397033,0.32424674176985163,End_of_Life,3.339570448565296,1.972391693643957,4.1883794105875705,0.44580086790729995,-0.625755737381111,-1.0100876092585305,0.001177446130937781,0.4872392357158205,9.566905713744635,4.885873307985874,16.752865016509336,2.794371784948531
B0045,145,58,4.0,4544.641,0.6454071687844921,0.32270358439224606,End_of_Life,3.3451677206996573,1.9932621672542286,4.188367290905127,0.4393089186050154,-0.6206303941303277,-1.0110407655502038,0.00823712481579638,0.4886410388334237,9.486246140892044,5.272131134132025,16.630725230629476,2.748601966606968
B0045,147,59,4.0,4526.938,0.6427008031845645,0.32135040159228223,End_of_Life,3.3544794166161487,1.9848873247448806,4.189241965038727,0.4308280846348997,-0.6149058946531849,-1.0078016297171766,0.002600814535480193,0.48976691791138827,9.492943245052498,5.9010898814107975,15.270710849004713,2.544810179329354
B0045,149,60,4.0,4487.438,0.6352454880802477,0.31762274404012386,End_of_Life,3.3411905698302573,1.9683654551310577,4.189229122156955,0.441027346309686,-0.6208754134190153,-1.0081100082305772,0.003492204030412119,0.4884008090812042,9.621291466671478,5.633058471184682,16.438070093673065,2.6550770189568564
B0045,153,61,4.0,4513.312,0.6156760019587869,0.30783800097939346,End_of_Life,3.3372444928972818,1.9924043536128275,4.106243161598799,0.4351483328425604,-0.5953707956325988,-1.009973121232977,0.005214365727727677,0.4937010114900618,9.480811280043975,5.365328226262061,15.659914658719188,2.668706720576031
B0045,157,62,4.0,4568.438,0.6170833682807023,0.30854168414035116,End_of_Life,3.3510332188429146,1.9776141524479487,4.132596928052376,0.4314445351721339,-0.5897510821772118,-1.0110530492189724,0.0036321606387848507,0.49476665047604446,9.448949676434,6.081544292944806,15.265721279585906,2.5887085007471473
B0045,159,63,4.0,4499.656,0.6434227390858672,0.3217113695429336,End_of_Life,3.3573066817086326,1.996982635601323,4.18912672162077,0.43243595684153674,-0.612901822920554,-1.0077262022738762,0.003375869921123673,0.4902168648146,9.522656892771677,6.009906260900299,15.459947276103474,2.519195217292027
B0045,161,64,4.0,4430.984,0.6278124433742752,0.3139062216871376,End_of_Life,3.3367004271481884,1.9822999400765693,4.1893708877050795,0.44586633305242196,-0.6232202673264152,-1.0088787623235531,0.006744326671938432,0.4878683025512171,9.570096566546104,5.7227062450674495,16.472719613709117,2.653406184068177
B0045,163,65,4.0,4411.141,0.6290078315253372,0.3145039157626686,End_of_Life,3.3507625069372007,1.9703495135592828,4.189359078886884,0.4363658847129575,-0.6137007803105949,-1.0075105897625538,0.0021298336691764393,0.4899495025676609,9.488568418373822,6.169835162439899,15.321947787344948,2.527085954572064
B0045,165,66,4.0,1991.531,0.0,0.0,End_of_Life,3.3925513327274577,2.9329708174243927,4.1893540752465075,0.2529457255211169,-0.9901523172837655,-1.00811996758102,-0.0018274013940157159,0.1230448800545419,8.948370017570232,5.486283891639476,11.709111497619928,1.5453416824274517
B0045,169,67,4.0,4883.312,0.6266355568292261,0.31331777841461306,End_of_Life,3.3452602996349197,1.980504790064301,4.107093365455889,0.4386949639606151,-0.5721341781091527,-1.0068312874472778,0.0039482056686982,0.49743233378333473,9.378195494421618,5.348555992924947,15.469187485474004,2.7516700116159587
B0045,173,68,4.0,4663.907,0.6495813516716594,0.3247906758358297,End_of_Life,3.3478192813331984,1.9754246490329654,4.165486716481237,0.4468777181665032,-0.6067408181545574,-1.0077613985685372,0.0029679009691201304,0.4912123891424891,9.495184531517388,5.255177956389292,15.90915813248566,2.6460997769546704
B0045,175,69,4.0,4581.328,0.6337485177966306,0.3168742588983153,End_of_Life,3.3500352436555985,1.9843068510361204,4.189250217496488,0.4490587941202833,-0.6091205801279866,-1.007878767792016,0.000710860066328243,0.4909475346893864,9.474914433741436,5.332532870824014,16.128312311530546,2.70809147223716
B0045,177,70,4.0,4553.031,0.6298550929085645,0.3149275464542822,End_of_Life,3.3590566596536764,1.9881721268958945,4.189075663187289,0.4422843518469912,-0.5996804433722752,-1.0110523170001116,0.002906548386898504,0.4931125308328202,9.411639640493867,5.61701952738491,15.803292200329722,2.622232182322149
B0045,179,71,4.0,4486.5,0.6183063778386736,0.3091531889193368,End_of_Life,3.3495911750877263,1.9809529177782506,4.189728966453982,0.4435071876936871,-0.6062605227298314,-1.0093503038300253,0.008044070286859193,0.49147247381806386,9.476832839675836,5.8968653321207025,15.46350630780127,2.6097312701810664
B0045,181,72,4.0,4450.625,0.6069476168507777,0.30347380842538885,End_of_Life,3.3462597198775272,1.9697892783360584,4.189240671585531,0.4509930875675443,-0.6055249640579493,-1.0077970558442526,0.0031363187482987167,0.4917774835919107,9.49822266009937,5.311300686907359,16.26952559815265,2.719621872918208
B0046,1,1,4.0,6436.141,1.7282392323598248,0.8641196161799124,Healthy,3.4409645322869102,2.1792997733612083,4.23781853684158,0.33232746015937215,-1.0031661082518326,-1.01435518394686,-0.002134930952066408,0.06407345776861419,9.035891964302168,5.500728456163389,13.880080551261507,1.7857483951526454
B0046,5,2,4.0,5650.265,1.5161488467923143,0.7580744233961572,Warning,3.4252545586780085,2.1744736968146285,4.162338775528476,0.3240382986311047,-1.0024459582241103,-1.0149368694391114,-0.0003168659044778936,0.06858748141526728,8.872109574065124,5.60506560391164,12.941526372487642,1.672891571055152
B0046,7,3,4.0,5590.907,1.503121190703977,0.7515605953519885,Warning,3.425904453303529,2.195666899317151,4.180873304847234,0.32557649993219817,-1.0023572232862559,-1.0140769923503719,0.0006451612201280825,0.06901069925614796,8.6284456728549,5.369303069222244,13.359691095670462,1.8071380565871473
B0046,9,4,4.0,5543.61,1.48586566102824,0.74293283051412,Warning,3.423608435843718,2.1796283675041006,4.182266567788393,0.32782789410967744,-1.0022919216677797,-1.0139326738131618,-0.0009026708261391236,0.06937786567195105,8.63136091760955,4.784514691777849,12.683911154117249,1.7750318379403627
B0046,11,5,4.0,5499.046,1.4694562316392716,0.7347281158196358,Warning,3.4211455348547464,2.1952581561866973,4.180656549578995,0.3296615665498401,-1.0022939530561292,-1.0141216340191552,-0.00030921322865974356,0.06969389982223284,8.67696820980418,5.0598723280079385,13.065399804685724,1.7083248273356437
B0046,13,6,4.0,5461.219,1.4589554592644807,0.7294777296322403,Warning,3.418211640329191,2.1940346005371705,4.180899052149243,0.3296981689014063,-1.002437745381024,-1.0146327995843631,-0.0016946404892597652,0.06997292040717905,8.714755394110101,5.286624165247708,12.802479603911387,1.7823871548717962
B0046,17,7,4.0,5451.281,1.4556853555098295,0.7278426777549147,Warning,3.3913871477101263,2.1978529182010296,4.121126965024616,0.3222078627624074,-1.0021665244093547,-1.0146720016504303,0.001219661244884681,0.0702596518477059,8.941517894800649,4.540712414173866,13.585554405586658,1.9341395692121337
B0046,21,8,4.0,5468.062,1.456232262380321,0.7281161311901605,Warning,3.405195390316552,2.190965071547283,4.158094572470294,0.3337396410833955,-1.002235007588667,-1.0150359928774078,1.863439523670589e-06,0.07022498876282672,8.956808204433374,5.499201106644663,13.94301293338268,1.74874177192058
B0046,23,9,4.0,5411.297,1.4440592236675138,0.7220296118337569,Warning,3.408987597578302,2.1866396618663058,4.180141305155931,0.3347838829374165,-1.0021923537852624,-1.0152062278681104,-0.0003551370183381665,0.07060791129977599,8.857079944726477,5.067882431329782,13.134169173843693,1.7871708772579353
B0046,25,10,4.0,5369.703,1.428294264765868,0.714147132382934,Warning,3.405344636824463,2.183328288428697,4.179370029585307,0.33859194934471304,-1.002036442615774,-1.0155359732475864,-0.0019081565659768097,0.0708829132744265,8.951187295260016,5.843976657040264,14.086951683642923,1.7906043513639591
B0046,27,11,4.0,5327.406,1.4199848948034668,0.7099924474017334,Warning,3.4032461605763142,2.169516718963703,4.178701514525068,0.33825236102665535,-1.0019449254309927,-1.0142040713603584,-0.0016858857505832202,0.07129200319860898,8.966158040889411,5.01792596363546,13.314723048488913,1.8060601532498715
B0046,29,12,4.0,5299.266,1.4043226018516568,0.7021613009258284,Warning,3.3967709514446076,2.1506636217123933,4.178686122362143,0.3444375115603829,-1.0019368953910395,-1.0140802271588931,-0.0015827464254789514,0.07153298384314213,8.972930848723113,5.8031849716171715,14.173291675329546,1.7758182829606313
B0046,33,13,4.0,5367.172,1.4234351301615986,0.7117175650807993,Warning,3.372196461428764,2.1813781395662764,4.104216707532647,0.32618959818634646,-1.0020744940471753,-1.0152535112311678,-0.002452303033224444,0.07115915122164963,9.032800036514974,4.922953322476231,13.959348125513564,1.9937188638969612
B0046,37,14,4.0,5406.812,1.4339948857967295,0.7169974428983648,Warning,3.3962096829403037,2.1971149516601716,4.155511867054,0.3354824349037891,-1.0019365649129635,-1.0150882170381768,-0.0010990951095201597,0.07099489495574868,8.8666091485246,4.662332130765019,13.523198161538613,1.840249086145009
B0046,39,15,4.0,5353.094,1.4185177047756572,0.7092588523878286,Warning,3.3989726713804767,2.157995006136477,4.17891702072451,0.34277945366449597,-1.0017349404979956,-1.0138597436043137,-0.0004694932106597825,0.07154140825109408,8.91721938287038,4.948794491271015,13.750234723504356,1.8415229710460208
B0046,41,16,4.0,5280.031,1.4056313337829422,0.7028156668914711,Warning,3.39769311615204,2.198419108542039,4.178285871350945,0.33873781327021807,-1.001588196535767,-1.0144360732666853,0.0005755292151167822,0.07211743272575673,8.923958703020183,4.74356272386552,13.400973711086477,1.8697936767390662
B0046,43,17,4.0,5248.593,1.3890214025155618,0.6945107012577809,End_of_Life,3.3923860221630204,2.151164339585934,4.1780747638293185,0.34463156005118034,-1.0016469274447983,-1.0142612945959941,0.003046516548076153,0.07245757927642106,8.991317663963024,5.025686774194673,13.648707282364962,1.857894925035853
B0046,45,18,4.0,5203.375,1.3723339082737365,0.6861669541368682,End_of_Life,3.387564802409393,2.152208745567858,4.177918597629585,0.347537740041608,-1.0017210974492488,-1.014489076885478,-0.0010481100245803275,0.07272619337844462,9.016720196858454,5.087697171800642,13.959820884900516,1.8290522818169372
B0046,49,19,4.0,5166.812,1.3615778905990565,0.6807889452995283,End_of_Life,3.3755889260430436,2.165968185309718,4.151019587024004,0.3454299517233836,-1.0015714385037338,-1.0134987135278009,-0.001227838941741675,0.07315982263516758,8.999593683204715,5.661478093560933,14.349640095291218,1.8660032366666237
B0046,51,20,4.0,2384.094,0.0,0.0,End_of_Life,3.651052971550194,3.4709356617126152,4.177351418157289,0.1368840784195717,-0.9957188795918821,-1.0096726635247664,-0.0017014983221299263,0.10685512547453854,7.549065028670864,5.132366144065269,8.96387999471909,0.8846385241671951
B0046,53,21,4.0,5340.281,1.4100282016237429,0.7050141008118714,Warning,3.3771442240108183,2.199378116446157,4.178852366259435,0.3471988973924628,-1.0017131896387046,-1.0137238066475507,-0.0008132941108328481,0.07202149127811634,9.073580268946476,5.0202014297824205,13.720010432160603,1.8984179456160217
B0046,55,22,4.0,5103.0,1.3395671374926488,0.6697835687463244,End_of_Life,3.3739069772216053,2.1709534591124666,4.177296277706522,0.3515723712524985,-1.0014759387718013,-1.0133151573794765,-0.0002644100073359851,0.07374779784012316,9.035703497783533,5.742878333760452,14.214578668306734,1.8155150794725923
B0046,57,23,4.0,5051.172,1.3291515487117478,0.6645757743558739,End_of_Life,3.3730377771688125,2.1705625280743464,4.176859724330072,0.34915371013625646,-1.001751590105337,-1.0145892320656984,-0.0011858410030944927,0.07422699920764324,9.0428494070086,5.4401284420509874,13.7206185074268,1.8434248951112466
B0046,61,24,4.0,5027.563,1.3181687033905718,0.6590843516952859,End_of_Life,3.361814920655554,2.1762627754763426,4.148811503971785,0.34836235373699836,-1.0013919768296455,-1.0138523081003579,-0.0002403126979947456,0.07454412264370573,9.103478864398264,5.450700875673206,14.307049577086083,1.8524947532324576
B0046,63,25,4.0,4993.765,1.312423708466101,0.6562118542330505,End_of_Life,3.36759601245628,2.16031962283908,4.17607839536505,0.35039753354392483,-1.0012785845104526,-1.0149029063735249,-0.0007938134828941689,0.07479096762269463,9.08626820310501,5.306184400117354,13.73206507015365,1.876803730735365
B0046,65,26,4.0,4962.469,1.2993237532162487,0.6496618766081244,End_of_Life,3.3619567307164724,2.1449047324556036,4.175479903911147,0.3558298131162476,-1.0011100184599881,-1.0129489271534275,-0.0004843385971355234,0.0751181023601137,9.113491912356011,6.042016495459646,14.550153842364988,1.8796290561153122
B0046,67,27,4.0,4907.859,1.2877483042174591,0.6438741521087296,End_of_Life,3.360770876263507,2.196218583907234,4.175276949812811,0.3507027692758381,-1.0010016783342917,-1.013842187549723,-0.0018298264369051654,0.07550861177236079,8.977476169539525,5.153760692771678,14.437029519118854,1.9828452523918954
B0046,69,28,4.0,4888.656,1.2865282739749122,0.6432641369874561,End_of_Life,3.3581255157395584,2.1691838412748474,4.175506752243359,0.35089478259800383,-1.0011852000845294,-1.0136988771283435,-0.0005833386279632395,0.07582102622657116,9.205520238536876,4.682778319876364,14.364000921258654,2.076349689460274
B0046,73,29,4.0,4866.25,1.2719636386987183,0.6359818193493592,End_of_Life,3.347714666699619,2.1947559967284405,4.145965438635247,0.3491445701376315,-1.0010003485675925,-1.014252701339216,0.0001827346966842105,0.07604406631869383,9.14555330973735,5.69978955016522,14.693349843683665,1.9848581433436514
B0046,75,30,4.0,4836.125,1.2714495345417192,0.6357247672708596,End_of_Life,3.353800882166825,2.1877179876194033,4.174989626740224,0.34999076900655496,-1.0010290829534054,-1.0140278357417702,-0.0010479100590296711,0.07633470691042868,9.111354213090989,5.173813834388308,14.058016587648103,2.0126255676778837
B0046,77,31,4.0,4801.485,1.2615423884659074,0.6307711942329537,End_of_Life,3.350657273692142,2.1508230766314127,4.175655686812431,0.35468453445011466,-1.0009585460015413,-1.0134629302760532,-0.0006032700585345689,0.0766594704309302,9.163824507961877,5.580480841079329,13.779152574880365,1.9111174774130442
B0046,79,32,4.0,4760.938,1.2421201619204132,0.6210600809602066,End_of_Life,3.349047830330531,2.190167787518222,4.174757798171361,0.3542335819797706,-1.0009004370775454,-1.014033434715715,-0.0010516016356776643,0.07714527631142737,9.165326915001913,6.071252419449891,14.383739114376208,1.915585040546853
B0046,81,33,4.0,4740.907,1.2402537441669796,0.6201268720834898,End_of_Life,3.3446343037059103,2.18851427579806,4.175734259626989,0.3546864709704731,-1.0008534371371294,-1.014031038623518,0.0011973189996783993,0.0773762050967187,9.179753755489338,5.2806981759694755,14.589504036127655,2.037174496179128
B0046,85,34,4.0,4914.532,1.2851130012242886,0.6425565006121443,End_of_Life,3.3205030122204913,2.1637485824862837,4.087128849753504,0.3411515185635458,-1.0011746350209894,-1.01490431160623,-0.0001242568088140868,0.07618646797837002,9.27415763140438,4.887740323811735,13.891154624298235,2.1026533452660656
B0046,89,35,4.0,4998.656,1.3043327841699193,0.6521663920849596,End_of_Life,3.349264182688189,2.153820870810703,4.1471218794503475,0.3542577553777758,-1.0011690143333176,-1.0140051761194067,-0.0010340594408193003,0.07549293913937094,9.271981913108279,5.91413530117764,14.673096336965486,2.04906532649199
B0046,91,36,4.0,4890.015,1.2778639041619957,0.6389319520809978,End_of_Life,3.3574536928825296,2.1856873619664867,4.17500990248918,0.35392154482926447,-1.0009996740645901,-1.0138060897113894,-0.000911133639197344,0.07632639707367735,9.033984664610193,5.96092810450143,13.896967367053858,1.890863884899757
B0046,93,37,4.0,4842.11,1.2723464591651539,0.6361732295825769,End_of_Life,3.3535254761184166,2.1586585951828057,4.175207914830006,0.3547163385613316,-1.0008611138640544,-1.0150239115464577,-0.0016567091012152965,0.07675475520141557,9.172120651818531,5.371461580732384,13.908543615362126,1.999394923325769
B0046,95,38,4.0,4798.281,1.2477883952768762,0.6238941976384381,End_of_Life,3.347073227310051,2.1497344671215517,4.174827125492382,0.36003418488043387,-1.000811467966266,-1.014982845931098,-0.0011668323634643032,0.07719073587862811,9.093365400458568,5.393394316960078,14.617560660341365,2.024203726313366
B0046,97,39,4.0,4739.188,1.2352499196655526,0.6176249598327763,End_of_Life,3.348504626898048,2.180494984747436,4.1748101416565255,0.3565937571742071,-1.000971558605881,-1.0139301973708983,-0.0018473709076660652,0.0777401678302199,9.119927887302934,5.794527318181999,14.288124170416687,1.924744849616388
B0046,101,40,4.0,4733.156,1.229251291851949,0.6146256459259745,End_of_Life,3.332816913331474,2.1583931144361963,4.144890688492612,0.3577440370638567,-1.0007926094103774,-1.013587060727205,-0.001256770929404264,0.07791513996961526,9.185345552194319,5.253901906691608,14.875868929885128,2.054836998733411
B0046,103,41,4.0,4670.61,1.223890910501634,0.611945455250817,End_of_Life,3.343773088070051,2.1973084174346607,4.174530382960434,0.35301114494059443,-1.0006667122739987,-1.0133237853999735,-0.0014908924953573374,0.07842886857522477,9.156968538676207,5.61551685476947,13.880179808466218,1.9589930590596918
B0046,105,42,4.0,4635.0,1.205423323571373,0.6027116617856865,End_of_Life,3.33676988143417,2.1948349231295037,4.1743300924480256,0.3581167078199952,-1.0004434396725717,-1.0129735089678258,-0.0001828685567612302,0.0789164978401347,9.08775088318824,5.0002098383925935,14.631961684725407,2.0215971104628943
B0046,107,43,4.0,4615.86,1.1957824090008151,0.5978912045004076,End_of_Life,3.333058450714012,2.153169565361056,4.173688629517977,0.3620655963278742,-1.0004321685718414,-1.0140945273469484,-0.0014059183662915608,0.07912574228229922,9.184456763175827,4.759278495830699,14.768164211079867,2.0729029970952686
B0046,109,44,4.0,4580.75,1.1900729496698461,0.5950364748349231,End_of_Life,3.330716899309493,2.1789077465484965,4.174343502341572,0.36076542207230294,-1.0004986868063772,-1.0146645679773671,0.0004429185095396362,0.0796511201431181,9.215049403610458,5.149525989520556,15.037938036453403,2.0867362200406685
B0046,113,45,4.0,4557.406,1.179201763233652,0.589600881616826,End_of_Life,3.3218468956700393,2.16713614374112,4.14222437268915,0.35692298645985876,-1.000373674220122,-1.0135210185380688,0.00039752948778596373,0.0798321323753594,9.185331012909922,5.663909871142696,14.290141125898849,2.003829569165328
B0046,115,46,4.0,4524.0320000000065,1.169504032514554,0.584752016257277,End_of_Life,3.327359417043662,2.175632256591337,4.173393414123743,0.35978797674114443,-1.0001870072907715,-1.0128647179210617,-0.00027943060407198644,0.0801979522816562,9.046655941616262,4.409919284003476,13.996450231420782,2.0227183057156797
B0046,117,47,4.0,4502.938,1.16772376849918,0.58386188424959,End_of_Life,3.3259632346577273,2.1992835564527877,4.173536996898156,0.3592356725099358,-1.0001225394585929,-1.0135831957851476,-0.0006486693485850827,0.08042242704077104,9.26195924957788,5.761080260625401,14.935082428364883,2.09138909971099
B0046,119,48,4.0,4483.094,1.1579256145829042,0.5789628072914521,End_of_Life,3.322240958381916,2.176786994904175,4.174582549013794,0.36312314783425154,-1.0001481029921278,-1.0125088172166772,-0.001431639694947678,0.08061127299938986,9.252994157098664,5.394685631512769,14.99164974108056,2.061472547169968
B0046,121,49,4.0,4448.36,1.1499812813376982,0.5749906406688491,End_of_Life,3.325985699672719,2.1988382142547396,4.174588307825947,0.3599945124954451,-0.9999638117239763,-1.0140396121078876,0.0011618338723595354,0.08184940740015166,9.26310734626783,5.001649533206434,14.811846373564524,2.0664411982084756
B0046,125,50,4.0,4440.531,1.150285902223034,0.575142951111517,End_of_Life,3.3114789937571287,2.165246924019346,4.140409334076233,0.35618825635711365,-1.0003136352879307,-1.016160339741845,-0.00020934618970872452,0.0812016278894991,9.331127163327569,5.6790936483184975,14.247555903096723,2.0697591304506906
B0046,127,51,4.0,4416.547,1.1349452274085248,0.5674726137042624,End_of_Life,3.3170441017303047,2.1595222389378317,4.1724288341154105,0.3642671793472578,-1.0001598810351362,-1.0136323841516852,-0.0010349534985669023,0.08145426677802395,9.266824205941363,5.882589800119293,14.332240013732582,1.9591872002745687
B0046,129,52,4.0,4382.937,1.1380960963513609,0.5690480481756804,End_of_Life,3.314496922697215,2.1831972567411246,4.172310550176221,0.35902528866351713,-1.0002538884639347,-1.0151417452145364,-0.0004297533680132629,0.08183700858361591,9.20992133972331,5.70607291456078,14.276871638701772,2.1458524791890383
B0046,131,53,4.0,4347.453,1.123711172150547,0.5618555860752735,End_of_Life,3.315933995614132,2.191895759269081,4.1745648072291,0.3592864361520222,-1.0001281764463046,-1.0129399611534418,-0.0007365343314831497,0.08223855570993004,9.1721362476023,4.848055925778921,13.777310967702926,1.9961590011636077
B0046,133,54,4.0,3581.188,0.0,0.0,End_of_Life,3.4426193474976627,2.957668027855621,4.1730486061960095,0.22654309010347237,-0.9990527044797731,-1.014458126942988,-0.0016422367912475163,0.09033381791252552,8.57217147461004,5.537797928281438,11.441352869995514,1.3832680551680134
B0046,137,55,4.0,4746.5,1.214119211354098,0.607059605677049,End_of_Life,3.2963331961890048,2.1989086411312972,4.101731329888953,0.35491419416905207,-1.0007810921100906,-1.0136804581659815,0.00020266486500403313,0.0788971025731959,9.25834987796474,4.207894279260447,14.96165525093106,2.1708109605642374
B0046,141,56,4.0,4679.156,1.211944797522819,0.6059723987614095,End_of_Life,3.3205927834140843,2.1759612427269523,4.14324574268369,0.3609794393738016,-1.0005274848759138,-1.0138752417282513,-0.0016350840270743978,0.07949324375293584,9.311634785976043,5.478084527507487,14.622124863653873,2.118383562065381
B0046,143,57,4.0,4596.578,1.1971248679331923,0.5985624339665961,End_of_Life,3.3321448974569696,2.1740843812957524,4.174381858889519,0.36064374813605965,-1.0003494909916653,-1.0134453544249995,-0.0011502757291964286,0.08027044818026421,9.306501252940652,5.766281580897997,14.181162993443126,2.0421759435929774
B0046,145,58,4.0,4544.641,1.1822892151870987,0.5911446075935494,End_of_Life,3.3300589536831566,2.1699286892596934,4.173792780760516,0.36192951663404355,-1.0001304668043076,-1.0132265455749991,2.7256060250898507e-05,0.08071758569103583,9.361883663268088,6.004760162893874,13.989284902759552,1.97796693134985
B0046,147,59,4.0,4526.938,1.1645336676778397,0.5822668338389199,End_of_Life,3.326398154149516,2.15658205310809,4.174292933831419,0.3678841176963526,-0.9999751500715209,-1.0127770109447685,-0.0006714945253900445,0.0810515332474906,9.565977385225588,5.915029423059273,15.042601535042603,1.9892990423092576
B0046,149,60,4.0,4487.438,1.1535559567518647,0.5767779783759324,End_of_Life,3.324081152870965,2.159229413482601,4.174080626824366,0.36732409450287556,-1.0001108627417223,-1.0138936920010262,-0.00043297566900330967,0.08142925267707737,9.613253810213061,5.67699835260256,15.027421071078606,1.9892307142318142
B0046,153,61,4.0,4513.312,1.1601987101282065,0.5800993550641033,End_of_Life,3.2901896835135895,2.1981836512730997,4.089380393518967,0.35183803592025376,-0.9997380074680035,-1.0184755755177433,2.7940570327789576e-05,0.0812993883182785,9.659706152498446,6.096463757673844,14.577396723095212,2.1558649030733887
B0046,157,62,4.0,4568.438,1.1711716308206082,0.5855858154103041,End_of_Life,3.3123680120679446,2.172247401410494,4.142442473931475,0.36581506549606746,-0.999942885934547,-1.0139384129430251,-0.0006009137673257847,0.08093119762036177,9.660074492266734,6.043750449758176,15.36587842843583,2.1058765549860334
B0046,159,63,4.0,4499.656,1.1563410270783216,0.5781705135391608,End_of_Life,3.320267294029527,2.167855497701561,4.174041322689958,0.36904926735305477,-0.9999545027275712,-1.0134236160019647,-9.188842542528952e-05,0.08156381044327152,9.610732084606383,5.99587629562271,15.29268403662172,2.060919028817458
B0046,161,64,4.0,4430.984,1.141082456193516,0.570541228096758,End_of_Life,3.3220005581957603,2.197413864039741,4.174154842675988,0.3638478320634991,-0.9997765998111345,-1.012621804825029,-0.0017926120869063676,0.08218596269880508,9.509606751933422,5.723451619542152,14.698902260428524,1.9718815350945709
B0046,163,65,4.0,4411.141,1.1352383596118123,0.5676191798059061,End_of_Life,3.316995919062792,2.1808859045895868,4.173817719824036,0.3675697555818649,-0.9995908082297772,-1.0138097315277292,-0.0007793921950520503,0.08253616644055925,9.55376799961061,6.144973775318404,15.066788669768552,2.018984936535345
B0046,165,66,4.0,1991.531,0.0,0.0,End_of_Life,3.6155991581342013,3.4276877712777214,4.174508000036821,0.1437141387317121,-0.9914201446967897,-1.0091411483576724,-0.000899018350306399,0.12331389145468694,7.9488520188669245,5.505465509140455,9.413942588565497,0.9327248851034075
B0046,169,67,4.0,4883.312,1.2530847858282803,0.6265423929141402,End_of_Life,3.304824958917925,2.1634350552847827,4.122428601972404,0.36232589518218045,-0.9999417105324964,-1.0118756251887793,-0.0002592366156627036,0.07865923064170964,9.689325427035971,6.076388571807733,14.884443210062466,2.097922467374811
B0046,173,68,4.0,4663.907,1.2050453590356518,0.6025226795178259,End_of_Life,3.3235919579934095,2.1839323108066178,4.143823070139112,0.3623490442717308,-0.9998017376659812,-1.012656973957246,0.0015024551516464764,0.08058463065897223,9.54652406934783,6.196876383261514,14.454392118638458,2.032656772187091
B0046,175,69,4.0,4581.328,1.19119860196273,0.595599300981365,End_of_Life,3.3336764636844887,2.196284886273677,4.173823759594136,0.3617192117816279,-1.000249176467669,-1.0140280598156248,0.00032904816663015854,0.08141390417024366,9.486110245180768,5.3689616198379495,14.172939173239188,2.014600657481199
B0046,177,70,4.0,4553.031,1.17463817374538,0.58731908687269,End_of_Life,3.32512940887575,2.1526544597098902,4.174042864835579,0.3698193105366857,-1.0000755059089512,-1.0143271740416915,0.0003226122774269109,0.08160712736582584,9.528985199683015,5.574768582818901,14.797843662102167,2.0906892616556627
B0046,179,71,4.0,4486.5,1.1555432048235512,0.5777716024117756,End_of_Life,3.3265245824041667,2.1963314779954723,4.173923325104936,0.3660917892383615,-0.9996836231447859,-1.0135805482915095,-0.00017455068132652614,0.0822093031992574,9.519831150565885,6.176787099087437,14.86814851282613,1.9472397592492696
B0046,181,72,4.0,4450.625,1.1538041170229467,0.5769020585114734,End_of_Life,3.325662411014798,2.189500804437932,4.174510564064746,0.3629951732612294,-0.9996591394483646,-1.014505539753993,-0.0014301937849856227,0.08260493544791196,9.508632239069211,5.512487384505981,14.051631055988958,1.982043030426371
B0047,1,1,4.0,6436.141,1.6743047446975208,0.8371523723487604,Healthy,3.4752664759657903,2.4706118669327277,4.246764125510136,0.28433499707641363,-0.9527668403077523,-1.0011013482434699,0.0002523886105860831,0.20124197190332235,8.272422519178683,5.0080842944609065,12.376815880696887,1.453783057648066
B0047,5,2,4.0,5650.265,1.5243662105099023,0.7621831052549511,Warning,3.4765588189090355,2.477661652422805,4.186635709569866,0.2721771391260614,-0.9838885014038209,-0.9981417400029184,-0.0015358996096327838,0.10658325200189396,8.210715424489035,5.4549567195531115,11.314903320182367,1.2387148677454765
B0047,7,3,4.0,5590.907,1.5080762969973425,0.7540381484986712,Warning,3.4707669643372343,2.4707098734854784,4.199922751479228,0.2782061491833235,-0.9838892612061609,-1.0003069695936524,-0.0007456986626560674,0.10718817178967104,7.954455063989402,4.9221781193622345,11.624528187721145,1.4152104627183466
B0047,9,4,4.0,5543.61,1.4835577960067696,0.7417788980033848,Warning,3.4675514337042928,2.465457800547402,4.199568876812779,0.27808334092416015,-0.9789465319710104,-0.9982799264042614,0.0003032433409723881,0.12734717235771573,7.985864710265716,4.553269274801158,11.0929238810592,1.3765134444342424
B0047,11,5,4.0,5499.046,1.4671391666146525,0.7335695833073262,Warning,3.4628386272032645,2.465765118194009,4.1993968014662295,0.2822438487013008,-0.9762620303137102,-0.9986834889880237,0.000422011591452891,0.13660538733448188,8.009426990342208,4.826283158332467,11.020979145558455,1.3217596110991807
B0047,13,6,4.0,5461.219,1.448858156982267,0.7244290784911335,Warning,3.4591836330966035,2.4700482803033514,4.198907847432783,0.2805787826778443,-0.971168129982195,-1.0016128378277855,9.027841205808633e-07,0.15301517407145634,8.033626730077737,5.074450571014079,11.05909419348262,1.3591661687809755
B0047,17,7,4.0,5451.281,1.4458534180949325,0.7229267090474663,Warning,3.440865649757287,2.484128874181115,4.163303236325632,0.27683465141748076,-0.970933467028425,-0.9983585499996894,0.0009494056462554054,0.15342464945356454,8.150799939416203,4.135578398049189,11.877028657628198,1.5119045013973855
B0047,21,8,4.0,5468.062,1.431118266178283,0.7155591330891415,Warning,3.44810227661685,2.483034750266961,4.181797294694067,0.28290323875304185,-0.9610547420763002,-1.001368895703553,-0.000611161990235027,0.18050806944423764,8.230899786348077,5.292800359862219,11.559250858608888,1.3209744547635303
B0047,23,9,4.0,5411.297,1.4192745516578533,0.7096372758289267,Warning,3.4496654644975946,2.49830336362436,4.197837203348764,0.27977111975208924,-0.9582923588349711,-1.0008569581108415,-0.0013182019564115257,0.18771850959733913,8.146945225413083,4.779042205440951,11.34743713793976,1.3762753118274
B0047,25,10,4.0,5369.703,1.3999974221808271,0.6999987110904136,End_of_Life,3.4449123724079618,2.49851157426792,4.197777018222757,0.2850824520913082,-0.9553719838321842,-0.9983176454232489,-8.976016421710795e-06,0.1946897334358615,8.251894856354932,5.664182556239294,11.693269060729056,1.3495251212887043
B0047,27,11,4.0,5327.406,1.3885156686114437,0.6942578343057219,End_of_Life,3.441830864370845,2.4919375577484737,4.197306543877358,0.28221806463046634,-0.9527836491780217,-0.9987614170997863,-0.00025843776804272017,0.20136461004719336,8.23497518866995,4.636183279973251,11.557441727679935,1.4080615390183822
B0047,29,12,4.0,5299.266,1.3652234669528964,0.6826117334764482,End_of_Life,3.434468178084287,2.4683068422721184,4.19770091242359,0.29072594064998714,-0.949814677088373,-0.9997148821455012,-0.0008146601542771065,0.20753634887068964,8.269239827690175,5.589217205361708,11.667407771157471,1.3515926065298642
B0047,33,13,4.0,5367.172,1.4060442272970963,0.7030221136485482,Warning,3.430115214310407,2.479195639185483,4.1533796403143945,0.2731172062669594,-0.962374774611937,-0.997480494103194,0.0028748902917332016,0.17682201780683054,8.236583239584068,4.471510284837189,11.311016339650983,1.5394563290627712
B0047,37,14,4.0,5406.812,1.4057541613525781,0.7028770806762891,Warning,3.442078085056046,2.4933737831605582,4.1809212253928045,0.27902708249350994,-0.9528782892582865,-0.9986334774069276,-0.0005800539086706074,0.20051609910107937,8.16126508624072,4.257651735866639,11.175603921563273,1.4132538113349644
B0047,39,15,4.0,5353.094,1.3867662881727878,0.6933831440863939,End_of_Life,3.4424678812268277,2.4915713224709926,4.198049966629152,0.28251007358934205,-0.949763883381583,-0.9987804112417712,-0.0003116546335126342,0.20734894649892138,8.25301239256121,4.600686396248,11.15023736338702,1.4096147969417179
B0047,41,16,4.0,5280.031,1.3705053061420223,0.6852526530710111,End_of_Life,3.433855142547628,2.471859124111365,4.1976485673043396,0.28675476453100107,-0.9517106306260905,-0.9993894668560379,0.0017552546473027094,0.20339936422743216,8.291638340695691,4.266161089290105,11.81131136026599,1.503935634229976
B0047,43,17,4.0,5248.593,1.3497431114823601,0.6748715557411801,End_of_Life,3.4327517306039357,2.488914813470205,4.1969633661004995,0.2837963895568054,-0.9434304652541514,-0.9976329826755008,-0.0004111896147658927,0.22036136794575611,8.318107121376224,4.608224781334378,11.699803023226297,1.478801961090949
B0047,45,18,4.0,5203.375,1.3251533367939783,0.6625766683969891,End_of_Life,3.4273855541261473,2.4728525339367153,4.196227134476293,0.2878272123291579,-0.9400482502771171,-0.9979036135281563,0.0004097038227720459,0.2268732596162597,8.303021352537922,4.784737147270536,11.234017863419322,1.4062732920825805
B0047,49,19,4.0,5166.812,1.3111943869635805,0.6555971934817902,End_of_Life,3.4184685184601045,2.4822189935935484,4.176260352394772,0.28858687882320255,-0.9371553622323054,-0.9983031482652807,0.0020782269682447043,0.23315004234951897,8.32601397527908,5.473663110232025,11.729632241368254,1.4079811515920415
B0047,51,20,4.0,2384.094,0.0,0.0,End_of_Life,3.6507246573834036,3.452630071948054,4.195583212031605,0.14305538291215084,-0.9839651386620409,-0.9986297932484945,-0.0006654219607429016,0.10560412199592122,7.192903163731922,4.883778524929352,8.565277404002732,0.8669560869619308
B0047,53,21,4.0,5340.281,1.3394234405932892,0.6697117202966446,End_of_Life,3.4156755122328164,2.481264290061195,4.199835388165491,0.2913387097780892,-0.9234823229846594,-0.9989433150461876,0.0006870764093463485,0.25707702900308926,8.388106987601862,4.748318446282868,12.186162994585318,1.534862052875029
B0047,55,22,4.0,5103.0,1.2849157142560723,0.6424578571280362,End_of_Life,3.4189443106786306,2.487540187711501,4.195847527614419,0.2885981410630757,-0.9304720950574632,-0.9988068791837494,0.00028556011889476645,0.24459607106311154,8.304841644444155,5.506502298082729,11.147409475641334,1.355990395864389
B0047,57,23,4.0,5051.172,1.281719159327807,0.6408595796639035,End_of_Life,3.4147835574863517,2.4907582384317,4.195387366763826,0.2873263908738879,-0.9322821459755778,-0.9985415333431111,0.0006728455289218337,0.2413148982380613,8.319029412369582,5.165891185911349,11.681014963080823,1.440021956610382
B0047,61,24,4.0,5027.563,1.2600051642942829,0.6300025821471414,End_of_Life,3.409591730169167,2.4931638320699276,4.174064296873529,0.2864319849937852,-0.9267897523084677,-0.9978750591581058,-0.00018006067678885291,0.2514114263675573,8.40175592495139,5.265209753192886,11.29683746494969,1.3686964068048468
B0047,63,25,4.0,4993.765,1.266070385993126,0.633035192996563,End_of_Life,3.4076452403509663,2.479240941037315,4.1949588865165515,0.29056442416523226,-0.9316504925123938,-0.999192550425453,0.00037580940095473546,0.2428919464944617,8.395347720509115,5.042763463669986,11.88239860330653,1.4635715295171488
B0047,65,26,4.0,4962.469,1.2413590294280803,0.6206795147140401,End_of_Life,3.407201115194828,2.4915265338912347,4.194794488425212,0.29229417940297314,-0.9255669375549473,-0.9986749467627316,0.00045781097281417856,0.25322281976431993,8.419292173692186,5.772401422548551,11.79170575767619,1.4215331549150718
B0047,67,27,4.0,4907.859,1.2298873703485311,0.6149436851742656,End_of_Life,3.402851724115477,2.495727313119633,4.194210512385239,0.2916749413758398,-0.9273633082574367,-0.9974120790687706,0.0023220081628674482,0.2501628083170414,8.293327119939335,4.5960098938546174,11.726616039636879,1.5687506914712332
B0047,69,28,4.0,4888.656,1.228088614506696,0.614044307253348,End_of_Life,3.398740761774466,2.4979742120513753,4.19378669081209,0.29310708428014587,-0.9267828902753352,-1.0012611494596309,-2.2621404575421422e-05,0.2508187089018619,8.49190236531868,4.152158421868814,12.464631760563272,1.6734213287427282
B0047,73,29,4.0,4866.25,1.2139857189070042,0.6069928594535021,End_of_Life,3.3945066004903923,2.495109477398993,4.1718864589662426,0.290759535255161,-0.9236824517720293,-0.9975908962365797,0.0014853973830615361,0.25636041029447065,8.437149776270967,5.196024953575391,11.863547747838407,1.5225554999338935
B0047,75,30,4.0,4836.125,1.2173435064564189,0.6086717532282094,End_of_Life,3.39192930556013,2.4851956352139384,4.19388971043665,0.29686961932360884,-0.9289085100178415,-0.9986484518139435,0.000778900536694776,0.24762784604719698,8.429621946088576,4.936935040317449,12.460832791038596,1.6278318211595446
B0047,77,31,4.0,4801.485,1.2073445944515917,0.6036722972257959,End_of_Life,3.39128980672992,2.4873308484835266,4.1938733183948385,0.2952361690401796,-0.9282275865985666,-0.9987472813404835,0.002953130909437472,0.24854364513954444,8.46306110156025,5.369516146499022,12.213639136225725,1.5077728364007719
B0047,79,32,4.0,4760.938,1.18804049227045,0.594020246135225,End_of_Life,3.3932667889977313,2.488620645344286,4.1933443957612875,0.2935425150923969,-0.9244391789678553,-0.9988826270225113,-0.0005256589834506824,0.25489687343946904,8.459204966688853,5.5057525885028795,11.534784991217848,1.4601902061371372
B0047,81,33,4.0,4740.907,1.186304749886542,0.593152374943271,End_of_Life,3.3838600818009588,2.476969143594387,4.19356398488292,0.300132596908711,-0.9270544586298616,-0.9976143324063643,0.003935485078097098,0.25064491703219666,8.493224799915222,5.006658336012915,12.42977502748968,1.6123028029341702
B0047,85,34,4.0,4914.532,1.2613935471028506,0.6306967735514253,End_of_Life,3.3866520851320576,2.4790054948940434,4.142510591712848,0.2847952352538696,-0.9460868598841972,-0.9986321522662405,0.0013319223708717649,0.21421364012038846,8.466232868159803,4.680181437078328,12.428323073625249,1.6019918965639897
B0047,89,35,4.0,4998.656,1.2648246158850653,0.6324123079425327,End_of_Life,3.402095154295076,2.479600589435018,4.174381011699289,0.2937159829378483,-0.9356871602351079,-0.9975353876339267,-0.00022334418420780365,0.23485761359161242,8.553128334903379,5.460927246338855,12.487413364213579,1.5695080246950415
B0047,91,36,4.0,4890.015,1.2466494548982199,0.6233247274491099,End_of_Life,3.404625504614091,2.46837363838224,4.194961577545829,0.2933185117448005,-0.9401469539731849,-1.0005201322759871,0.0012695281459834545,0.2265649641695833,8.342818484380935,5.708474303182395,11.343734065329729,1.4362904754344386
B0047,93,37,4.0,4842.11,1.2333924152795082,0.6166962076397541,End_of_Life,3.3977378433240313,2.497016493627855,4.194728577808066,0.29649531997602196,-0.9395699773936357,-0.9990584594637684,-0.0009374158672241103,0.22755080461637311,8.481468325698998,5.230194273505954,12.641653349352346,1.5752417780724366
B0047,95,38,4.0,4798.281,1.2129250072037692,0.6064625036018846,End_of_Life,3.39454078926717,2.4751740867556524,4.194123941573546,0.29804597856074916,-0.9358360923749525,-0.9979572313546616,0.0003264313426998397,0.2346607841038261,8.425193812256257,4.945143641793303,11.969937687736323,1.5826795687603072
B0047,97,39,4.0,4739.188,1.1999106597943647,0.5999553298971824,End_of_Life,3.397135252361952,2.499811739255094,4.194413177433493,0.2925306083331327,-0.9347239037948782,-0.9985176632293312,0.0005256253294342453,0.23619614896724134,8.471726206300676,5.685535074662302,11.438399477589398,1.450186068577562
B0047,101,40,4.0,4733.156,1.1902559038393383,0.5951279519196692,End_of_Life,3.384557786350807,2.494550023378076,4.172002506353698,0.29580136996824413,-0.9317054169779714,-0.9982543809866457,0.00015902901031444413,0.24187412310567008,8.510483818712029,4.804809639171537,12.144441411939049,1.5885356717377939
B0047,103,41,4.0,4670.61,1.1892563795455853,0.5946281897727926,End_of_Life,3.38207924956575,2.477337702429082,4.194068049662567,0.3026814490144442,-0.9431234654151266,-1.0001312935854783,0.001145434143962905,0.22071764737221838,8.530222967717657,5.503640579819108,12.67224284322037,1.5665628268668026
B0047,105,42,4.0,4635.0,1.167069685125939,0.5835348425629695,End_of_Life,3.3808097620789024,2.478325379623597,4.193464344236471,0.30165693932088455,-0.9364521415339061,-0.9979392762794397,-0.0007026344439326909,0.23333900102182203,8.420605358837513,4.838263185416672,11.984785271459067,1.5679582304789064
B0047,107,43,4.0,4615.86,1.1615348403090369,0.5807674201545184,End_of_Life,3.382026759648077,2.494831087986124,4.192797311893991,0.2980372620985294,-0.9330135422416264,-0.9991002654942741,-0.0002550438571568388,0.23995148344848408,8.51215713252602,4.344075258493417,12.101959002780742,1.634208003877515
B0047,109,44,4.0,4580.75,1.1555563844349988,0.5777781922174994,End_of_Life,3.376424700878435,2.4956781405402677,4.193468094113346,0.3016705821365086,-0.9354455085688509,-1.0171989370447034,-0.0005101948291866981,0.23522562723867915,8.54602737861718,4.959571710692188,12.396974763839234,1.6383305724401118
B0047,113,45,4.0,4557.406,1.1488524666097713,0.5744262333048856,End_of_Life,3.3729563491800936,2.4729308126474736,4.16991637056524,0.29515697073157215,-0.9350017140200774,-0.9986136164374133,9.016949599716493e-05,0.23603335356093558,8.4485741292899,5.147446794368618,11.455115215105929,1.5664502443249688
B0047,115,46,4.0,4524.0320000000065,1.143572986788779,0.5717864933943895,End_of_Life,3.37864248825242,2.494578415325497,4.192396921446495,0.29370984683516205,-0.9345624675488318,-0.9974310644719283,-0.0006963540586541083,0.23699862068650743,8.334392904335672,3.936045741298076,11.39345446641458,1.6021384892266108
B0047,117,47,4.0,4502.938,1.1418015379428537,0.5709007689714268,End_of_Life,3.370172138170829,2.492546798627854,4.192623205881946,0.303652063611796,-0.9405823229183861,-0.9979515372361277,-0.000562986623478762,0.22552268599418482,8.548983420432004,5.565824291195301,12.6352725981059,1.6650648724591723
B0047,119,48,4.0,4483.094,1.136058647502255,0.5680293237511275,End_of_Life,3.367920943746027,2.4752083843332136,4.1933895299679325,0.3058014554974564,-0.940166082376245,-0.9976588428393416,-0.00013043006955548313,0.22634993603002154,8.545644001542279,5.1455704528550195,12.45444631401429,1.6339929285241213
B0047,121,49,4.0,4448.36,1.1236364680969286,0.5618182340484643,End_of_Life,3.3731133787458685,2.4974098896142385,4.192510832064287,0.3011090441631974,-0.9385550163357156,-0.9980113940759702,0.001166204536773494,0.22928733101359497,8.530684068571668,4.688571374253996,12.18400994607025,1.6360957981724895
B0047,125,50,4.0,4440.531,1.1320498900328944,0.5660249450164472,End_of_Life,3.3570684734893477,2.470530852621601,4.1689267149519535,0.3048112046308941,-0.9458548848985765,-0.9999712649338626,0.0009573267451609473,0.21460302910363482,8.5880890540764,5.497525279278245,12.849012968534737,1.660369439084535
B0047,127,51,4.0,4416.547,1.1170101762158153,0.5585050881079077,End_of_Life,3.3691516897861753,2.4800604125308974,4.191753022543457,0.299897414924366,-0.9389122330771017,-0.9974683513415105,0.0006540065615606124,0.2285169051589046,8.520717953543993,5.347061693193263,11.44307926801482,1.5164128228082407
B0047,129,52,4.0,4382.937,1.120043039721982,0.560021519860991,End_of_Life,3.3578225461504885,2.482310382215253,4.192116566565046,0.30604915292372337,-0.9483861774789661,-0.998613125908309,-1.817718980463965e-05,0.2094184862431739,8.509426489984776,5.123903583463241,12.895633770945397,1.765069240198602
B0047,131,53,4.0,4347.453,1.1059773445917063,0.5529886722958531,End_of_Life,3.3676285575809373,2.499914991218416,4.192241727517348,0.29536760910309956,-0.9414049088928778,-1.000314056557349,0.00012329873483936501,0.22404776232509407,8.454153696786289,4.609747972453439,11.573902587010835,1.5794437183027668
B0047,133,54,4.0,3581.188,0.0,0.0,End_of_Life,3.449492446913663,2.9946951355251095,4.192932934065261,0.2252205098353673,-0.9867055393374604,-0.9976532128149662,0.000603436531951827,0.08942594225083227,8.047459499367323,5.370074531227729,10.553052640742195,1.186911293341053
B0047,137,55,4.0,4746.5,1.1907902374762016,0.5953951187381008,End_of_Life,3.372493003925355,2.47468810834507,4.151696493245396,0.29208429577264144,-0.9331169601303769,-0.9989815716960125,-0.00036657306824835773,0.23920343787305523,8.476574571858773,3.882513023508471,11.984288635557064,1.6598041222821636
B0047,141,56,4.0,4679.156,1.2012387088454022,0.6006193544227011,End_of_Life,3.382136756328252,2.4936019875098454,4.173641970261601,0.30015562659759226,-0.9478477265636571,-0.9979179416669461,0.00037301646112965426,0.21047072757678253,8.567006275916873,5.389667102986422,12.836265571184011,1.649134185095062
B0047,143,57,4.0,4596.578,1.1906909549024802,0.5953454774512401,End_of_Life,3.383822718764627,2.4794043785439617,4.194390827243979,0.30387697242722594,-0.9564435237852029,-0.9980570526982784,0.00013445207515640976,0.19087029055890006,8.607327084258758,5.650047278870985,12.655987301395294,1.6215332738966444
B0047,145,58,4.0,4544.641,1.1764375730308343,0.5882187865154171,End_of_Life,3.3860339727551585,2.495823360233662,4.194161811786053,0.29749672800376487,-0.9528668500629852,-1.0010833967174453,0.0018437228242266365,0.19964666577170595,8.707959029152644,5.763668242393892,12.20963360823446,1.5833832209905496
B0047,147,59,4.0,4526.938,1.1628110372792353,0.5814055186396176,End_of_Life,3.3841395923852935,2.4834980820953168,4.194190653204952,0.3024543935015258,-0.9523529313575727,-0.9969202436286994,-0.0004384389125333016,0.20014303486589588,9.003534328496398,5.695680582397816,12.780134013784455,1.6076077739573948
B0047,149,60,4.0,4487.438,1.1516152840582585,0.5758076420291293,End_of_Life,3.3827771801616175,2.4920392941768497,4.194292935889806,0.3008022592970466,-0.9518066439769568,-0.997543073671386,-0.00044848481660337376,0.20112257347057624,9.02852617906244,5.446015893467767,12.658108002877777,1.5894688580148084
B0047,153,61,4.0,4513.312,1.1583673498348623,0.5791836749174312,End_of_Life,3.364536091766799,2.488243242390158,4.146356741131726,0.2948314389505114,-0.9517057744990748,-0.9975286494682145,0.0005294976745800363,0.20071378758700922,9.027729535660669,5.821681060954946,13.249368019025939,1.6957056961145582
B0047,157,62,4.0,4568.438,1.1692285288386206,0.5846142644193103,End_of_Life,3.3787603150369994,2.498187334581169,4.172368631167838,0.2990127373018747,-0.9457722537487265,-1.0069329030946041,0.0003941574290999613,0.21395598880372577,9.071608131387514,5.850291159286313,13.102537521023756,1.667928256038043
B0047,159,63,4.0,4499.656,1.1588148476218465,0.5794074238109232,End_of_Life,3.38042492580436,2.4982213366801296,4.193697451503613,0.30269751059629774,-0.9517682668620395,-0.9983451614477945,7.08459253948992e-05,0.20132639552811926,9.050284055951,5.813454944381435,13.019156020970017,1.639243771379131
B0047,161,64,4.0,4430.984,1.1439588147705457,0.5719794073852729,End_of_Life,3.3757552328187086,2.4715997205282143,4.193432136090228,0.3049335326273056,-0.9577750037054298,-0.9976242692758269,0.0006151673332680062,0.18752291258874051,8.986064263951343,5.570068309383535,12.612257184300963,1.6035610986114406
B0047,163,65,4.0,4411.141,1.1383941068159398,0.5691970534079699,End_of_Life,3.374465176072899,2.4972991957929973,4.193707973256604,0.30380763925441956,-0.9541869981546398,-0.9998543531325201,-0.0003321210116835783,0.1960805400429566,9.036875447987502,5.966721242217489,12.968805846071126,1.648459583972686
B0047,165,66,4.0,1991.531,0.0,0.0,End_of_Life,3.6287077311529012,3.4270575222731954,4.193728328919069,0.1485842689411486,-0.9792035664803379,-0.9971825301175917,0.0007510084712899575,0.12199013981099376,7.698431744424151,5.299836944616897,9.05446951177611,0.9063894295069583
B0047,169,67,4.0,4883.312,1.2213102850395667,0.6106551425197834,End_of_Life,3.3850807989789575,2.475863858583421,4.166980224197571,0.2943106425694348,-0.9269695970852067,-0.9974759876799106,-3.813511310859022e-06,0.2493092543569576,9.095394308322597,5.917626432694945,13.123905320087225,1.6488277738812336
B0047,173,68,4.0,4663.907,1.2031062978889062,0.6015531489444531,End_of_Life,3.3900890450634233,2.482088014003299,4.1751120424901105,0.29987410018055277,-0.9526683776410486,-0.9988968847011238,-0.00013904430804297416,0.1988089079474642,9.009063913586548,5.848925591344167,13.179418154583676,1.6429527063403204
B0047,175,69,4.0,4581.328,1.1897147112197684,0.5948573556098842,End_of_Life,3.3919885847746993,2.484545959502679,4.195168632438667,0.30114777154169126,-0.9591403423116251,-0.998023029768851,-0.0005129100273384777,0.18542050058463108,8.958051495293551,5.059900934661653,12.742282067813369,1.6480219628296322
B0047,177,70,4.0,4553.031,1.177422568842014,0.588711284421007,End_of_Life,3.386239960829826,2.4817240149799855,4.19482784099826,0.30377949359181733,-0.9554277687381623,-0.9980685590651619,0.0004742870029912351,0.194007805875634,8.972563208541265,5.25228005674153,13.23162562344335,1.7187885476729834
B0047,179,71,4.0,4486.5,1.158443027293818,0.579221513646909,End_of_Life,3.383817098626054,2.475682459777723,4.194470276921028,0.30511505535073524,-0.9577201485364993,-1.000419995099013,-0.00032593770864967057,0.18733223221408005,9.037146843138395,5.911910142205657,12.857920538298638,1.5915757311959908
B0047,181,72,4.0,4450.625,1.1567087516841796,0.5783543758420898,End_of_Life,3.3818846696550433,2.4992087242533025,4.194180006661532,0.30111269804110674,-0.9573123780210179,-0.9976414843513567,-0.00023881525579207068,0.18833060211560623,9.009035929017505,5.3659263532424175,12.67528068575023,1.6344188150021928
B0048,1,1,4.0,6436.141,1.6579955793677608,0.8289977896838804,Healthy,3.4658606296374312,2.6876065414465464,4.223690952621402,0.25195309750600897,-0.9275960004271296,-1.0007401829986413,0.003009475416411179,0.2530192929066826,7.9114909421254485,4.829134798348132,10.851944131643279,1.2264637876449498
B0048,5,2,4.0,5650.265,1.5076933476098775,0.7538466738049387,Warning,3.4593246298099665,2.6835427959445024,4.161851896835355,0.24532063703018744,-0.9596376462561298,-1.0008913420360177,0.0007031704374309518,0.18858327021435203,7.958927971485882,5.772228474438241,10.829468947828506,1.0672069434816003
B0048,7,3,4.0,5590.907,1.4989223343608031,0.7494611671804016,Warning,3.4552294701778714,2.6769979855651793,4.175466417206107,0.2518900375063333,-0.9640819411783536,-1.00468755228754,0.00012576468986550066,0.17774220043242087,7.708927821830712,4.596833268139085,11.053444137693344,1.2879129720968239
B0048,9,4,4.0,5543.61,1.4782919502497789,0.7391459751248894,Warning,3.4575807060974952,2.6934384147921953,4.174693750587349,0.24561002644308652,-0.9590403279797146,-1.0003370114328405,0.00248435207828209,0.19067785615388091,7.711890755969547,4.7430828910301654,10.582379295049947,1.2102089217830145
B0048,11,5,4.0,5499.046,1.461856891390611,0.7309284456953055,Warning,3.457640385589739,2.6967591738883163,4.174741021763634,0.2464655716748604,-0.9561581387967848,-1.0024109953994933,0.0017833078818055765,0.19727097134130908,7.733691649876036,5.090456621271111,10.227762694291695,1.1242487774403558
B0048,13,6,4.0,5461.219,1.4509592706473475,0.7254796353236738,Warning,3.454056999646405,2.6855475478766424,4.174511213058054,0.24694271619528063,-0.95562492940014,-1.0007359400857092,0.0002502113009859556,0.19810594521172506,7.713793706750157,5.052463006214185,10.448166696977866,1.175117210241405
B0048,17,7,4.0,5451.281,1.451746997147108,0.725873498573554,Warning,3.436367401137892,2.6917502037421612,4.14121689573938,0.24577171703518763,-0.9577937939731284,-1.002031773364646,0.001179655026987361,0.19288452028687408,7.8513931260036465,3.9324231269288994,11.087645565750543,1.3170088391967765
B0048,21,8,4.0,5468.062,1.444392866287476,0.722196433143738,Warning,3.4466304878843594,2.689384375743919,4.158004815622747,0.24987804627803933,-0.9502347980955429,-1.0007316751284792,0.0020322605199551112,0.20954408353936832,7.905320525605018,5.537851990335868,10.331525897326845,1.1083306169357297
B0048,23,9,4.0,5411.297,1.432738323965376,0.716369161982688,Warning,3.4469353939775913,2.6855540838129546,4.173957792716822,0.2497423904620442,-0.95236200437101,-1.0005511265640192,0.003499108846123608,0.20557482082239228,7.847675607740912,4.843165715131853,10.695473118282326,1.1928812094270074
B0048,25,10,4.0,5369.703,1.417241201438662,0.708620600719331,Warning,3.4438356242957933,2.6891526224241358,4.173757067290182,0.254367199882586,-0.9494102232020357,-0.99971357088635,0.0024035681930929228,0.21179866610371736,7.926506175979814,5.513246233631286,10.588614300598088,1.1304655719210586
B0048,27,11,4.0,5327.406,1.4057559944573452,0.7028779972286726,Warning,3.4417182002819104,2.678956108681276,4.172904801080625,0.2516215455383381,-0.949209508836394,-1.0019089598735609,0.0016393911719587986,0.21294534399893106,7.937097401174621,4.743978301887625,10.710761172174601,1.1705662583466252
B0048,29,12,4.0,5299.266,1.3902706269897063,0.6951353134948531,End_of_Life,3.439456123966976,2.688287422782237,4.173032965850683,0.2546017828031505,-0.9438502376761829,-1.0010368726226484,0.0026758903873933025,0.2240464631245583,7.9661274485105595,5.5698989124264635,10.526862897224621,1.117069269793415
B0048,33,13,4.0,5367.172,1.4196659307880326,0.7098329653940163,Warning,3.4300387550398135,2.680621623320638,4.133304141515335,0.23952805169522504,-0.9514090951270098,-1.0014340929938248,0.0010952107989710773,0.20697823863880527,7.886742523689043,4.137443220942473,10.680714357791624,1.3410644353179975
B0048,37,14,4.0,5406.812,1.4190563985232272,0.7095281992616136,Warning,3.442487347026378,2.693587841641054,4.1566553119964516,0.24488096526774092,-0.944155823754122,-0.9997588632259337,0.0020320180393504314,0.22239992565486777,7.810373532807223,3.9924537464053276,10.479304841863389,1.1989575952733023
B0048,39,15,4.0,5353.094,1.404272356704056,0.702136178352028,Warning,3.4434500367152183,2.6905447145318244,4.172913024979518,0.24869578491964914,-0.943749133811343,-0.9998144854501804,0.0012058996227724682,0.2236811898738952,7.869709498966687,4.561699444118848,10.378581035006627,1.179398500620672
B0048,41,16,4.0,5280.031,1.3916140490958342,0.6958070245479171,End_of_Life,3.4369770767738053,2.6889512479861937,4.172334722190024,0.2519626533021191,-0.948030574788209,-1.0005582914042201,0.0018081909218465376,0.21490183197012092,7.873285917762758,3.989340515617782,10.851484720266557,1.2478342008092194
B0048,43,17,4.0,5248.593,1.3749618350294734,0.6874809175147367,End_of_Life,3.4351167375068576,2.6767423992621824,4.171533861821569,0.2519284998944137,-0.9424402883201639,-1.000296719098956,0.0018186296784073622,0.22621122737501084,7.888295790156799,4.320857993357971,10.70498211965856,1.2422427107125336
B0048,45,18,4.0,5203.375,1.3545155713071164,0.6772577856535582,End_of_Life,3.4352880614818906,2.692752260117709,4.172113180559959,0.25130097980516464,-0.936561624298611,-0.9998388108585378,0.002945922900341213,0.237575778958578,7.90514873318139,4.951795065579511,10.268281599303819,1.1377270680703204
B0048,49,19,4.0,5166.812,1.3440223073315984,0.6720111536657992,End_of_Life,3.426473499744202,2.69610071870072,4.152547964911409,0.2530962723377127,-0.9359740520534714,-0.9997539612146187,0.001847873095543044,0.23876233943624456,7.9278743808781424,5.453380314760635,10.420289094539939,1.1395089610236113
B0048,51,20,4.0,2384.094,0.0,0.0,End_of_Life,3.6332673475295345,3.4429735829245125,4.171642845757827,0.13607111695204863,-0.9854751233942509,-0.9993706702918804,0.0007942381340608117,0.10598596404497096,7.084065434295192,5.137975123717214,8.382812028066311,0.8495881643980524
B0048,53,21,4.0,5340.281,1.372384475860572,0.686192237930286,End_of_Life,3.4231723044699156,2.6813752744142234,4.176821150785954,0.258997634394945,-0.9249433480673207,-0.9998450687021054,0.002825714870101856,0.257977279995139,7.950376644939932,5.066670449647178,11.025933551300648,1.2331609054770682
B0048,55,22,4.0,5103.0,1.3184105752674413,0.6592052876337207,End_of_Life,3.428797713311107,2.6946752970811247,4.171686901258687,0.25322576989742407,-0.9296783941589579,-1.0005731202327626,0.0018603393207839549,0.25013667293325564,7.891054732187375,5.533218200827807,10.196289899952209,1.0944994834361739
B0048,57,23,4.0,5051.172,1.3112727599578604,0.6556363799789302,End_of_Life,3.4246615589655964,2.6954700046169733,4.172000465131976,0.2525508496697396,-0.9340469067277114,-1.0035187304131963,0.0030002151765806807,0.24217789759612865,7.911933312913009,5.448284108593169,10.67776116366158,1.1755892543512794
B0048,61,24,4.0,5027.563,1.2970172419001187,0.6485086209500593,End_of_Life,3.420260120001828,2.696945913635699,4.151092092342163,0.2519226526486537,-0.9282929869770825,-1.0002204688393834,0.0027748871456291283,0.2523638809237207,7.9731250548171255,5.563022662749718,10.197605675555666,1.092366483354195
B0048,63,25,4.0,4993.765,1.2995219526631718,0.6497609763315859,End_of_Life,3.4176468335228454,2.678219557836974,4.171107672675929,0.256284635451176,-0.9361639727698597,-1.0006309576468801,0.0044641721580971775,0.23869442919435646,7.988820643678426,5.305296976396524,10.817583822184044,1.171439911339507
B0048,65,26,4.0,4962.469,1.2826154066729571,0.6413077033364786,End_of_Life,3.4172601086559014,2.6929901554909765,4.170406220123355,0.2585062978491375,-0.9299928998106647,-1.0004747296268892,0.003159118826617647,0.2494670865631256,7.990220402102304,5.382210395843422,10.516072793190034,1.1494312573651864
B0048,67,27,4.0,4907.859,1.2752890152407,0.63764450762035,End_of_Life,3.4115448650857543,2.6849697818820895,4.169460748536267,0.25959572491808997,-0.934806579329965,-1.006586673096361,0.0020541121597789282,0.24114972280677072,7.882690956878554,4.323941422488026,10.549697060839051,1.3215562292169203
B0048,69,28,4.0,4888.656,1.2735572473264072,0.6367786236632036,End_of_Life,3.4065891490442124,2.6836073579697186,4.170165006607723,0.2618998761764979,-0.9370645194852636,-1.0026150245180556,0.001864731769280234,0.23669459127928483,8.054682377673142,3.9473512652861746,11.262651366620426,1.4012611844629617
B0048,73,29,4.0,4866.25,1.2594114333938535,0.6297057166969268,End_of_Life,3.404850768576602,2.6880496504528555,4.148906074950599,0.25856124294538724,-0.9310772172053213,-1.0001495156365345,0.0038491351535378153,0.24757782653523924,7.989516678064296,4.8115564819625565,10.67022537319244,1.2544520720860908
B0048,75,30,4.0,4836.125,1.2631632585495876,0.6315816292747938,End_of_Life,3.4037388246513496,2.6866245843324728,4.170272562112315,0.2630267491039539,-0.9394586031577282,-1.000662603416492,0.002545860802760122,0.2329493338871704,8.031961049301984,5.22224566501025,11.290252755528313,1.3293807404017746
B0048,77,31,4.0,4801.485,1.2491717310136363,0.6245858655068182,End_of_Life,3.4068285577090975,2.698617918096401,4.170271899546104,0.25866498064833215,-0.9358379166065879,-1.001004029933717,0.003435521151490444,0.2393000003986662,8.043229181254354,5.67786105224998,10.973350060572036,1.194760868312064
B0048,79,32,4.0,4760.938,1.233984347835307,0.6169921739176535,End_of_Life,3.4086789774100317,2.699107325579607,4.1694521749389235,0.2579674002654644,-0.9322392887454545,-1.0009807316550958,0.0032156201712743083,0.2459535571666997,8.03181115051043,5.160424118649307,10.3391489283262,1.1704889381561956
B0048,81,33,4.0,4740.907,1.240031992028868,0.620015996014434,End_of_Life,3.3973450050321667,2.6835548325191994,4.170146996930818,0.2659197088395426,-0.9406998132859437,-1.0015794381065346,0.0032676933828671303,0.23006570783842242,8.097013437245895,5.270377561388148,11.22843469416495,1.3264745227498387
B0048,85,34,4.0,4914.532,1.30370857198071,0.651854285990355,End_of_Life,3.3993392010348766,2.681569834191177,4.12494331073437,0.24937260316111612,-0.9537093572867028,-1.000338666801855,0.0027412393601330834,0.20275296209599117,8.022533123805395,4.729340770408116,11.142187018109254,1.3108436790892324
B0048,89,35,4.0,4998.656,1.315055963470538,0.657527981735269,End_of_Life,3.4116534333763227,2.683679055503892,4.151287967783268,0.25884819170462836,-0.9460022622334843,-1.0008223865758235,0.0029521447447247123,0.21928049986238163,8.108172025448226,5.108006310610777,11.266783334689709,1.3029099513013036
B0048,91,36,4.0,4890.015,1.2888738300982074,0.6444369150491037,End_of_Life,3.417645007960136,2.682654869893668,4.170265534323388,0.2561915635435603,-0.9477332619889278,-1.0014803549820415,0.0027404094242924303,0.21573860624742927,7.8977220071348055,5.1622931051860395,10.42585253276335,1.1824969690059137
B0048,93,37,4.0,4842.11,1.2877137595885193,0.6438568797942597,End_of_Life,3.4079105797438367,2.6823844675903756,4.1709795561538705,0.2639087582764168,-0.955996398502354,-1.0011333619216,0.003077251611116991,0.19770035398748922,8.04149350152151,5.449713987023955,11.216029100406415,1.2763946371179304
B0048,95,38,4.0,4798.281,1.2673379985315463,0.6336689992657731,End_of_Life,3.407164499269472,2.6862404868403718,4.169424514471797,0.26255342262758397,-0.9495988780290304,-1.0008607894638553,0.001830695985392169,0.21189940403945173,7.954120438181095,4.546722884578634,10.782099455149345,1.3307849405404952
B0048,97,39,4.0,4739.188,1.250594345697306,0.625297172848653,End_of_Life,3.411264697940678,2.6969281633328235,4.170624380836064,0.25852283809960735,-0.9487217927497306,-1.0007680402205719,0.001836151413015362,0.21342643486363938,7.99745058769299,5.50301085785278,10.321202935071103,1.1746268749256576
B0048,101,40,4.0,4733.156,1.2487131179395878,0.6243565589697939,End_of_Life,3.399055092260418,2.697244348677796,4.149740744130536,0.2611263140857149,-0.9484783034454789,-1.00042503459904,0.005832843427952291,0.2137210022837283,8.033089769228212,4.482961780107139,10.970703995179441,1.341877102736411
B0048,103,41,4.0,4670.61,1.248002326082933,0.6240011630414665,End_of_Life,3.397998613644679,2.682663772646134,4.170538290499679,0.2665958506083215,-0.960288282497019,-1.0015325180388504,0.002412899307793271,0.18772764831208155,8.032822875095608,5.62240286953277,11.121182366824467,1.250347412464456
B0048,105,42,4.0,4635.0,1.2300895244599586,0.6150447622299793,End_of_Life,3.3968749308721438,2.6897565950033164,4.170102316006519,0.2662099234524243,-0.9538841832821683,-1.0062480227973458,0.0023415784094730314,0.20297683785644643,7.971994643634386,5.066112833343836,10.805368665446066,1.2897192350741127
B0048,107,43,4.0,4615.86,1.2244197121500935,0.6122098560750467,End_of_Life,3.3949285391136215,2.6851150517360427,4.169002458595089,0.26569656696689486,-0.9534653843148169,-1.000237361904988,0.004188276315737522,0.20355211377428842,7.985840586212385,4.014798668315889,10.904276324187439,1.3725770465897749
B0048,109,44,4.0,4580.75,1.2186682845116386,0.6093341422558193,End_of_Life,3.3923053503439844,2.691698678764574,4.169722967056448,0.26784389954024757,-0.9561814714709561,-1.0009932577793423,0.002146561775158097,0.19733119044954145,8.055923800450703,5.146085898076146,11.177549576040898,1.3441419356785063
B0048,113,45,4.0,4557.406,1.2037865236033616,0.6018932618016808,End_of_Life,3.393507466288284,2.688395997689043,4.147796072295514,0.2584095262168435,-0.949495711589349,-1.0006542561971035,0.002419760196360418,0.2119107480227022,7.982156595851859,4.773271337412214,10.375532122783676,1.264579669764389
B0048,115,46,4.0,4524.0320000000065,1.1947642300832226,0.5973821150416113,End_of_Life,3.397997936501643,2.6966509268234162,4.16937546220786,0.25797801058219444,-0.9491950189128958,-1.0009626594711905,0.003927588274909252,0.2130742301542275,7.842796481143621,3.6358068711620457,10.314092555911314,1.3344523422965204
B0048,117,47,4.0,4502.938,1.2052091893871497,0.6026045946935749,End_of_Life,3.3882925257712975,2.6969697387700067,4.170164354666364,0.26853569491576396,-0.9617018565505487,-1.0010181767758786,0.0019253522309582184,0.1840835398216437,8.079939832789865,5.400512363966563,11.367431862943256,1.3583270869152844
B0048,119,48,4.0,4483.094,1.1955746593628465,0.5977873296814232,End_of_Life,3.3877256181336417,2.6967087456075824,4.169926901474105,0.26863917191050873,-0.9582791920312705,-1.0003688126988763,0.002982864599582341,0.19266232610324016,8.064765751727982,5.364985230876063,11.06954549641082,1.3052418506534729
B0048,121,49,4.0,4448.36,1.1888497102149884,0.5944248551074942,End_of_Life,3.3892443793813447,2.6919470298999473,4.169479557902343,0.2681959267280601,-0.9604573336465301,-1.000126079444024,0.0014238030452447463,0.1867690700573799,8.047690080561159,4.837302629347535,10.977331626368251,1.3201876164834625
B0048,125,50,4.0,4440.531,1.1915605250807406,0.5957802625403703,End_of_Life,3.379247569665043,2.686563173222129,4.1466990810536295,0.26639430643711887,-0.964049565042912,-1.0021900619093496,0.0029238576437456416,0.17744464864484072,8.077528255423264,5.5735629503418185,11.250413706808821,1.2983623094802896
B0048,127,51,4.0,4416.547,1.1726587153109655,0.5863293576554828,End_of_Life,3.3916390352444328,2.6961737443762415,4.168333177873153,0.2622501026155267,-0.954156405475968,-1.0003664269909844,0.0024173954685969383,0.20190943000493913,7.993540199499143,4.946061993175074,10.261913330935936,1.2138410289189194
B0048,129,52,4.0,4382.937,1.1841133872494156,0.5920566936247078,End_of_Life,3.3795641863547807,2.687805922420921,4.1690272272079385,0.2691899973431098,-0.9703946548779708,-1.0012571198673526,0.0032786212576060634,0.16065066967702255,7.973181959906697,4.7039866238116534,11.209451387068038,1.424699829416647
B0048,131,53,4.0,4347.453,1.1576825122317769,0.5788412561158884,End_of_Life,3.3905357196785717,2.6954427225266566,4.169215137661718,0.25961363181134445,-0.9568118198331175,-1.0018658991684293,0.0019777963812346033,0.19629348443010564,7.915947250994455,4.719507027593361,10.394655986683219,1.2565875537762974
B0048,133,54,4.0,3581.188,0.0,0.0,End_of_Life,3.4657216656737035,3.078111316923791,4.1701191621232025,0.20156885018087045,-0.988731690729091,-1.0001136128555836,-0.00024557605061535935,0.08964905872630345,7.631644271961187,5.388916599525719,9.73523495959482,1.0113498765960627
B0048,137,55,4.0,4746.5,1.259355851168598,0.629677925584299,End_of_Life,3.3909861606032004,2.6861121256233056,4.135364610542779,0.25755678333313325,-0.9536560997964092,-1.0023792621826997,0.0012033859895205583,0.2028228748950568,7.938268366482139,3.640778332395991,10.71880829888557,1.389710197214767
B0048,141,56,4.0,4679.156,1.265883375278026,0.632941687639013,End_of_Life,3.3970417211274984,2.6816961536149058,4.1506494675081695,0.26620810672120293,-0.9718532283937389,-1.0001686999268207,0.000746731599392982,0.15601342205658658,8.024531067354474,5.280785927020868,11.267543040114028,1.3171665767295542
B0048,143,57,4.0,4596.578,1.2472598673184119,0.6236299336592059,End_of_Life,3.4053897793262036,2.6935260886313634,4.1705945560509186,0.2636858430564658,-0.9745908346175696,-1.0029269600514006,0.0008686434908399869,0.1476037306555359,8.026701986317695,5.439127798474958,10.977215485451685,1.2308539245775711
B0048,145,58,4.0,4544.641,1.232808747256218,0.616404373628109,End_of_Life,3.4044637089502996,2.6819098951639786,4.170902199360611,0.2635601494156174,-0.9743182693533817,-1.0009156470599612,0.0012745576170925252,0.14850906260644706,8.083086131954136,5.5760957810433815,10.698980931953203,1.190670837310114
B0048,147,59,4.0,4526.938,1.2319592783041904,0.6159796391520952,End_of_Life,3.40066115678775,2.6836569825858465,4.1707733769162845,0.269940756636037,-0.9773202136961056,-1.0001085078242802,0.0017172085207204622,0.13826301501227203,8.282945581406354,5.877656826915311,11.200778779435032,1.1855325726624548
B0048,149,60,4.0,4487.438,1.220785786262778,0.610392893131389,End_of_Life,3.399557901522936,2.686405541586876,4.170606882649154,0.26892720431290895,-0.9769934301900783,-0.9997514170880323,0.0003549387845271242,0.13869669259704,8.296254318972048,5.525503580120772,11.067122162658642,1.1782844492775026
B0048,153,61,4.0,4513.312,1.2275441303266783,0.6137720651633392,End_of_Life,3.3869933616946555,2.685608364298082,4.1280471381711665,0.2596233468073573,-0.9767440428637847,-1.0014756423920745,0.0008543782112958334,0.13847069909448734,8.280354632475289,5.413129453673241,11.217197558663642,1.2521073917415961
B0048,157,62,4.0,4568.438,1.2386788414290355,0.6193394207145178,End_of_Life,3.3947531020283486,2.685972991906515,4.150268203613492,0.26762238384365317,-0.9738169504529768,-1.0292876659492052,0.001610787194185352,0.14878642871306022,8.346898191755683,5.989050471195661,11.59325762914515,1.2595534251923692
B0048,159,63,4.0,4499.656,1.2283577755407058,0.6141788877703529,End_of_Life,3.3979955411966936,2.689198249643033,4.1705243721131415,0.2706474910731909,-0.9802233649908892,-1.0011525386558742,0.0029197510088672675,0.12729562073938228,8.337878264565942,5.977980107459538,11.534047303435644,1.2367313652469536
B0048,161,64,4.0,4430.984,1.2095481507570451,0.6047740753785226,End_of_Life,3.399587991995103,2.6983204775942364,4.170294880009359,0.26714548430200585,-0.9801797978590467,-0.9994560675644151,0.0007032833500389867,0.12813703191523632,8.259622932500356,5.68627740208186,10.92572543982624,1.1571535592067967
B0048,163,65,4.0,4411.141,1.2082142070681048,0.6041071035340524,End_of_Life,3.3951186218431086,2.693240203211685,4.170568686817898,0.2710289439804623,-0.9833769221524863,-1.0001444836054942,0.0001566483540684926,0.11523526354610887,8.290496900072908,5.76985883802255,11.346378697595553,1.2097271370114169
B0048,165,66,4.0,1991.531,0.0,0.0,End_of_Life,3.6274300474413557,3.441548920019712,4.170160404909495,0.13818978606540294,-0.9815143614251551,-0.9996934306535468,-0.002449743656614265,0.12186412147939739,7.381556529300557,5.28639106317437,8.56828741399406,0.7812262649266443
B0048,169,67,4.0,4883.312,1.2998734542832147,0.6499367271416073,End_of_Life,3.402660754515897,2.6866110987705887,4.152589435404936,0.26152748318614566,-0.9565798060844432,-0.9998506480954517,0.00327737244909063,0.19521435953626987,8.321321846834685,5.83847318455834,11.439171740202124,1.2217707307837211
B0048,173,68,4.0,4663.907,1.2691220651743778,0.6345610325871889,End_of_Life,3.409317486730915,2.699083135691788,4.151970239591361,0.2612023022786713,-0.9772401913298513,-1.0004944197478995,0.002141105590685201,0.1373718979710871,8.23807744072398,5.409615967347339,11.147240167890732,1.2013019384975379
B0048,175,69,4.0,4581.328,1.2555144634690785,0.6277572317345392,End_of_Life,3.4133709426845624,2.6907134698484554,4.170962379739071,0.26296457922539446,-0.9839943201059,-1.0008604029243209,0.001349801462907186,0.11343029718393723,8.189029507624946,4.717927692291231,10.831285577855546,1.2240652208827123
B0048,177,70,4.0,4553.031,1.2519876926897657,0.6259938463448829,End_of_Life,3.4068009615962724,2.684500860538322,4.171135033653532,0.2687789338995992,-0.9871874196801942,-1.0019448914018847,0.00028876258475446384,0.09886207593686744,8.234868029314756,4.908420996146337,11.236293148641268,1.283745085404475
B0048,179,71,4.0,4486.5,1.2374982003019996,0.6187491001509998,End_of_Life,3.406169063274703,2.687835669252526,4.1708733924683505,0.27061189919358775,-0.9901111158822024,-1.0012709000931328,0.0005939644267695349,0.08156975576738178,8.238279702155017,5.971467724106513,11.08616967823061,1.1282555351680443
B0048,181,72,4.0,4450.625,1.2231273969878986,0.6115636984939493,End_of_Life,3.406745720524415,2.690437364566134,4.170920111392399,0.26548338866216487,-0.9865545525457216,-1.0011831011426036,-7.174117374828844e-05,0.10015330260782822,8.219372551773532,5.4384961126886715,10.751912617606896,1.1418860030787825
B0049,1,1,4.0,1713.235,0.8583727215167135,0.42918636075835676,End_of_Life,3.053366988981642,1.9925401284554691,3.8462292855248927,0.2709451054299822,-1.9911008133050878,-2.020967008916884,-0.0008711091496250029,0.20920819912843516,13.052857746525287,9.276107406369094,16.380725919820748,1.8822656201843693
B0049,5,2,4.0,3170.984,1.4209057149417375,0.7104528574708687,Warning,3.2129415422375103,1.9882559316714203,4.162219408853582,0.37525431694999717,-1.83826156002667,-2.0153014084095795,0.0016948784926854505,0.5654882127579164,12.628005551626734,5.641776754662599,20.824132297943244,3.1339524603779996
B0049,7,3,4.0,3135.344,1.372852133389263,0.6864260666946315,End_of_Life,3.184979657873478,1.9995727928951719,4.191097729318615,0.44711623357821456,-1.9024015568068968,-2.0148554374560215,0.00045697912701237896,0.45747994324378327,12.625179528928726,5.701047125577017,22.127142494646403,3.8140757570893493
B0049,9,4,4.0,3049.781,1.3643742487429145,0.6821871243714572,End_of_Life,3.3418301077163908,1.9713959702644483,4.191581344098992,0.34341360331284526,-1.7343383193976387,-2.0160129514309597,0.0015804056575776243,0.6945814566522915,11.462796138822771,4.621748251721727,17.45530915998414,2.5988151777121873
B0049,11,5,4.0,4565.859,2.378643730568756,1.189321865284378,Healthy,3.2625681004485227,1.9735165526751874,4.462470916200919,0.36320508974597304,-2.0045868396237765,-2.016781837557893,-0.0013154972010939981,0.13156666177137508,14.669814873687034,5.230894088969191,20.096309819317955,2.7119040409679056
B0049,15,6,4.0,5428.594,1.0605357965671216,0.5302678982835608,End_of_Life,3.4447754613409876,1.9779063196102418,4.176096603328684,0.404488576695879,-0.8640775471976618,-2.0159486718933524,0.0028795308284142213,0.9953602602021321,10.159724053383584,4.389464977318044,20.530529696550808,4.282476682888098
B0049,17,7,4.0,2646.797,1.0069932376659496,0.5034966188329748,End_of_Life,3.2264301040985295,1.999505796022011,4.192152439213644,0.4308862311282786,-1.6316825774505053,-2.0165552728134664,0.0024219966356886407,0.7884242599188949,12.747809437833528,5.509098422652694,19.605507267281187,3.3903615977702124
B0049,19,8,4.0,2705.594,0.9298775334359536,0.4649387667179768,End_of_Life,3.226587700876868,1.9998676881173485,4.19193811929599,0.4708157132982916,-1.5413805979962576,-2.0160269331983307,0.003801699063904367,0.852083570298445,12.859387226194555,6.6311619429128275,21.578292345131203,3.778510083574538
B0049,21,9,4.0,2627.828,0.9232377029483808,0.4616188514741904,End_of_Life,3.2214892828227866,1.9942412611094629,4.191932999195206,0.4558714715835003,-1.5480032557315486,-2.015682931257663,0.001980617399803109,0.847839775345113,12.77865014417398,5.752360169193854,21.333411676684346,3.62316806057796
B0049,23,10,4.0,2981.312,0.9053279121173716,0.4526639560586858,End_of_Life,3.3410764354812947,1.9887929829692834,4.190969695803424,0.42116669710019605,-1.2679865452905723,-2.0157486077976126,0.0020740371989916924,0.971173431395864,11.60077882051404,5.267530364129424,18.65094643921925,3.253835012455935
B0049,27,11,4.0,1941.797,0.8595848360639872,0.4297924180319936,End_of_Life,3.064645703434,1.9939496316818301,4.171684324757671,0.4583935112741284,-1.9918699549524492,-2.016079035961751,-0.0021481465656871894,0.20359901446457598,12.462166006182779,6.687214876673814,21.206691637037263,3.638237418481535
B0049,29,12,4.0,2663.625,0.8369614294820705,0.41848071474103526,End_of_Life,3.2359600944959555,1.9970255058845359,4.190637849743496,0.4750766329390913,-1.4315359583206417,-2.0167832944872015,0.0008712855130487655,0.9116774091820795,12.68524460660397,5.475337257448136,21.329570135453707,3.993195424470816
B0049,31,13,4.0,2862.25,0.8456824187653132,0.4228412093826566,End_of_Life,3.306834813693079,1.990570708799589,4.1898267739177975,0.43749712735074403,-1.282717511127997,-2.0153368862843233,0.002802640153939726,0.9670090505945157,12.070917134385256,6.274589960817087,18.615958800969327,3.3157350508324313
B0049,33,14,4.0,1894.485,0.8071214007577537,0.40356070037887687,End_of_Life,3.027048731210282,1.9874243707218107,4.190571685709423,0.4662139252599023,-1.99132682330145,-2.0158427443639826,-0.002197648897256144,0.20788467085585563,12.931744232686027,5.501426145497583,22.131760657764843,3.962128877183007
B0049,35,15,4.0,1799.25,0.7820744360746734,0.3910372180373367,End_of_Life,3.0458944536011447,1.9892517372066318,4.18826381558764,0.44748405725678364,-1.9900791687971107,-2.015178417335196,-0.0013048173016235159,0.21312304787021022,12.53100572898693,4.232622819861061,21.079756102740596,3.8202034846118815
B0049,39,16,4.0,1741.204,0.7953019444133349,0.39765097220666745,End_of_Life,3.0556096413337333,1.9868911872895965,4.162762870031206,0.42055715936441807,-1.9889148395636458,-2.015693117280659,-0.0018541180127632274,0.21742564504616263,12.335513729341908,6.1334878836799875,19.664724046912717,3.54676040560635
B0049,41,17,4.0,236.156,0.0,0.0,End_of_Life,3.6333215332721274,3.4543504315144196,4.19011964495105,0.19042226504229126,-1.8455690193556895,-2.014259088676831,-7.280941994823335e-05,0.5559019540515894,7.437341180783139,6.13448299056782,8.914965140326935,0.8978912893013595
B0049,43,18,4.0,1899.218,0.7752051154719997,0.38760255773599983,End_of_Life,2.9848405470772863,1.996058976050717,4.1692630784027385,0.46302829452783334,-1.990973959623023,-2.017126618248215,-0.0021169047464473724,0.20963604970942562,13.187367445445181,4.032381358513863,22.347809168975328,4.217676643228177
B0049,45,19,4.0,2305.25,0.7711865903845158,0.3855932951922579,End_of_Life,3.216101228170252,1.9811242583835047,4.186817701935873,0.4512721484836408,-1.4760043090484107,-2.016129985116996,0.0017617315922140607,0.8898341516840296,12.73854385905339,6.563001902336632,19.41196098209977,3.360228792006641
B0049,47,20,4.0,1690.594,0.7585098914517947,0.37925494572589735,End_of_Life,3.0487042882213067,1.9912347674711242,4.188353148421002,0.4163009609595128,-1.9881249898325228,-2.0162046577360044,-0.0003158661530391309,0.2228056016992773,12.43174282130699,6.653715353599918,19.074608803884857,3.575606868285091
B0049,51,21,4.0,1800.421,0.7349386490499009,0.36746932452495046,End_of_Life,2.97408172255637,1.992352748796434,4.161361064351189,0.45716401479160385,-1.9893873144726053,-2.01581049777552,0.0005862349023809307,0.21628282248799832,13.382353818734753,6.031905884095365,22.607671167433093,4.236134252376075
B0049,53,22,4.0,1633.25,0.7366758033690756,0.3683379016845378,End_of_Life,3.0444695632884358,1.9960897948919885,4.186507738215053,0.410982512202864,-1.9869251503871834,-2.0160585309963657,0.0018671631753728257,0.22807179383347675,12.300881528020009,5.761176746152184,19.003281636478988,3.658296755044618
B0049,55,23,4.0,1737.172,0.7093946599203638,0.3546973299601819,End_of_Life,2.977231196667954,1.9999963944412724,4.188359485457034,0.46282699339500816,-1.9884870151283096,-2.0163487950701433,-0.001112600330976469,0.22142066917800723,13.146013541941878,5.952592648948693,22.10154579807187,4.064321721459192
B0049,57,24,4.0,1614.406,0.7186465009220309,0.35932325046101543,End_of_Life,3.0221149151314726,1.9911540027307004,4.185414346041184,0.4251034552653744,-1.9864544147288472,-2.0153902683188014,-0.0007286831106421793,0.22993432654803667,12.419820365387574,5.005291117104153,19.702963463668752,3.769779546766458
B0049,59,25,4.0,1708.86,0.6913885231046639,0.34569426155233196,End_of_Life,2.9634989615749228,1.9924291348754952,4.187572397568079,0.4648504646064372,-1.9877745412866725,-2.016217383011093,-0.0010171989929860486,0.22391013763893966,13.214727037699832,6.0427863581077395,22.293655276575564,4.110744416215978
B0050,1,1,4.0,1713.235,0.8631448527758341,0.43157242638791704,End_of_Life,3.058057702902253,2.1766233079901336,3.818275498868238,0.23132123792329354,-1.9678823415208642,-2.0138841954536875,-0.00013012234100960834,0.2940372465727787,14.106047002561935,9.20464519659275,17.700710235479104,2.2855004889859494
B0050,5,2,4.0,3170.984,1.648789607776492,0.824394803888246,Healthy,3.2490350549942337,2.1749971933736196,4.158856235580694,0.3012168992699295,-2.000046726807743,-2.014864087482442,0.000554485227798267,0.1550185686022167,12.882473241826201,5.616949769418875,19.05864532227174,2.8130004927728627
B0050,7,3,4.0,3135.344,1.601636485397804,0.800818242698902,Healthy,3.276984379936998,2.1911951483218752,4.183088539012577,0.3367936052395719,-2.000149531228784,-2.0155624547698805,0.0012972011603773763,0.15646780883423334,12.442013542177062,5.652675320864224,20.111233999456417,3.012182838362289
B0050,9,4,4.0,3049.781,1.5517564797427017,0.7758782398713508,Warning,3.2890741542906974,2.1942759978640183,4.1834218050176215,0.3458021895819519,-1.999381685199029,-2.016192178653311,-0.0008381528329988883,0.15896584915327105,12.067451252934292,4.872961637252524,20.278735817853075,2.9929596792092914
B0050,11,5,4.0,4565.859,0.03255841710834194,0.01627920855417097,End_of_Life,4.452558225780352,0.3492816607816715,4.535649473663294,0.45139102467212533,-0.029284266758646555,-2.0134497447946256,0.007024894051589139,0.2266914840455668,5.787557091529866,4.128248041576162,6.935918101259972,0.6539289797400267
B0050,15,6,4.0,5428.594,2.6401491157387014,1.3200745578693507,Healthy,3.3355734950869853,2.1784008909706682,4.542426686314755,0.4710232349341452,-2.0055567331475808,-2.018766969100753,-0.0023418313489393912,0.12118220794191122,15.239769089136006,5.066163609661971,24.962762102598134,3.299470051397031
B0050,17,7,4.0,2646.797,1.359027658891632,0.679513829445816,End_of_Life,3.2573285012561177,2.1918281570306326,4.180885798287954,0.32256589458488555,-1.9976916428210447,-2.016882367193576,-0.0009662055465600451,0.17277805306194982,12.391726056611569,5.505267020863149,19.265522316221983,2.7231145189718977
B0050,19,8,4.0,2705.594,1.3742172692238257,0.6871086346119128,End_of_Life,3.2495783074004967,2.1945981119604814,4.184295530413868,0.3426084225287386,-1.9978786539081472,-2.016230384723665,-0.0008078978327771496,0.17154233356608012,12.491970904185653,6.4376618061725805,18.663327817580566,3.1247044194366644
B0050,21,9,4.0,2627.828,1.3528030430821978,0.6764015215410989,End_of_Life,3.2675758567757787,2.1871747097810523,4.186758460479898,0.3311799473492466,-1.9973459914842018,-2.0165268325750443,-0.0010864412677022341,0.17440260843265842,12.223956310303723,5.691397399881454,19.24741197475352,2.776770193304453
B0050,23,10,4.0,2981.312,1.3607406193458433,0.6803703096729217,End_of_Life,3.1510598793508446,2.1918823058659096,4.185256536983114,0.440120697689787,-1.9987818593787239,-2.017293825164074,-0.0019052899181587113,0.16437771356321362,13.38638423557352,6.282431267421633,22.784422727870645,4.13976092660547
B0050,27,11,4.0,1941.797,0.5268786924650971,0.26343934623254855,End_of_Life,3.5669768532640593,0.32032996389875884,4.160830604206153,0.5756133149277236,-0.981190437842449,-2.014695797616069,0.007662088497867164,1.004670130767669,9.39503756076183,6.486912837601938,13.887369323051947,2.3359322420369453
B0050,29,12,4.0,2663.625,1.4002714246164416,0.7001357123082208,Warning,3.252056715450036,2.1842630942134558,4.184284380356375,0.28764267064283283,-1.9975116671519328,-2.0203138964301943,-0.00041354134322596085,0.17478242706324068,12.718196082251707,5.523037677188137,17.779357290699473,2.6887861057363076
B0050,31,13,4.0,2862.25,1.4289274755270827,0.7144637377635413,Warning,3.0874838435029104,2.1762467490120763,4.184699738172036,0.32217340699723396,-1.9977018363826191,-2.0182354363143165,-2.080941182058583e-05,0.16899167792159797,14.939082954475598,6.154497922963432,22.235523638017437,3.6589362683647764
B0050,33,14,4.0,1894.485,0.07658354174014805,0.03829177087007402,End_of_Life,3.527243039562959,2.1381406475642324,3.691318669736286,0.2566861037274176,-0.1977094301032127,-2.0100328722713914,0.0010017792081184562,0.594442549956751,7.209330122235991,5.107502494872204,10.434223507755965,1.3940674358299017
B0050,35,15,4.0,1799.25,0.5736933387569048,0.2868466693784524,End_of_Life,3.2035526569134523,2.1260336204243564,3.7956487236587715,0.31677473569620235,-1.2349850771455337,-2.0132843977975976,0.0007884947759117238,0.9777666034680972,12.119721382650447,4.427213945189828,18.155212967925518,3.5987592736949425
B0050,39,16,4.0,1741.204,0.3014742035427856,0.1507371017713928,End_of_Life,3.4168857432287325,2.186548090086204,3.757656239642927,0.2937200921447344,-0.6917680676449821,-2.0132816182317166,-8.12706965232208e-05,0.9533483483019841,9.057556338502183,5.371475858985706,14.027851994614435,2.4085059220351264
B0050,41,17,4.0,236.156,0.0,0.0,End_of_Life,3.322716204974352,3.2123720225635264,3.7574298441231093,0.13818621834338482,-1.8435138843844037,-2.0120442634592433,-0.0003280551663796232,0.5554805408743254,7.604996558081503,5.999408447664574,9.290927916610503,1.0649366622878167
B0050,43,18,4.0,1899.218,0.17956542632321462,0.08978271316160731,End_of_Life,3.290574483611846,0.1970552492968445,4.171560623651518,1.3661689177905438,-0.34492441297103527,-2.014103231474595,0.009404169941310025,0.7553900658594405,7.204792493597744,4.322848390943331,9.918067818733402,1.366603695319564
B0050,45,19,4.0,2305.25,1.179168781562907,0.5895843907814535,End_of_Life,3.210764993027875,0.19273770746186986,4.062962069472706,0.3520660539839948,-1.9854902626239654,-2.017632920268886,0.0037686521621014234,0.2328237651840717,12.058448732368104,6.381610401948285,19.262784970646152,2.8466703188562863
B0050,47,20,4.0,1690.594,0.0961913170505672,0.0480956585252836,End_of_Life,3.520738945664212,2.1295104990476927,3.705386395014377,0.31376769533158194,-0.28958023501338087,-2.0114062797913776,0.0007872900400683599,0.7018216319833401,7.604057088612014,4.6612470313829695,10.698614481562748,1.3294118708883058
B0050,51,21,4.0,1800.421,0.27808517709104497,0.13904258854552248,End_of_Life,3.3510986530307876,2.199179035422044,3.7635457349114034,0.34211077566894926,-0.730533269815449,-2.012015024168927,0.0009899673190403551,0.9650303299770926,10.185710952125977,5.941784298170032,15.425941131175092,2.597434754335813
B0050,53,22,4.0,1633.25,,,End_of_Life,3.40018711839692,0.4130567628886104,3.818979027069523,1.1144060076881888,-0.0026691029202025296,-0.005634257662189343,0.001969758227957242,0.0013480195237691554,5.65936924570859,4.145554558318415,6.6283285313680995,0.6580979963716611
B0050,55,23,4.0,1737.172,,,End_of_Life,0.29667794891607624,0.26990846662474766,0.3599544547321904,0.018258259103061444,-0.00020481609959402023,-0.003194462825713509,0.0023806806614454406,0.0008498380953309441,5.884714514591004,4.278658411930267,6.566309956548845,0.509358126139875
B0050,57,24,4.0,1614.406,,,End_of_Life,0.24197773151733176,0.23398362100651354,0.2492950753551196,0.004552759645591222,-0.0003686155594945948,-0.002770152094766425,0.003637107200649105,0.0008662784396407076,5.647486022663556,4.256497460341938,6.606324237240683,0.6179859930145521
B0050,59,25,4.0,1708.86,,,End_of_Life,0.23472276332269082,0.22599553989299218,0.2459800772270432,0.004240678033506281,-0.0003350898998805385,-0.0022529445382954683,0.002348216855097087,0.0009295859142613563,5.894264423762076,4.285879485827624,6.577509402056284,0.5228826871017783
B0051,1,1,4.0,1713.235,0.6434735598158292,0.3217367799079146,End_of_Life,3.1549295868000704,2.469359676853076,3.8000325140227753,0.24949992589633,-1.4446529772433487,-1.9904601456447135,0.0013116512309689287,0.8847672913692306,13.521306814955082,9.111380110221905,17.933039751399626,2.413799328883197
B0051,5,2,4.0,3170.984,1.2931804619982779,0.6465902309991389,End_of_Life,3.3515013948204975,2.4943981098310886,4.166332642660912,0.2872737595522955,-1.542691727192151,-1.99003056135952,0.003172090739780221,0.827857956939632,12.32941609273775,5.559342704925847,17.97953483271074,2.6665813529742826
B0051,7,3,4.0,3135.344,1.2288940261191657,0.6144470130595828,End_of_Life,3.4103353813308233,2.493737690186406,4.197817181186768,0.28523535604931677,-1.4746378269373634,-1.9907652212254523,0.0018351090044872215,0.8692952141010344,11.786163300295161,5.537156809077428,16.976273689395825,2.44260510717085
B0051,9,4,4.0,3049.781,1.2039031789717949,0.6019515894858974,End_of_Life,3.399036037954353,2.484825203522635,4.201090648817504,0.30053329603900986,-1.5006800020025486,-1.9902247660821277,0.0011545811125547067,0.8542773238331072,11.79177216318508,4.373525140056248,18.15291521418941,2.8132247291423753
B0051,11,5,4.0,4565.859,2.330873478782131,1.1654367393910654,Healthy,3.35046347393405,2.481006838176381,4.4605398643795535,0.32148983671746467,-1.896821592318448,-1.9923919648262227,0.002726226991029837,0.4125947318277537,14.855344209164883,5.098450949325577,20.74350641722436,2.9672174572368077
B0051,15,6,4.0,5428.594,1.0092808819126011,0.5046404409563006,End_of_Life,3.5507869816186806,2.4989144012367213,4.183564695802171,0.31846619438148666,-0.737481989835175,-1.9906556562988877,0.002222824944260118,0.958407418420706,9.407360590589006,4.186097078007529,19.42896460124537,3.981652246415266
B0051,17,7,4.0,2646.797,0.9565659895125322,0.4782829947562661,End_of_Life,3.3747303939191564,2.4909800416005967,4.201222601303239,0.3405991310336022,-1.4120917458916038,-1.9928667511122287,0.0010371434859419734,0.9009123872168417,12.00427347710193,5.426447209679076,18.9541455757646,3.226571048143966
B0051,19,8,4.0,2705.594,0.901956291365404,0.450978145682702,End_of_Life,3.4288897043375743,2.4946772785123836,4.202406487867388,0.32826748930467053,-1.2823219733883888,-1.9902384975692378,0.0006812868774389288,0.9502045620787294,11.420322251577586,6.059036363902386,17.468709072861763,3.0111252859475206
B0051,21,9,4.0,2627.828,0.8897906666138162,0.4448953333069081,End_of_Life,3.391239374171384,2.4990630530936326,4.204413406598424,0.352004473513818,-1.3407891208749412,-1.9907063729195358,0.0010369244546384764,0.9306233865517781,11.80356781146328,5.591121385175445,19.153660408464766,3.316866662078161
B0051,23,10,4.0,2981.312,0.8830717036634559,0.44153585183172794,End_of_Life,3.458540277576628,2.4911013141195597,4.203308441652878,0.3324924168349503,-1.138956624462563,-1.990986162648124,0.001341261080022701,0.98207485665999,10.939133221658826,4.940486515770837,16.52477794467856,3.157731187687598
B0051,27,11,4.0,1941.797,0.8431270354481757,0.42156351772408784,End_of_Life,3.331880238029603,2.487899627353052,4.187936112831865,0.3163477200742021,-1.6577316261962292,-1.9921565534257668,0.0022593304792197207,0.7390691550949311,11.883224057630693,6.288909422298661,17.11375752268931,3.037016729352585
B0051,29,12,4.0,2663.625,0.826559103449663,0.4132795517248315,End_of_Life,3.4455112582421257,2.4928843010694406,4.204131585576503,0.33619110921202383,-1.2024628091563312,-1.9907118191391828,0.0011385679482569084,0.9708250000538584,11.104558398908889,5.099449929132662,17.63739523383682,3.263232114757081
B0051,31,13,4.0,2862.25,0.8352681546837963,0.41763407734189817,End_of_Life,3.4313160640623783,2.4993609910440835,4.20261624712583,0.35815523073671035,-1.168347837338951,-1.9901462850291596,0.0006626894133903654,0.977283009568985,11.406827135294929,6.015605534281872,18.522369238924334,3.2660653873838936
B0051,33,14,4.0,1894.485,0.8025719464987874,0.4012859732493937,End_of_Life,3.3091927488307733,2.498094046924129,4.204441713018145,0.34601512322628875,-1.665118160522683,-1.9918526087146262,0.002239088154357066,0.7324553507574597,12.198436592525173,5.385185542414158,18.399233275283038,3.2585330732612876
B0051,35,15,4.0,1799.25,0.7839218784699513,0.39196093923497566,End_of_Life,3.321646649287508,2.495501924298458,4.205629455017258,0.3272666238754537,-1.6832381832629877,-1.9915285938625498,0.0022906662061056723,0.7162432100387093,11.825318185585296,4.0024683515999895,17.275372082939334,3.2509951414587865
B0051,39,16,4.0,1741.204,0.7910763493036002,0.3955381746518001,End_of_Life,3.2949705809839465,2.4904774374699135,4.18869211223692,0.3235007365968801,-1.7405566859787576,-1.990859718937767,0.0006567456152538762,0.6554581938948395,11.83597928071688,5.697805223790791,16.60444518809659,3.3194551626547035
B0051,41,17,4.0,236.156,0.0,0.0,End_of_Life,3.7129537186963533,3.546618065659587,4.197410333228745,0.1669049734777025,-1.8228736152324203,-1.9900013859472852,-0.001492309302374482,0.5489907351754784,7.054471734319081,5.861636797924052,8.422696645654868,0.8230156671600426
B0051,43,18,4.0,1899.218,0.7654538269480236,0.3827269134740118,End_of_Life,3.3300145239416707,2.491598912047876,4.1821997161959255,0.3395777482664856,-1.5726949110278066,-1.994157229105373,0.0026026422672707217,0.8078277812096167,12.009985166510232,3.957976104923049,17.682518901037938,3.2059050931898745
B0051,45,19,4.0,2305.25,0.773177347633947,0.3865886738169735,End_of_Life,3.3919119959638957,2.4869071541416994,4.194584498935661,0.35638681001022166,-1.314248973317158,-1.9911277842699446,0.0002846629432911602,0.9401014278571495,11.6895460366882,6.220888547997254,16.94512387438401,3.0881100333145954
B0051,47,20,4.0,1690.594,0.7605293776416485,0.38026468882082426,End_of_Life,3.267971796503206,2.499952602276462,4.197406401996851,0.3428169953071062,-1.7652832229320168,-1.990804461946515,0.0009007613061717446,0.6261186248074948,11.987366110206718,6.260405354471425,17.545176388637014,3.5291583434544167
B0051,51,21,4.0,1800.421,0.7376430319247004,0.3688215159623502,End_of_Life,3.2933938275360117,2.4997210982004625,4.189508964301152,0.3590516804914694,-1.639295567416511,-1.9906884481379319,0.0008332610521895075,0.7558573541665345,12.368454802055908,5.826687243750715,18.870237090882178,3.4653544827151888
B0051,53,22,4.0,1633.25,0.739179500257907,0.3695897501289535,End_of_Life,3.271485849685164,2.491516785323916,4.19596724295681,0.33848982670408667,-1.755416228780336,-1.9935500054668205,0.0007388983254680313,0.6382903102949943,11.810149488093078,5.279036135378427,16.8501327260127,3.5565541004905263
B0051,55,23,4.0,1737.172,0.7014575429842594,0.3507287714921297,End_of_Life,3.30778530525047,2.496222014851971,4.190531975284901,0.36134166968132025,-1.6005657555126516,-1.993456926596487,-0.002102449039809,0.788899482468073,12.09457421285805,5.705707902684859,18.12397455517185,3.2472633210510273
B0051,57,24,4.0,1614.406,0.7047349480541781,0.35236747402708907,End_of_Life,3.2841455177779646,2.488325882818304,4.178476681914968,0.3390591963624162,-1.688137636758635,-1.9932734131292418,-0.002804955657237204,0.7136594617631018,11.797027499425711,4.62220261072529,16.26047891418261,3.484183239889457
B0051,59,25,4.0,1708.86,0.677848893570423,0.3389244467852115,End_of_Life,3.3119152698386256,2.495715251425015,4.1919700049548565,0.3640096476263335,-1.5784322210682304,-1.9937534992241324,-0.001692394568462106,0.8055609325619871,12.079392114792578,5.747210329435954,18.153508709771476,3.2178750739662867
B0052,1,1,4.0,1713.235,0.8606591508342232,0.4303295754171116,End_of_Life,3.134533959399899,2.691234036028442,3.83956882325682,0.199051167374189,-1.8085460674911942,-1.9979778414937188,0.003880862809400138,0.5789326593888221,13.147685384792432,9.069624088614459,16.429874854641657,1.8824211187779671
B0052,5,2,4.0,3170.984,1.4183095114360322,0.7091547557180161,Warning,3.3543285492513166,2.694829986819334,4.150553672824585,0.25476954686587244,-1.6188443277128228,-1.9975690832350859,0.0035513340178752323,0.7788978948394184,11.746281905613133,5.6048850827966,16.315701424377302,2.2769775459654733
B0052,7,3,4.0,3135.344,1.3707123028693164,0.6853561514346582,End_of_Life,3.3958185323324503,2.6969580006046856,4.176524869238658,0.256939580564026,-1.5816653430049945,-1.99887278060858,0.004463378186989059,0.807397982709563,11.375626826625542,5.598362446781771,15.689005573106092,2.0977717880202476
B0052,9,4,4.0,3049.781,1.3515647352626494,0.6757823676313247,End_of_Life,3.3984180977394076,2.697283446718984,4.178983136527925,0.2503874125937315,-1.6050658905122477,-1.9980539993077262,0.004926692294043467,0.7898713374612447,11.242586382966397,4.808830747218545,14.971275763649981,2.2950024733247627
B0052,11,5,4.0,4565.859,,,End_of_Life,0.23689766012253222,0.22682521043328058,0.24097057206858588,0.0032558201489849463,0.0009519931365801819,-0.002607655499470773,0.004461569211283259,0.0011574263629846775,5.5591158087032575,3.8635535255180384,6.581808344024416,0.6064868900425454
B0052,15,6,4.0,5428.594,,,End_of_Life,0.33891988449688537,0.32591440938121413,0.40137408149367293,0.017956312796620157,0.001606066991113857,-0.002460237793367044,0.005572836812193923,0.001264031174756748,5.817834945150515,4.3048268681272654,6.737694429645351,0.5826702771757876
B0052,17,7,4.0,2646.797,,,End_of_Life,0.3234807888442702,0.3222221275291471,0.3247660042446946,0.000532472924246063,0.0016235355548411957,-0.001650745598861621,0.0048922114406281785,0.0010917214240515885,5.782840820033069,4.294134789182306,6.627599429348354,0.5718611787253127
B0052,19,8,4.0,2705.594,,,End_of_Life,0.32390294292207045,0.3218827423030691,0.3249405523148152,0.0005126390017183435,0.0017009736020436172,-0.0024835009189281966,0.005881936751343631,0.0011379082680604113,5.813684831217029,4.337401843395162,6.583040639790345,0.5854451854157858
B0052,21,9,4.0,2627.828,,,End_of_Life,0.324473351966894,0.3232168838079549,0.325615660720445,0.0005260762697959968,0.0016835484501732413,-0.001619370203186377,0.00564187815871528,0.0012716349458774306,5.767637628902302,4.088460854301281,6.6517285530931165,0.6047901821555485
B0052,23,10,4.0,2981.312,,,End_of_Life,0.3246618757239439,0.3230251103407697,0.3259509224348625,0.0006163348562621368,0.0017691848194601309,-0.0025621144997701392,0.005648914660467398,0.001255692567133682,5.786917078715292,4.152170544763002,6.5987627942231075,0.6259649883033247
B0052,27,11,4.0,1941.797,,,End_of_Life,0.35320476265266726,0.34329394728157264,0.39555711883977845,0.01018669789649121,0.001101607967952844,-0.004031722617157291,0.004442004423884504,0.0013158272334909647,5.683693761052382,4.295326888372164,6.6219772375278785,0.6313548486850314
B0052,29,12,4.0,2663.625,,,End_of_Life,0.32336120090005843,0.3211377350306882,0.32747449035264015,0.0012005736019427239,0.0017674388415943375,-0.002246214913340847,0.0053189356737964695,0.0011656525277558146,5.727340157746257,4.209613925149064,6.646274566862874,0.6386942445917718
B0052,31,13,4.0,2862.25,,,End_of_Life,0.32391593370497757,0.32173765393135323,0.326717874874792,0.001352886179486786,0.0018028458478070053,-0.001113603383964557,0.004888719507506538,0.0011197770527989193,5.9003989237563355,4.2463804778295415,6.672403840084891,0.5847458454992
B0052,33,14,4.0,1894.485,,,End_of_Life,0.32524374198582356,0.3234955258719347,0.3273918513110536,0.001086472238455846,0.0009999293403992829,-0.0018832581571349137,0.003949906948670785,0.0010897013583043482,5.883705249180587,4.301808315088896,6.586040670084572,0.5001761695680642
B0052,35,15,4.0,1799.25,,,End_of_Life,0.3257026258942197,0.3237199275721395,0.32791863875082183,0.0010589357479739265,0.0012246272453871508,-0.0020233078842302192,0.004433275578181344,0.001216650958284621,5.705300542411731,4.21985790678756,6.6242080981673,0.5837673305339739
B0052,39,16,4.0,1741.204,,,End_of_Life,0.4073647899207004,0.38102489266303374,0.5149253197410989,0.0236141842467576,0.0009738784326758117,-0.0021243526893894686,0.003441963240646281,0.0010768155963151128,5.659816925973588,4.229630605693718,6.59530928801328,0.6447025823261561
B0052,41,17,4.0,236.156,,,End_of_Life,0.3295911981833905,0.3288279450149741,0.33044222558555514,0.0003875070512486938,0.0014850775059943595,-0.001405463087205491,0.003753927035261317,0.0011998672734814856,6.161148563000329,6.043681510135424,6.28820769613908,0.07330389931902695
B0052,43,18,4.0,1899.218,,,End_of_Life,0.3234524095139687,0.3194939610849327,0.3268780977694632,0.0021208418269958226,0.0010125446676861223,-0.0028406177148489003,0.007878538535169125,0.0014356438439088398,5.75534290155213,4.250224268238789,6.582054970348843,0.5204470944596107
B0052,45,19,4.0,2305.25,,,End_of_Life,0.32192337326959014,0.31842123387521715,0.3285254196383198,0.0025907893230318426,0.0014556084963795843,-0.0021744937725428743,0.005364005746397463,0.0013197366512578235,5.773897577009191,4.334620862969653,6.588698518838487,0.5633972674513908
B0052,47,20,4.0,1690.594,,,End_of_Life,0.32179114268680864,0.3170418237707028,0.3283222855989348,0.002422607463049976,0.0007146315354782119,-0.005367553747710151,0.005666445250580279,0.001332849142877477,5.7051337493509084,4.116363083382981,6.60717530952573,0.6937475850326409
B0052,51,21,4.0,1800.421,,,End_of_Life,0.4906874413217856,0.4493991260435427,0.7680244991448124,0.05800217593421646,0.0006360953513319604,-0.0046554791818517495,0.004080821584837899,0.001297808999846434,5.961640391926228,4.30153025031131,6.61496479869181,0.5442586740243041
B0052,53,22,4.0,1633.25,,,End_of_Life,0.32496324886560674,0.31787914424915487,0.3361141058865468,0.0032707355730961854,0.0007483565391353448,-0.001055249806083085,0.0032393522005432747,0.0009612103554067053,5.640355163569891,4.105312741328231,6.6145133816337776,0.6778649349358088
B0052,55,23,4.0,1737.172,,,End_of_Life,0.3200749504297927,0.3153630335182592,0.3261771649155523,0.0042662793887462275,0.0009327810681929919,-0.0017286751543799978,0.0036759481454355426,0.001227912656347401,5.878312867355149,4.274591490668015,6.546796095221561,0.5235435313609949
B0052,57,24,4.0,1614.406,,,End_of_Life,0.32277757293497206,0.3154931438300191,0.33129201158051325,0.00324003105603885,0.0008479125301492479,-0.004054908278835504,0.00563175165187883,0.0011810325593971734,5.623840641053641,4.247288105777669,6.595730103984381,0.633202574695128
B0052,59,25,4.0,1708.86,,,End_of_Life,0.3208764063278491,0.31539862717685724,0.3284411359130549,0.004741236430773303,0.0010572655790795653,-0.003952501918584883,0.01264316253494947,0.0016097506985829969,5.882304744716434,4.247028337117804,6.555064601703525,0.5446006779054543
B0053,1,1,4.0,2349.64,1.0691417886194299,0.5345708943097149,End_of_Life,3.0828389099409663,1.9808329057464713,4.082016063841389,0.3672575674000287,-1.993560711727946,-2.0157846600725544,-0.0024914557337994726,0.19293040133780212,11.988576567861957,5.6480393241342135,19.02185891684059,3.430030461977064
B0053,5,2,4.0,2560.688,1.1540727934432229,0.5770363967216114,End_of_Life,3.1103286425468237,1.9735558560671433,4.178658528567033,0.40154460512338475,-1.9952648424142538,-2.0158554217685096,0.0006393162265119631,0.18562225212881595,12.059863244911188,5.543675124020882,18.304754041202315,3.2542255946184744
B0053,7,3,4.0,2522.375,1.1501525413826983,0.5750762706913491,End_of_Life,3.1104628288221936,1.9558143264177166,4.192255020207044,0.41963172945920213,-1.9952720113784062,-2.0157450085599695,2.0450141392531515e-05,0.1872703733601147,11.967885395858058,6.154198814950669,19.33942752368694,3.1338875709597436
B0053,9,4,4.0,2488.719,1.1305863853936766,0.5652931926968383,End_of_Life,3.115027942360279,1.9974831055926598,4.192588912486402,0.409301125630312,-1.994739489778059,-2.0158186517663363,-0.00028987970241778615,0.18884245762359272,11.985900972885712,5.896215310159421,18.729143210051177,3.158751896035587
B0053,11,5,4.0,2474.844,1.121790272357562,0.560895136178781,End_of_Life,3.109376043532363,1.974695202836088,4.192849949462827,0.4143003600848971,-1.994716528121975,-2.0154879896693143,-0.0010990640357604051,0.1896398128496683,12.004376962205335,5.959010081605195,18.709411575172346,3.1749729725153886
B0053,13,6,4.0,2473.875,1.1135982401443856,0.5567991200721928,End_of_Life,3.1067532264566258,1.9637397944562873,4.193081087954604,0.41059239608652565,-1.994462268339957,-2.01514791138818,-0.0001586110429059859,0.190027920480536,12.133888437168595,5.846660329659284,18.63570596513145,3.3407235929085917
B0053,17,7,4.0,2495.5,1.0864654057095062,0.5432327028547531,End_of_Life,3.083406677687234,1.9443649588528493,4.179165887700054,0.4213068159253873,-1.9944377413009737,-2.0165720599153336,-0.0010307934301536966,0.1896275949258001,12.32708937826574,4.908867265489057,21.292305794774187,3.8117507966193274
B0053,19,8,4.0,2481.078,1.0647493568993147,0.5323746784496574,End_of_Life,3.080580001769896,1.9470490842081751,4.191975122366585,0.43045116084864515,-1.994535794151797,-2.0161080991224587,-0.0009173979841988148,0.1904302658731364,12.164497494980397,4.163834525552001,21.011599594200046,3.921673111337913
B0053,21,9,4.0,2460.125,1.0809288094959644,0.5404644047479822,End_of_Life,3.0828198149689934,1.9602813323957715,4.1919635181969905,0.4461026007246853,-1.9942887474626396,-2.0159395612536084,0.0007767461392423074,0.19178209536965893,12.128732336863894,6.560250515665322,20.939938897683515,3.446106332193973
B0053,23,10,4.0,2440.547,1.0852752041846463,0.5426376020923231,End_of_Life,3.095128536447283,1.9605995541160257,4.192155796080977,0.4153815174985487,-1.99423279352749,-2.015751416688318,-0.0014786883453424093,0.19256853836417348,12.245191547318633,5.925238378002409,19.283836838998095,3.4914836120392003
B0053,25,11,4.0,2449.922,1.0504799933740894,0.5252399966870447,End_of_Life,3.078011917190656,1.9595048550370973,4.192319942921637,0.43011047924182044,-1.9941297761315324,-2.0145490297544875,0.00047693576555615265,0.19254663161090613,12.190916714981144,4.216243718800515,21.101391697483887,3.9357676765815426
B0053,29,12,4.0,2408.781,1.0853550177054305,0.5426775088527153,End_of_Life,3.0992512260717127,1.9845858202377116,4.178294459840927,0.4094892867197389,-1.993681474074749,-2.0175406007257113,-0.0013334970754673272,0.19436043960247354,12.163073942837917,6.132961419005288,18.64340722345076,3.2329262729184536
B0053,31,13,4.0,2442.547,1.0508395690790722,0.5254197845395361,End_of_Life,3.0759964813859115,1.9446709162715439,4.192753069603226,0.4295733697871356,-1.994006147873811,-2.0152928005596524,-0.000924942803725175,0.19356134577450745,12.292542702117027,4.384930600130763,21.313677971413888,3.86195497561056
B0053,33,14,4.0,2420.671,1.060906788333118,0.530453394166559,End_of_Life,3.076814828498021,1.9692766515934297,4.192029518756707,0.447476192133071,-1.9936703356758645,-2.016114129246863,0.0011360498138273684,0.194923318505692,12.1295279689702,6.632750483611317,20.92811979857166,3.456895093045902
B0053,35,15,4.0,2409.906,1.070582461063814,0.535291230531907,End_of_Life,3.0908348956433267,1.991566826677512,4.192422731350341,0.4142812537110478,-1.9936409148373782,-2.0152155871167707,-0.0009644415013623828,0.1952899243574318,12.364595355360214,5.945060994833763,19.930786955410536,3.628020823748087
B0053,37,16,4.0,2416.672,1.024036665663697,0.5120183328318485,End_of_Life,3.0705536079059534,1.9588680902433295,4.192159667005352,0.4383440137868843,-1.9937041845656749,-2.0158432646768185,-0.0010442208821026852,0.19581385714972924,12.128324396717016,4.996866437841353,21.0220574646762,3.901764163026641
B0053,41,17,4.0,2395.75,1.0670957253433857,0.5335478626716929,End_of_Life,3.087460321440554,1.9836880271317603,4.177933640317498,0.4099215875980613,-1.9931353663259233,-2.0152978607340772,-0.0009203110711447914,0.19661229179867515,12.302129277138697,6.030995537951039,19.091622529647232,3.510177504948113
B0053,43,18,4.0,2410.688,1.0279237850447498,0.5139618925223749,End_of_Life,3.0715434654202056,1.968810244689163,4.192397472111982,0.4291773441484477,-1.9931266937645042,-2.015387641467015,0.0004730600690917541,0.1962531898680632,12.366585260617878,4.410907685703091,21.30570494347084,3.871212314607392
B0053,45,19,4.0,2402.125,1.0325426399701008,0.5162713199850504,End_of_Life,3.0648787393041275,1.940239319338743,4.191651190035001,0.447220254346678,-1.9933351618651365,-2.017433515230241,-0.0022575515022887033,0.19708052367703138,12.13341884254367,6.183556319848309,21.068855242444318,3.8215651946599425
B0053,47,20,4.0,2355.265,1.055948784653705,0.5279743923268525,End_of_Life,3.0920593287919123,1.9763616179319545,4.191822005194803,0.41904160889899295,-1.992634824405149,-2.016831246534153,-0.00037758708435256733,0.1991251081766138,12.146814956196247,6.218257931736524,19.0403826843671,3.2331250087875394
B0053,49,21,4.0,2396.719,1.0445313831308718,0.5222656915654359,End_of_Life,3.0752264215555254,1.958878972318411,4.192766032434195,0.422986350626055,-1.9928701313578603,-2.0149856192697904,0.0013789590238786516,0.1977945059765872,12.493460218119651,5.631538993521259,21.229882941943842,3.8461532577714546
B0053,53,22,4.0,2442.344,1.035313906812183,0.5176569534060915,End_of_Life,3.063652287832334,1.9866817453254884,4.151701089360854,0.4109499577184017,-1.9928226279037262,-2.0155113891751384,-0.00037279313860409566,0.19627691787013682,12.212439916474112,4.834059703350848,20.949809700571592,3.94091877207182
B0053,57,23,4.0,2444.703,1.076341053101982,0.538170526550991,End_of_Life,3.081738329329653,1.9605382250198837,4.177926260298856,0.4109230992788704,-1.992894098916617,-2.0152683941461595,-0.0007667134481947448,0.19625541678629305,12.533800131697804,5.816404832755973,20.122996890408825,3.70309422827419
B0053,59,24,4.0,2412.25,1.0352223140423542,0.5176111570211771,End_of_Life,3.0712653565298207,1.9904175883780109,4.19142646613203,0.43793980747527617,-1.992442672698046,-2.0162575030692795,-0.0004304055028616027,0.19997743385177089,12.15752125414067,5.994937390316825,20.906313087706064,3.776557840381734
B0053,61,25,4.0,2403.234,1.0514287056908256,0.5257143528454128,End_of_Life,3.0775076513338275,1.9817745728975946,4.191965715839513,0.42060950530386554,-1.9925886065719591,-2.017437032117796,0.00040571768791883316,0.198745791634274,12.500489505201012,5.843094607514775,21.200762542996532,3.82619225366374
B0053,63,26,4.0,2361.047,1.060332934638968,0.530166467319484,End_of_Life,3.081721091323029,1.9986378497920827,4.19127356264746,0.43314899763377257,-1.9921660756337995,-2.0149215751246916,-0.0005409954422397432,0.2006310105408517,12.129752391274424,6.534507460429901,20.01669492389786,3.316682625689819
B0053,65,27,4.0,2392.468,1.0236966462748538,0.5118483231374269,End_of_Life,3.065618110074436,1.9475532037509713,4.192474641560636,0.4298823469597102,-1.992579022263777,-2.0155065877750697,-0.00014318735622483305,0.19967075419289493,12.4375808996521,5.292102618551012,21.300888549752415,3.8794934335396083
B0053,69,28,4.0,2373.89,1.0465884668750887,0.5232942334375443,End_of_Life,3.078450046499129,1.9971786671898824,4.17716731983324,0.41000583259873047,-1.9922556312887356,-2.0152751887801044,-0.0010996594085787435,0.20054415976838352,12.499986997045514,6.062594917966209,19.859103950325803,3.6780239708067284
B0053,71,29,4.0,2383.234,1.0031121684812232,0.5015560842406116,End_of_Life,3.0625561806089783,1.954304860794578,4.191922035679278,0.4320687516761118,-1.9924849523302153,-2.0172461252654528,0.0011518379007899502,0.200751071329243,12.407329307373491,4.155331079532283,21.371062787995548,3.942603293432399
B0053,73,30,4.0,2342.453,1.0461578935615607,0.5230789467807804,End_of_Life,3.070668465167841,1.9728121678621011,4.1914917424018325,0.4440273461674607,-1.991918687181604,-2.0162327917586262,-0.0008815153454927485,0.2025439010411108,12.12683073125857,6.613111096765472,20.121473725568496,3.319817221990971
B0053,75,31,4.0,2359.296,1.0156263513525605,0.5078131756762803,End_of_Life,3.0689252222547845,1.9932654775438805,4.192505197154108,0.42421458928103906,-1.9920764243229472,-2.0152751189158074,0.0006252834043416089,0.20230955464826064,12.488226976946088,5.384038595466962,21.375504791399432,3.828362671381147
B0053,77,32,4.0,2345.453,1.0250054893129452,0.5125027446564726,End_of_Life,3.059463155886766,1.9677305370734945,4.191388693209469,0.45113145725801507,-1.9916033205160302,-2.0163318275424214,0.0002033850866796623,0.2031941837650818,12.141455926320956,6.733785656878497,20.75519907919811,3.5467885876728853
B0053,81,33,4.0,2360.172,0.9801331625592913,0.49006658127964564,End_of_Life,3.0515604930870808,1.9646771872417268,4.176817913788527,0.4323327657355643,-1.9918811626801765,-2.015461100618231,0.0012327070269828925,0.2027517934179745,12.395143910298117,3.8100701431339856,21.495108529574846,3.977147949002984
B0053,83,34,4.0,2315.407,1.036777776420363,0.5183888882101815,End_of_Life,3.077258112412092,1.9842967959422222,4.191203897341503,0.43069043564890847,-1.991620909948196,-2.015619248928888,-0.00023297215409106225,0.20480161793501314,12.19451958922961,6.571237691712169,19.650976156235696,3.3017541762496285
B0053,85,35,4.0,2322.156,1.026830062058722,0.513415031029361,End_of_Life,3.0764274410465147,1.9519786488395736,4.191950279497998,0.42059886915905087,-1.9916919647659999,-2.0158297917061314,-0.00049115823080157,0.20474538262732978,12.32467046038635,6.1462236331107984,18.85601423191303,3.4296845137844953
B0053,87,36,4.0,2327.1570000000065,1.0150379662805102,0.5075189831402551,End_of_Life,3.0735171627901745,1.9991200294367055,4.191989330112193,0.41662715562486796,-1.9916164333598745,-2.016194986579563,0.0005143921546676719,0.20483049302771522,12.456556362135045,5.991686497438792,19.66943680638515,3.6559082170817794
B0053,89,37,4.0,2335.0,0.9904614739486177,0.49523073697430886,End_of_Life,3.0586262243104274,1.9919158008530222,4.192193889063254,0.42927186660093597,-1.9915769869135742,-2.0162179222845116,-0.0008923751552711325,0.20476733168138345,12.493233578273262,5.005649306807032,21.138845685984403,3.8901067749033906
B0053,93,38,4.0,2329.375,1.0145765174582757,0.5072882587291379,End_of_Life,3.0655406838342585,1.9455914118085802,4.176984220978375,0.4178415324973847,-1.9913283590219126,-2.015859431138657,0.0002985192303386969,0.2054000114027028,12.497083720348076,6.107617724558953,19.288047919779906,3.5889675059045043
B0053,95,39,4.0,2333.875,0.9811308944080389,0.49056544720401946,End_of_Life,3.0545790418645686,1.9745609840275167,4.191893131054369,0.4329575022601096,-1.991453914785753,-2.019579743107578,-0.001048112947959699,0.2052135197360848,12.499664099435382,4.640287420859574,21.3268013324968,3.9474540509641454
B0053,97,40,4.0,2317.453,1.0041687429386437,0.5020843714693218,End_of_Life,3.050692756091621,1.945088917895143,4.191053526742021,0.45557607620300034,-1.991333341091594,-2.016238639458721,-0.0001436127775450853,0.20637439240466254,12.233147481743185,6.703945330872971,20.84260661100648,3.539028106343443
B0053,99,41,4.0,2295.109,1.007820487960787,0.5039102439803935,End_of_Life,3.0706836502741286,1.9541644750198832,4.191344296215671,0.4197126146609342,-1.9909759973896202,-2.0172163751638545,0.0034891455382591984,0.20763558974864585,12.380002749755878,6.278938371508271,18.56010936417985,3.5174357615548404
B0053,101,42,4.0,2326.657,0.982454133084564,0.491227066542282,End_of_Life,3.051595420919736,1.935548354335742,4.1920711169862885,0.4330541261129851,-1.9908720980814456,-2.0162879372042917,-0.0004130883441005047,0.2086342364458206,12.616251645969692,5.426196267928294,21.59240098021019,3.953357238270081
B0053,105,43,4.0,2479.297,1.1096775355538027,0.5548387677769013,End_of_Life,3.072187965091245,1.9814063517681837,4.132408076306833,0.37973652107519174,-1.9918802848881905,-2.0155258990014104,-0.0003234771223779787,0.2001592210661668,12.829588969895449,5.4465816574183386,20.679962323191948,3.8907536398739766
B0053,109,44,4.0,2463.578,1.1136801589914762,0.5568400794957381,End_of_Life,3.094404341842919,1.9931418060709154,4.175775307137671,0.3937350055132331,-1.9920173318720953,-2.015457752881536,0.0004740087596200527,0.2011587602397214,12.589854217504927,6.1046272872518585,18.987480522594797,3.511506017332382
B0053,111,45,4.0,2458.812,1.0385009100572404,0.5192504550286202,End_of_Life,3.070776135685358,1.947894370100842,4.19084164853627,0.4265774800577266,-1.9921854505345817,-2.0161593144943324,0.0007358271196004014,0.20181673045681803,12.499581621225964,5.236010150862445,21.621996984314368,4.105416825997478
B0053,113,46,4.0,2400.672,1.0768815902180078,0.5384407951090039,End_of_Life,3.093317588803282,1.9856387948209866,4.19061444729718,0.40402494875258393,-1.9915614937804331,-2.0159544884457428,-0.00016637326763602745,0.20415466752983233,12.550448845753783,6.159663782524879,18.973652680872625,3.5235660649162077
B0053,115,47,4.0,2396.407,1.0721705505837382,0.5360852752918691,End_of_Life,3.0749380759068083,1.949232767477218,4.191036582578031,0.4292139003308446,-1.9913636586660952,-2.015999719716144,-0.0011993209666156085,0.20470831213728502,12.432369953422185,6.664645815607591,20.978900321002104,3.6886589568209356
B0053,117,48,4.0,2392.375,1.0124588999851116,0.5062294499925558,End_of_Life,3.0677280268889113,1.971670057823583,4.190677216614621,0.42830138482517427,-1.9913026171829147,-2.016625929850398,-0.0011465796503559143,0.20523003516878283,12.51661002939304,4.819866959645669,21.79016577987201,4.089973011693193
B0053,121,49,4.0,2373.687,1.0279944857549583,0.5139972428774792,End_of_Life,3.0638438118587557,1.9947630114629615,4.174970264553197,0.42866113266128036,-1.990880837032101,-2.015107043691624,0.00016566978380197644,0.20643095370636444,12.386978430486096,5.579247052636922,21.259687238039497,3.941063252118468
B0053,123,50,4.0,2385.922,1.0304147279049998,0.5152073639524999,End_of_Life,3.069633671738992,1.93495405419616,4.191223425605613,0.4199389263176685,-1.99127383323294,-2.01589697281402,-0.00021292077475091218,0.20589329198074352,12.86442209459833,5.440421040819881,22.11367611975276,4.0562120599077325
B0053,125,51,4.0,2345.0,1.0556163273995052,0.5278081636997526,End_of_Life,3.0774703956362286,1.9626921591466933,4.1907916530158085,0.42690883574172533,-1.9908555652032598,-2.015193789051477,-0.0019060860682032956,0.2078755301693919,12.452887134609785,6.572423757587878,20.512663513524156,3.509872389378997
B0053,127,52,4.0,2363.047000000006,1.0011115418162628,0.5005557709081314,End_of_Life,3.065650898720959,1.965011869626919,4.191391388470691,0.4227891941535756,-1.9910466332112344,-2.015263550837058,-0.0001999016038291173,0.2074601428679696,12.717167506079072,4.487249730728364,21.838243278861643,4.079011612762807
B0053,129,53,4.0,2316.687,1.0466839215498662,0.5233419607749331,End_of_Life,3.087680483774557,1.9982886464924436,4.1908069648629,0.40816542041065523,-1.9904913026405957,-2.0167120885262446,5.900360699598403e-05,0.2096917592612199,12.479976931874727,6.396599642741529,19.19841243068418,3.4634545418846816
B0053,133,54,4.0,2322.0,1.047181656018543,0.5235908280092715,End_of_Life,3.080080108538352,1.987337089818558,4.176075101120923,0.410392627499761,-1.9901940926688606,-2.015138320039454,-0.00018938626383544272,0.21031097333443624,12.53086381740867,6.475850983046928,19.947938817320452,3.4851987175506847
B0053,135,55,4.0,2357.687,1.0102740078425778,0.5051370039212889,End_of_Life,3.0638130274525714,1.9333820178355814,4.1919833117809935,0.4228184094074482,-1.9906079852392542,-2.017603787583275,-0.0006837028578907995,0.20855690973084906,12.900294389057347,5.219841286029437,22.111677092018486,4.090487218539545
B0053,137,56,4.0,23.0,0.0,0.0,End_of_Life,4.060790325607858,3.8013484699433544,4.190597056442859,0.1834531088409898,-0.6718360254347512,-2.011883291667193,-0.0015391791119224564,0.9475565353223828,6.164758961234487,5.839075704114906,6.582625875555882,0.3104728483606927
B0054,1,1,4.0,2660.313,0.7399351039859233,0.36996755199296166,End_of_Life,3.224017445984581,2.1808531235872497,3.849482783980402,0.3815469150642992,-1.1710330967045814,-2.0141419446019238,0.001657303109799735,0.9906765187929834,12.463481398239779,6.150630538748289,19.2224107892251,3.633030982368913
B0054,5,2,4.0,2826.0,1.1665440238116096,0.5832720119058048,End_of_Life,3.250620648698839,2.1857283549042807,4.1501696736386835,0.3386591963925303,-1.6489958041029575,-2.0146172696903197,0.0013584955382444815,0.7729412168039773,13.22908734445715,5.108163550070373,19.13350840101625,3.075625460619675
B0054,7,3,4.0,2818.578,1.1052521456138635,0.5526260728069318,End_of_Life,3.3125509639490387,2.191704472328808,4.18097797086454,0.34858738277033435,-1.5571513787964162,-2.0143625410829222,0.00023873656479977246,0.8407035308367392,12.767949622305693,6.216746939670361,19.246439328077983,2.8776041653916584
B0054,9,4,4.0,2713.812,1.0960302257185877,0.5480151128592938,End_of_Life,3.014547209987882,2.194436684364802,4.183817862511293,0.46948230029577886,-1.997470366256859,-2.0147009133139475,-0.0009827143677666654,0.1681126525132696,14.48548355867213,5.191019676552512,25.274344894624623,4.893114675470845
B0054,11,5,4.0,2786.578,1.0754450685609742,0.5377225342804871,End_of_Life,3.362083204238267,2.1744802077788186,4.179551945393369,0.3305518681697366,-1.4975619564128648,-2.0151107748835604,0.000746405422960514,0.876888573842336,12.210694836100142,6.0970206115609225,17.912726519981458,2.6133006353454324
B0054,13,6,4.0,2667.89,1.0655493528023796,0.5327746764011898,End_of_Life,3.01935322902276,2.1991956579298835,4.186221002348923,0.4847331663805104,-1.9970237894724439,-2.0153415190841444,-0.0016264277226859995,0.17046928252351917,14.382852820878863,5.390283064555845,25.399130245059563,4.976387670080271
B0054,17,7,4.0,2530.172,1.0568368579972396,0.5284184289986198,End_of_Life,3.294907679053512,2.195382286735059,4.162967318861197,0.35095634652775587,-1.6640786232847224,-2.0145865502939007,0.0020975301953515407,0.7599142768398927,12.646539321462496,4.660863557714339,19.958495728003356,3.3401957273286684
B0054,19,8,4.0,2446.062,1.0449064445364842,0.5224532222682421,End_of_Life,3.099558518903638,2.186961493066742,4.186119302404479,0.4440840946235038,-1.9715817292939632,-2.0144164466227608,0.0009125387621697327,0.28071126657732315,13.501798463127008,5.262700511098681,22.3455512044548,4.396026752954323
B0054,21,9,4.0,2713.25,1.0458363976936966,0.5229181988468483,End_of_Life,3.344320754921095,2.1792899341144296,4.183685207894235,0.35598978364984957,-1.5296202376253885,-2.014507087829109,0.00039492348656279156,0.8581608198475545,12.310686417130766,5.527548494059786,18.346440665576743,2.8990591827042134
B0054,23,10,4.0,2676.578,1.018187920878015,0.5090939604390075,End_of_Life,3.3393968492515325,2.1960491387884744,4.186682919177322,0.37236613088582243,-1.5281296055710467,-2.015019913901801,0.0016014352924118309,0.8590258160046891,12.449589157423155,6.059669560082017,19.776786565302107,3.282031827377799
B0054,25,11,4.0,2394.734,1.0226409233672233,0.5113204616836117,End_of_Life,3.1066787302612444,2.1942476804372792,4.187137846103755,0.4486783147290371,-1.9701082949463853,-2.014966759457277,-0.0016221042848951182,0.2858247014795942,13.39260571620204,5.452031534117803,22.520284175103843,4.326673589591767
B0054,29,12,4.0,2673.0,1.03890961861509,0.519454809307545,End_of_Life,3.3713317734388912,2.1907481286563577,4.170757473231068,0.3338724769382628,-1.5000378935218985,-2.014728010762573,0.0006027268621741907,0.8753287821054756,12.045245019281868,5.969757341249526,17.54568061289479,2.6405766446047463
B0054,31,13,4.0,2619.578,1.0173250354350074,0.5086625177175037,End_of_Life,3.1171442968796907,2.185877354823723,4.18733783943504,0.4599686022254519,-1.8653555811837863,-2.0143689610455375,-0.0002219994334112035,0.5220141978302597,14.027143186292392,5.015066312968263,22.730114882559054,4.870547835748247
B0054,33,14,4.0,2640.016,1.033183911994548,0.516591955997274,End_of_Life,3.3723181530355464,2.18549830376202,4.183271363053432,0.3355452594878319,-1.5115018139952767,-2.014355748891674,0.001816929184552581,0.8690718502772081,11.98698791631262,6.037899412491442,17.24230903543893,2.639076441558451
B0054,35,15,4.0,2621.187,1.0095232119739597,0.5047616059869798,End_of_Life,3.3752367769573675,2.169486415611112,4.1871763489072675,0.3452092682304832,-1.497824274090196,-2.0146806054764226,0.002773703601396977,0.8768093667317244,11.961246010798938,6.267140578035413,17.67282228813571,2.694439849772501
B0054,37,16,4.0,2616.453,0.9862483259626477,0.49312416298132383,End_of_Life,3.0680241783485127,2.1991609285274296,4.187497017349983,0.4831202869627064,-1.9179494962272428,-2.0150473398447923,-1.7629063355837714e-05,0.42401066413497696,14.303923037098802,6.396319300611759,24.83365687277193,5.439757230736072
B0054,41,17,4.0,2565.109,1.0080048320000436,0.5040024160000218,End_of_Life,3.080029423131606,2.16946894247905,4.167864162415893,0.4642371793654741,-1.9314917930639428,-2.014525320811098,-0.0005324313139626278,0.3930623513852889,14.014570142346548,4.558886140748058,23.814869897999767,5.159532126935495
B0054,43,18,4.0,2532.531,1.0153387761254196,0.5076693880627098,End_of_Life,3.0995001166042586,2.189366386338004,4.182759232638332,0.46583957419245015,-1.92048742497431,-2.0146338064826703,-0.0006604754560847501,0.4184753694374373,13.82742179742786,5.113078726408071,23.286158021770156,4.943148780815533
B0054,45,19,4.0,2556.593,1.0106786853355956,0.5053393426677978,End_of_Life,3.135117188240346,2.1938108499397133,4.183401065560466,0.4662350174333838,-1.849612166299431,-2.0145545734774464,0.0013945089029192212,0.5472514394967809,13.793181239419976,5.459348970463833,22.857688282463826,4.697349852361344
B0054,47,20,4.0,2577.891,1.010409656585336,0.505204828292668,End_of_Life,3.361825569933971,2.195354018162212,4.174098618023754,0.3436137684863983,-1.525824007413269,-2.015071938818325,0.0007660352901161889,0.860474900024956,12.006556818172502,6.016757746012392,17.0744400013979,2.7281748729948103
B0054,49,21,4.0,2572.36,0.9801433323963482,0.4900716661981741,End_of_Life,3.069748420550782,2.1757051329882087,4.187244537540539,0.4799992711735956,-1.9223708469458909,-2.015121108029787,-0.0006062256347945364,0.41453314962853155,14.223331420666247,6.042658985360008,25.034160636506623,5.495816846054426
B0054,53,22,4.0,2697.75,1.1016641723624385,0.5508320861812193,End_of_Life,3.0996476610968013,2.1816843710356264,4.149611746563943,0.4521735090161669,-1.9101165488009806,-2.013901151718406,0.001140880412561725,0.4397270126931448,13.816713741617784,5.709210511913059,23.829313770803374,4.696040253577503
B0054,57,23,4.0,2683.406,1.0826512239001271,0.5413256119500636,End_of_Life,3.3276361450033405,2.1869057073992466,4.167185143906847,0.35948054205009217,-1.6020144332363573,-2.0160965699328157,0.0009108413298960059,0.8095613802014833,12.297445133045807,5.941327162782235,18.148295901779747,2.963012301345992
B0054,59,24,4.0,2646.156,1.0575008387868343,0.5287504193934172,End_of_Life,3.090887653178106,2.1798631989492883,4.1862395960608145,0.4815909637859592,-1.9236868575194104,-2.01701234819005,-0.00022496464382392673,0.41153597215148424,13.917709213674303,5.668984753416842,24.240504107723478,4.9194830738119055
B0054,61,25,4.0,2593.531,1.0385517331615322,0.5192758665807661,End_of_Life,3.1255606087732573,2.1957368370641035,4.183562459488766,0.4657110417283071,-1.8803961080701523,-2.01436163651519,0.0001856418346329867,0.4965538703959045,13.738247646589583,5.469812211001457,22.93935470684112,4.7284837622334095
B0054,63,26,4.0,2604.125,1.0073294901291132,0.5036647450645566,End_of_Life,3.0910099520509644,2.197272162359153,4.183469543197807,0.4727173191119414,-1.905113543140002,-2.0144384240735826,-0.0007398599616689479,0.45046912738449346,14.02103674221244,4.207201525065222,24.77112444800467,5.458086273059849
B0054,65,27,4.0,2588.594,1.0160400308540347,0.5080200154270174,End_of_Life,3.371121145966289,2.186991625035034,4.182803471091083,0.3418740107749257,-1.5218810456368534,-2.014431202432039,0.0003704464091711674,0.8628924610399091,11.909908874752377,6.28640211010205,17.39258920543283,2.665977862233
B0054,69,28,4.0,2579.203,1.0158319636440951,0.5079159818220476,End_of_Life,3.3382772643772527,2.1839945875783817,4.177543051799468,0.36536981720356954,-1.5596078514903517,-2.013986354296884,0.0015834763482331915,0.8390734999254026,12.313622257322168,6.134279357915084,18.305747733025576,2.9515433339086465
B0054,71,29,4.0,2555.453,1.0015383803216271,0.5007691901608136,End_of_Life,3.275227014636782,2.1974155139704856,4.18745666665725,0.41250675314092117,-1.6471246950174097,-2.014668185258512,0.0004232581665302052,0.7744557953079095,12.835536006037291,5.986542220048711,19.849601783840107,3.4952332326415325
B0054,73,30,4.0,2525.609,0.9812488615918239,0.49062443079591195,End_of_Life,3.08264025202744,2.1944796571193828,4.187380122640154,0.4659479263712653,-1.9257089452541614,-2.0148626167695514,0.00034826580565833215,0.406527456090443,14.025334270032486,5.1610554839040566,23.697887384213885,5.17251943509124
B0054,75,31,4.0,2536.172,0.9987416030110134,0.4993708015055067,End_of_Life,3.3354691487943056,2.19582689132158,4.183314724424282,0.36862552330887216,-1.5632544144584157,-2.0148532560429055,0.002364863753619552,0.8367176886118618,12.206393799822907,6.207886752135766,17.639370990163055,3.03727063603368
B0054,77,32,4.0,2536.204,0.9584014230949642,0.4792007115474821,End_of_Life,3.06956232360524,2.180729125655269,4.187279483525102,0.481929550033192,-1.9167231691178084,-2.0149047097695103,0.0005164594761546608,0.42638135006373545,14.157912343382947,5.270843180696913,24.855759413239454,5.556497702168125
B0054,81,33,4.0,2488.86,0.9800846133894623,0.49004230669473114,End_of_Life,3.1084291827280213,2.198606902338691,4.168586129733135,0.4629538934214686,-1.8791583665297855,-2.0144352591101575,0.0007119884144027251,0.4981996466458128,13.877029644763786,5.722103182419851,22.633573596217214,4.858738852821246
B0054,83,34,4.0,2518.547,0.9720372198962766,0.4860186099481383,End_of_Life,3.3581509225423294,2.178492152794792,4.183747098480424,0.36250812218539735,-1.5204721015245712,-2.014355978821028,-0.00036545100214209524,0.8635903174675006,12.000734280236426,6.476137773602135,18.24210090664387,2.9808082832257363
B0054,85,35,4.0,2485.766,0.9693202807518411,0.48466014037592053,End_of_Life,3.1056894645085027,2.1931605321338634,4.187523274109238,0.47303999609321185,-1.8782588716032265,-2.0147034101308976,-0.001213446025668264,0.5001069908874506,13.961422230756659,5.800936573345654,23.459587106388874,4.8644774454572195
B0054,87,36,4.0,2506.718,0.9479786388506265,0.47398931942531325,End_of_Life,3.076065545012625,2.1971158447610275,4.184269535257578,0.48707266224388035,-1.8963921640135797,-2.0139210824745613,0.00025148770751944933,0.4671066628275037,14.14108020855593,5.20293193928935,24.87318926454243,5.571168046818542
B0054,89,37,4.0,2459.297,0.9638519569071228,0.4819259784535614,End_of_Life,3.121042954980713,2.192446180613871,4.183868392040906,0.4724685014041262,-1.8576897659318123,-2.014478855847645,-0.00040409008968580567,0.5343800532956422,13.857077682108361,5.761431625069411,22.57895105031832,4.743810440127282
B0054,93,38,4.0,2488.734,0.9682336695484697,0.48411683477423484,End_of_Life,3.330025768269621,2.1750045839249057,4.169539487587025,0.37409389371900514,-1.5518869076190895,-2.0139737933023243,0.0011348713724745041,0.8439202315204394,12.299989669041157,6.232059973571748,18.155876160419844,3.0181655523825075
B0054,95,39,4.0,2491.375,0.9407020864603765,0.4703510432301882,End_of_Life,3.067009596769174,2.1906356157422464,4.18749739820457,0.4799350043744763,-1.9124622855946998,-2.0144314834515082,-0.0001950074727625963,0.4352780785948879,14.212120623239777,4.305592971843159,24.745737558953422,5.565387412166769
B0054,97,40,4.0,2467.328,0.9618442077038963,0.48092210385194817,End_of_Life,3.224323331222822,2.1969226044699126,4.183674115350642,0.4427289044730542,-1.7011264817066785,-2.0183776817827956,0.0009356891792545672,0.7264478959343267,13.232401754114171,6.057179250867235,20.864500972462256,3.941572056302791
B0054,99,41,4.0,2466.125,0.9332340144199703,0.46661700720998517,End_of_Life,3.348287536831091,2.188259141429684,4.185924206625423,0.3775713800692734,-1.5163049342863169,-2.0139931249992817,0.0019142818319308526,0.8661280908921731,12.098481296366476,6.468117226524763,18.59367691804772,3.1106080718070763
B0054,101,42,4.0,2459.3129999999946,0.9313454737145217,0.46567273685726085,End_of_Life,3.0573024563037245,2.1682818867328626,4.187821519147336,0.47561109127899337,-1.9284095076756849,-2.014238765879417,-0.00043856980764374125,0.39991239609813206,14.31610663580659,5.303774553024726,24.597212846034733,5.428737662096574
B0054,105,43,4.0,2559.125,0.9976429099116705,0.49882145495583524,End_of_Life,3.076951013118892,2.187733999755357,4.145501189988608,0.4596033211251679,-1.8954338677218168,-2.014308805131467,0.0012042722615816558,0.4681791844133181,14.083550544682673,6.241830602241886,24.13178710047615,5.046650524372285
B0054,109,44,4.0,2534.156,0.9833315262972037,0.49166576314860183,End_of_Life,3.085795975435223,2.158914847324055,4.168037433999008,0.45585392917113776,-1.9122439737900219,-2.0138438441231696,-0.0005107111364260782,0.43523263772644,14.07160712441505,5.210845802643093,23.612194914633058,5.124965838822448
B0054,111,45,4.0,2521.985,0.9904370062777442,0.4952185031388721,End_of_Life,3.3302769619097354,2.1913469960772693,4.182894970276525,0.37423915865451124,-1.5658732171156964,-2.0139333922350606,0.0019869431863795443,0.8349326563214217,12.23792511997238,6.279878251621095,18.35582339692624,3.0628697900669932
B0054,113,46,4.0,2503.172,0.9499871340436294,0.4749935670218147,End_of_Life,3.071754770434524,2.1887585386046826,4.187269403966888,0.47181434451781323,-1.9198544645109012,-2.014466237816939,0.00022500026938121047,0.41971326055887087,14.182674582038874,4.477295308936727,24.73342335069987,5.485977150726865
B0054,115,47,4.0,2474.344,0.9526027840900876,0.4763013920450438,End_of_Life,3.0794678744671966,2.198239401427243,4.183666770470569,0.47038250391065417,-1.9091163760160397,-2.0139589410587826,0.0008260621950833093,0.4418943286807832,14.103323081309012,5.442342429736949,24.172566338551658,5.275871795570882
B0054,117,48,4.0,2349.64,0.8850175175465715,0.44250875877328577,End_of_Life,3.0669938746662084,2.1796805503092664,4.071079307477162,0.42481869951423595,-1.8522071985944888,-2.0140304829398645,0.0018807534469409174,0.5421581299436855,14.073408640034845,5.47822256069228,23.99040081449467,5.151458657897365
B0054,121,49,4.0,2560.688,0.9937402750241768,0.4968701375120884,End_of_Life,3.092460830981556,2.1687268442761383,4.166737300664872,0.4489764628038364,-1.9078833192347389,-2.014601101608025,0.00010055846998006083,0.44423206339971666,14.081056672524559,5.408422142688242,23.497913584081875,5.060677610299959
B0054,123,50,4.0,2522.375,0.995507330519279,0.4977536652596395,End_of_Life,3.109872659544261,2.191725388766709,4.182736373587939,0.45670636505505685,-1.8886275942243516,-2.0140748044967807,-0.0001340855903797161,0.4814008468979406,13.882912785076055,5.991148211664694,22.413638355604547,4.85652600286646
B0054,125,51,4.0,2488.719,0.975407870968116,0.487703935484058,End_of_Life,3.0916929425969144,2.16190489413124,4.183619389994964,0.462710674002482,-1.9132216217910722,-2.014119788854084,-0.0009088109033558232,0.4332045173216257,13.976909425974554,5.732819885900644,23.276288269463745,5.015926019584127
B0054,127,52,4.0,2474.844,0.965960558373922,0.482980279186961,End_of_Life,3.092077800709679,2.1867699716569766,4.18340061507743,0.46508897870418126,-1.903346510749379,-2.0142173050860928,-0.0007885955181956948,0.45346787954721146,14.001484389915577,5.802609023266695,23.166415774259068,5.028970361742991
B0054,129,53,4.0,2473.875,0.9573702621688754,0.4786851310844377,End_of_Life,3.0868228519569625,2.198752976514828,4.183750141327261,0.4660845858344752,-1.9027928791898274,-2.015149324108691,1.1367125201972806e-05,0.4543467857601098,14.09360506240207,5.707079898235714,23.915519230311656,5.171090270640353
B0054,133,54,4.0,2495.5,0.9294756591964932,0.4647378295982466,End_of_Life,3.072604933827402,2.166553275090901,4.1672081859932595,0.4741459661854555,-1.8852058718255222,-2.0142477748570418,-0.00019434778849587278,0.4873920610599945,14.300275862318225,4.93538168742523,24.7714915843067,5.502036071739478
B0054,135,55,4.0,2481.078,0.9323553879823946,0.4661776939911973,End_of_Life,3.076772656394079,2.1974146026719614,4.183066668693598,0.4860560260720249,-1.8841642253203457,-2.01446153517772,0.0013874457314458318,0.4896972427554574,14.124062472619883,4.50850198558012,24.68396453173386,5.545839071997699
B0054,137,56,4.0,2460.125,0.954568378404969,0.4772841892024845,End_of_Life,3.2911829197288838,2.1984537160355733,4.182465009412686,0.4002402595850726,-1.6061202048940721,-2.0143094298980313,0.0018773137499837943,0.8065630050437527,12.64526098166937,6.318974814008205,19.020363167421827,3.3904547047243008
B0054,139,57,4.0,2440.547,0.9330242104372937,0.46651210521864683,End_of_Life,3.0675140530182183,2.1699490089903373,4.186729661376772,0.4700539863741289,-1.9185686957922583,-2.016093932087486,0.0006865116494746228,0.422261192536753,14.223331638985794,5.717180727157979,24.13873479197664,5.315208930702878
B0054,141,58,4.0,2449.922,0.923294184000959,0.4616470920004795,End_of_Life,3.0671371599201427,2.176887912375456,4.183427098166605,0.49036668855060744,-1.8904802137424435,-2.014278751068411,0.0016624872979337753,0.47820648722308273,14.139185148296136,4.5571193663113245,24.815641221382517,5.574731312903319
B0054,145,59,4.0,2408.781,0.9257799164262976,0.4628899582131488,End_of_Life,3.078813614886158,2.1883883016985664,4.166698332057613,0.4637428478184985,-1.8976415345909172,-2.015356074543067,-0.0004749170899645399,0.46426455169422765,14.087390371698557,5.95152652801808,23.24485824164149,5.0679691473239545
B0054,147,60,4.0,2442.547,0.9162765793280084,0.4581382896640042,End_of_Life,3.066888936059056,2.170115376243027,4.184004022833215,0.4881657891077164,-1.8894343368968853,-2.0143329905022145,-0.0011675266871354949,0.4800403901992128,14.202958247128624,4.512821345911608,24.863734259210677,5.541834720381487
B0054,149,61,4.0,2420.671,0.9387011679112469,0.46935058395562346,End_of_Life,3.2822748078833337,2.1966197167856167,4.182970368325371,0.40605393003704404,-1.6116712184183057,-2.0139655039502675,0.0012409509425369265,0.8022592064884524,12.672879944135305,6.386136733118297,19.187532398616906,3.485624000140772
B0054,151,62,4.0,2409.906,0.9158990586877171,0.4579495293438586,End_of_Life,3.06323475400009,2.1844861596911245,4.186946857158577,0.47181425339507915,-1.915975846751273,-2.0144164428749267,-6.733606290536308e-05,0.42798315656317404,14.267116889972154,5.7601794341551535,24.608575630578702,5.395643006669626
B0054,153,63,4.0,2416.672,0.9202608990433788,0.4601304495216894,End_of_Life,3.3294345220814243,2.1969048206503072,4.182782183216822,0.3841743553084177,-1.5310760587444987,-2.0139993110110943,0.00024263459284232727,0.8571188852688129,12.173995572424568,5.299966599875553,18.813867999485474,3.358015905624632
B0054,157,64,4.0,2395.75,0.9111253917360889,0.45556269586804443,End_of_Life,3.059197039764698,2.189593119391126,4.175798948316686,0.462904931901908,-1.9239678603051142,-2.014122151363509,-0.000656711189930434,0.4097762049603954,14.240824503948055,5.848905637040475,23.949250535387122,5.287862501805799
B0054,159,65,4.0,2410.688,0.8980507043695345,0.44902535218476725,End_of_Life,3.0606951230963726,2.1801159908061365,4.183432164471636,0.4882595020990805,-1.8954445735817307,-2.0146239260917764,0.00110241434006503,0.4689055311605991,14.275292993104369,4.531652125286138,24.821471701624326,5.519801542360202
B0054,161,66,4.0,2402.125,0.9278864624016372,0.4639432312008186,End_of_Life,3.3096645129465334,2.1883204645817864,4.182464884390648,0.3910091017942073,-1.5627949305443112,-2.0143268562937324,0.002480571029170381,0.8370560484716688,12.319879487331049,6.38067529782157,18.578117414146718,3.4075134228851205
B0054,163,67,4.0,2355.265,0.9118415396987224,0.4559207698493612,End_of_Life,3.068838395977353,2.176027126654838,4.187190771734197,0.4678032510174497,-1.9221081343667143,-2.015447318773766,0.0015452491424955046,0.4147635698400738,14.017340985088923,6.022446604287029,22.523812738647745,5.013896794136877
B0054,165,68,4.0,2396.719,0.8936491649329469,0.44682458246647344,End_of_Life,3.0642577232510537,2.192431157609426,4.184124653963867,0.47844243532923353,-1.8937037642157026,-2.016007641646079,0.0034241831776561853,0.4719847580195421,14.309673058312116,5.483998805799034,24.885270958035292,5.512766724202866
B0054,169,69,4.0,2442.344,0.9100864492604255,0.45504322463021274,End_of_Life,3.05089172896046,2.165885100454371,4.1396795894908935,0.4671935859704066,-1.8756620997311104,-2.013710590988413,0.0009557015458926164,0.5037523082238219,14.20580721645281,5.038499992280609,24.49535100296176,5.491934039342205
B0054,173,70,4.0,2444.703,0.9114904731460941,0.45574523657304705,End_of_Life,3.0723870805326334,2.1973597496316057,4.166798038044882,0.46253078991512925,-1.8854776045140642,-2.014086384956398,0.001560750459114676,0.4865584836442392,14.343325580342825,5.651935504910369,24.79248513927076,5.382422542691299
B0054,175,71,4.0,2412.25,0.9337172811638196,0.4668586405819098,End_of_Life,3.292510597456584,2.1972629267290893,4.182556356872751,0.40276410051128936,-1.589261111842247,-2.013579783626152,0.0010676082475306711,0.8185974391578565,12.52113276136492,6.168296951051776,19.418861776320842,3.581330346902087
B0054,177,72,4.0,2403.234,0.8981517756068776,0.4490758878034388,End_of_Life,3.0615420925064947,2.198752877987022,4.18680349899093,0.47024558166972374,-1.9122401856096214,-2.0145269757019744,0.0025721386949795707,0.4349681841165372,14.320010513448283,5.6482188713412365,24.843161021240146,5.463044136112703
B0054,179,73,4.0,2361.047,0.9139367135371254,0.4569683567685627,End_of_Life,3.104814009888728,2.198603650230703,4.184455817920845,0.4701474993480748,-1.8597568424209727,-2.013833114751838,0.0016361724730521111,0.5308325423546811,13.817833063271001,6.280754106924835,22.81807409211731,4.827695425351758
B0054,181,74,4.0,2392.468,0.8764848617154279,0.43824243085771397,End_of_Life,3.0591573873230504,2.1805571893421827,4.184079696303244,0.4854988348932182,-1.891396177801322,-2.0142375375887425,0.0002252713399257331,0.4764207206518031,14.23049295284562,5.217782787981243,24.58129890321389,5.491816953836319
B0054,185,75,4.0,2373.89,0.8854917958581964,0.4427458979290982,End_of_Life,3.0574972660409525,2.174201624293327,4.166279880071051,0.46961639058169885,-1.9002601186022197,-2.0145185318391374,0.00075025286877133,0.45930622447747305,14.343710795679344,5.889172082910019,24.654627092855215,5.413647302795984
B0054,187,76,4.0,2383.234,0.8819074622846708,0.4409537311423354,End_of_Life,3.0567448490556264,2.1705705059131044,4.183737744816785,0.4927494868838382,-1.890256821336201,-2.014683733517366,0.0008023234274003381,0.4785427999421318,14.146643227132303,4.3491996290214985,24.667711168999986,5.508832459062339
B0054,189,77,4.0,2342.453,0.9045809105944795,0.45229045529723977,End_of_Life,3.151370552126675,2.196118065671102,4.18293565751089,0.462979187610989,-1.7845839996739221,-2.0176843567914893,0.0023862872409208293,0.6359463052273824,13.55224741011707,6.348441643412096,21.67226159753115,4.463528904003509
B0054,191,78,4.0,2359.296,0.8734606349455996,0.4367303174727998,End_of_Life,3.0561639338398625,2.184361072149743,4.18457456922587,0.48433359091392664,-1.8986075226465784,-2.01440809078633,0.0009782170913423776,0.4627460555977183,14.28080189135689,5.249499157393519,24.961444132266895,5.4903580250400035
B0054,193,79,4.0,2345.453,0.903131190986828,0.451565595493414,End_of_Life,3.236611432340167,2.1930074246895095,4.1835244239011375,0.43174487105282466,-1.6591500079295531,-2.0155539688129593,0.0013516333253500849,0.7642392976205469,12.92628985289928,6.471624054328617,19.86209455847644,3.8543904727071827
B0054,197,80,4.0,2360.172,0.8712217754060124,0.4356108877030062,End_of_Life,3.0377786371686537,2.1685391483011838,4.171664411266561,0.4893674108485851,-1.9081461941354183,-2.0138149794596263,0.0008212597056584845,0.443450637247438,14.22945813956484,4.062685213629907,24.813991518744384,5.577595322229931
B0054,199,81,4.0,2315.407,0.8936499043476617,0.44682495217383084,End_of_Life,3.096631349811912,2.1987726546793334,4.183480212813237,0.4703928655728548,-1.8642154954714252,-2.0144066602582416,0.0007200303241818877,0.5240182909130836,13.889055949262897,6.3492044227029645,22.3422759308799,4.875009838364587
B0054,201,82,4.0,2322.156,0.8835064014687892,0.4417532007343946,End_of_Life,3.0611426143701355,2.1680465237840907,4.183649118386083,0.47515270120038505,-1.9063318856890261,-2.0144189721619354,0.0033154160604280483,0.4479282747414171,14.09831645395676,5.955778945436106,23.389616432610406,5.201982377451173
B0054,203,83,4.0,2327.1570000000065,0.8779403705367915,0.43897018526839576,End_of_Life,3.0558445282698004,2.1849035687167166,4.183468521205082,0.47788326856376434,-1.9062132651550836,-2.0141152321395848,0.0015777467579256015,0.44788045329837306,14.205610727972747,5.825550922776701,24.437246414395887,5.3921388541936865
B0054,205,84,4.0,2335.0,0.8599389109365094,0.4299694554682547,End_of_Life,3.0499483326806858,2.1788266272471644,4.1836327331469265,0.49287439499625163,-1.8957242503552245,-2.0141663967491747,0.0007191346742737015,0.4682443483648635,14.19998846070805,4.985875777467166,24.617323081703876,5.494697500167102
B0054,209,85,4.0,2329.375,0.8697358119609565,0.43486790598047825,End_of_Life,3.0516041952252326,2.173598497548058,4.165207327973796,0.4735375693901364,-1.8948015430442458,-2.0132527178328865,0.000910308610259446,0.4693689415722677,14.288204303284642,5.918637843485242,24.271941214408503,5.356981156541108
B0054,211,86,4.0,2333.875,0.8638271814812677,0.43191359074063385,End_of_Life,3.0472454916360254,2.171024131749843,4.183812225950738,0.4969887318640774,-1.8950958802980535,-2.0141620392272914,0.0005900335384779272,0.46948121077239063,14.208858242752529,4.717320820720208,24.804728027574093,5.502050967698334
B0054,213,87,4.0,2317.453,0.8865694537789144,0.4432847268894572,End_of_Life,3.231306720712414,2.193241046616703,4.183143233797935,0.436782712135734,-1.6587879730372206,-2.0142693231407978,0.0023148276563043756,0.7648902521788657,12.936183613815922,6.440562810414375,19.87934804833635,3.827712481465217
B0054,215,88,4.0,2295.109,0.8690078572313327,0.43450392861566633,End_of_Life,3.0561992011444175,2.1928820402300686,4.185938542114043,0.47136584970940465,-1.9142507746667623,-2.0151269835079497,0.0024617092309174083,0.4315690071547906,14.084182887600768,6.077473970046565,23.51552492010551,5.194727202972277
B0054,217,89,4.0,2326.657,0.8474446088377652,0.4237223044188826,End_of_Life,3.049101236395701,2.1802092140590776,4.18432308250829,0.4885585785121676,-1.891201590561377,-2.0142021506611645,0.0014826400043264907,0.47675788540200376,14.275903069670573,5.302928909816632,24.913142338885027,5.525873302221363
B0054,221,90,4.0,2479.297,0.8799727721580702,0.4399863860790351,End_of_Life,3.0592618954233486,2.1788337133933458,4.1182630057067415,0.4339539347562813,-1.8398920804939838,-2.014661709338553,0.0018633848146805603,0.5605350544972514,14.30665353308513,5.3201153230195395,23.80380834532953,5.198323013080422
B0054,225,91,4.0,2463.578,0.9110444582768508,0.4555222291384254,End_of_Life,3.070487564105729,2.1830841723157457,4.164907528561344,0.45276173010866033,-1.8791742872877957,-2.013850378393117,0.0012618306032770841,0.497825219264259,13.97058204189835,5.942709497554191,23.08245417914552,4.9857386351844895
B0054,227,92,4.0,2458.812,0.9121724293355059,0.45608621466775295,End_of_Life,3.067048133380307,2.1910520386239125,4.182445897550156,0.4900855100659872,-1.858308089580359,-2.01445536812595,0.0010734731299127606,0.5332078284746234,13.799155081842601,5.221682916333026,23.778234573688007,5.296249876763943
B0054,229,93,4.0,2400.672,0.8872043975884799,0.44360219879423995,End_of_Life,3.0722065010406205,2.199607761547385,4.182116565141312,0.47093489252758597,-1.8751258468342007,-2.0139766427208468,0.0009478484694142137,0.5050249703558009,13.85337076803369,6.009128924685555,23.05943482945761,5.010765932712208
B0054,231,94,4.0,2396.407,0.8961236767959215,0.44806183839796077,End_of_Life,3.117253230362332,2.1991241347308157,4.183709805636206,0.4724066406561051,-1.800714268791482,-2.013905512810969,0.0011116971892386513,0.6154971879826162,13.514874679422098,6.458699847661158,22.244929264861582,4.7237952692674385
B0054,233,95,4.0,2392.375,0.8851334001128452,0.4425667000564226,End_of_Life,3.0560602390351073,2.1873002342387666,4.18305579589887,0.5011024201844595,-1.8630586445315187,-2.013316103545993,0.0012263788356902125,0.5252708498345107,13.789537640473576,4.81267925487376,23.801178997375885,5.330724972511812
B0054,237,96,4.0,2373.687,0.8793386645436118,0.4396693322718059,End_of_Life,3.2276996110787217,2.1979569345819563,4.163750891434571,0.4396943603814866,-1.6261597439567572,-2.013953855353921,0.0022732169752853046,0.7909110399289664,12.632160467633849,5.501686531395091,20.129283300775896,3.953685825323336
B0054,239,97,4.0,2385.922,0.8461224238450626,0.4230612119225313,End_of_Life,3.0511101255752124,2.1932450152273764,4.1857725238225205,0.48755394266615054,-1.873244340822881,-2.0148144241402814,0.002090963882291684,0.5088037936024353,14.133236180004296,5.3511176664124545,24.104183465359974,5.357654285968115
B0054,241,98,4.0,2345.0,0.8705933152969343,0.43529665764846714,End_of_Life,3.110131898177326,2.188819744044954,4.183962354946822,0.476259262453485,-1.8048654869219674,-2.0136887102362766,0.001052943965027977,0.6101786943713997,13.44514404240349,6.375873645297861,21.124822433154822,4.598972299616606
B0054,243,99,4.0,2363.047000000006,0.8440520909609104,0.4220260454804552,End_of_Life,3.048474354226641,2.1933054601044173,4.183748382269399,0.5031060057619775,-1.8598703836367976,-2.014227701858619,0.0008463313151572531,0.5302849598620795,13.90645728525564,4.453452329059047,24.038373358435607,5.359328463631296
B0054,245,100,4.0,2316.687,0.8536244678403578,0.4268122339201789,End_of_Life,3.0720502151516498,2.1984194356911515,4.183059531782334,0.4808645782124874,-1.8567326723251223,-2.0143215231080642,0.0008569680285010578,0.5356628780596551,13.600457924373249,6.17575332412204,22.333795391644557,4.852609264175992
B0054,249,101,4.0,2322.0,0.8524519337958137,0.42622596689790687,End_of_Life,3.0780861695186963,2.197124548478272,4.164596042177817,0.47440715231793323,-1.8332643523185828,-2.014990295943545,0.0028472669167878277,0.5707190961423491,13.622342114819537,6.253290373532171,21.7292466341309,4.758569967094487
B0054,251,102,4.0,2357.687,0.8373919001793014,0.4186959500896507,End_of_Life,3.047978400472379,2.1601370672426743,4.183536913886723,0.49928134593095347,-1.8581507060124247,-2.014705651659665,0.0024551357337226714,0.5330463069860255,14.071709155413798,5.103571054269733,24.067733333922256,5.386822405203968
B0054,253,103,4.0,23.0,0.0,0.0,End_of_Life,4.067670722536387,3.83839582745546,4.1824770749578155,0.16212189172478908,-0.6715559054131551,-2.01259368265579,-0.0003366634023298045,0.9482570785354114,6.019953177795341,5.714843733213906,6.383481120383388,0.2760779232538277
B0055,1,1,4.0,2660.313,0.7989997927037011,0.39949989635185057,End_of_Life,3.2439361669782594,2.4930794984834495,3.843735024444539,0.31006204681007715,-1.1715210918629737,-1.9908401866645415,0.00428239616488975,0.9780150807950984,11.879033293126687,5.905007114660983,18.02446981350722,3.3681557990447435
B0055,5,2,4.0,2826.0,1.319892156462878,0.659946078231439,End_of_Life,3.2904290284649416,2.480538609588174,4.174020568347548,0.2592893436660148,-1.7486007645883601,-1.9904809087057092,0.00538613802266788,0.6470706602034472,12.415262417855027,4.942623651334148,16.633080095446793,2.5020318435984534
B0055,7,3,4.0,2818.578,1.2769832801132017,0.6384916400566009,End_of_Life,3.326231366449631,2.48985034932468,4.1994512899066025,0.28002443264293997,-1.7060235650197326,-1.9906824920292798,0.003747548082239056,0.6937881062497612,12.360226804144617,5.997529564281996,18.02222405324747,2.7002955536972997
B0055,9,4,4.0,2713.812,1.2572591312230865,0.6286295656115433,End_of_Life,3.3385354077080747,2.485404008194569,4.201354950378872,0.26908773721968293,-1.7298155313553947,-1.9912233324564588,0.0013639957914640972,0.6684701779733266,12.182802262813878,5.026960406334869,16.276920867509258,2.6218324253771264
B0055,11,5,4.0,2786.578,1.206763751299412,0.603381875649706,End_of_Life,3.3690503311576365,2.484071154442301,4.2022865042877005,0.28516051594543473,-1.630519419462631,-1.9905957922031052,0.0017320881760283012,0.7636999789277331,11.995175259559732,5.865948272472199,17.386184005164274,2.515096638201342
B0055,13,6,4.0,2667.89,1.2077322536103197,0.6038661268051598,End_of_Life,3.3596802370189534,2.4813880969343156,4.202804398571556,0.2766148524483865,-1.6935037519026295,-1.9916252726422965,0.00042602245734742645,0.7062541303034284,12.015852590858461,5.190771825672599,16.287370504806514,2.5752160981713375
B0055,17,7,4.0,2530.172,1.2009614290093835,0.6004807145046918,End_of_Life,3.331138062731705,2.4857750442530606,4.194689870235318,0.2789538452329988,-1.796982266620521,-1.9907997928291332,0.0037839412750622753,0.5861979339884341,12.310516344609582,4.583842371477875,18.765407738610975,3.031537678815893
B0055,19,8,4.0,2446.062,1.189059086549973,0.5945295432749865,End_of_Life,3.335155652675837,2.4898705968581996,4.203456278554985,0.2759717946696793,-1.8221216958276871,-1.9913346793894355,0.0025079335764194807,0.549951105623898,12.203269426883178,5.053303205495654,17.743208793113464,2.9341247067510916
B0055,21,9,4.0,2713.25,1.169708782604433,0.5848543913022165,End_of_Life,3.3970397549525346,2.4863788962445756,4.203931038045003,0.27689089799268646,-1.60517659481492,-1.9910133759936124,0.0032813052512828222,0.7842141777610614,11.974188885781311,5.301590477162979,16.27240932778339,2.516999567158532
B0055,23,10,4.0,2676.578,1.1483647194613424,0.5741823597306712,End_of_Life,3.3803008994123225,2.484196378836121,4.204477051328936,0.2952395555487733,-1.6273590433187917,-1.9914887287016958,0.0028535599024067855,0.7664032326330159,12.146032186206996,5.8612804541487264,18.496064110315466,2.996807563588502
B0055,25,11,4.0,2394.734,1.1527726060972296,0.5763863030486148,End_of_Life,3.3446128760924214,2.488899766066993,4.204395922551529,0.2821336468763573,-1.807780475892982,-1.9906666683606722,0.0004039487468772468,0.5708522444706959,12.075029193191549,5.2119884831744345,17.233592924973692,2.8851618773576777
B0055,29,12,4.0,2673.0,1.1318370471727228,0.5659185235863614,End_of_Life,3.4016962939915634,2.4856427415338582,4.196508158151434,0.28581393424656404,-1.5934585102181222,-1.9902971005145704,0.0024125926743342476,0.7930055601918894,11.953480850146518,5.705410445510598,17.25233196126928,2.5488849689188764
B0055,31,13,4.0,2619.578,1.1326525803383347,0.5663262901691674,End_of_Life,3.3777825070738476,2.4945204316368925,4.2049198480597365,0.29832157292476336,-1.6457766002423246,-1.9907315214332841,0.0019106021357381678,0.7504866934131035,12.091243346975185,4.902169412870768,18.84637103862602,3.0033719229469362
B0055,33,14,4.0,2640.016,1.1160565716574584,0.5580282858287292,End_of_Life,3.411152214850695,2.489824423973652,4.204749253288386,0.28459247049218644,-1.584422122674529,-1.991422567659727,0.004742357440003283,0.7998029916171179,11.84145066042513,5.753127682539503,16.69866695291335,2.5034179311559646
B0055,35,15,4.0,2621.187,1.0984641825068853,0.5492320912534426,End_of_Life,3.4062074380814424,2.4929609831648176,4.205529950993648,0.2932874623225587,-1.587531424902602,-1.9907556302335792,0.0034910948504664236,0.7974560723231368,11.855003538549179,5.968718586088171,17.281200338137296,2.6358343645316595
B0055,37,16,4.0,2616.453,1.0925694103096681,0.5462847051548341,End_of_Life,3.4006629565141497,2.4987737122938984,4.205627291462969,0.3005709178029081,-1.5865260183824126,-1.991522785179081,0.0018374760510517342,0.7979994085678939,11.91733362745109,6.123949353685871,17.87487048558903,2.8260374573858273
B0055,41,17,4.0,2565.109,1.109167680712031,0.5545838403560155,End_of_Life,3.3734363664560836,2.4960528571959832,4.197933604847559,0.3051603191253107,-1.6558769500299217,-1.9908882502143304,0.0013482790166261787,0.7413924387173484,12.135031767584422,4.49280427247954,18.56561933924195,3.1783034548010254
B0055,43,18,4.0,2532.531,1.1075035028905713,0.5537517514452857,End_of_Life,3.3751298920141575,2.4950345179419164,4.205390438967899,0.3048773010127602,-1.6682381023500135,-1.9907992030652177,0.0029195283409771855,0.7304012776568166,12.085534035682384,4.9201973970875486,18.731388722663795,3.1314215578945923
B0055,45,19,4.0,2556.593,1.106751675424531,0.5533758377122655,End_of_Life,3.3799212171444224,2.4992030754220638,4.205435554958762,0.3058354499267039,-1.6518184000413114,-1.9911585440753385,0.0021728305907670635,0.7451076141619348,12.035133443915594,5.243499809183194,18.85911132920102,2.959606450748244
B0055,47,20,4.0,2577.891,1.0726694124582825,0.5363347062291413,End_of_Life,3.4131937901660443,2.4858947643408493,4.183847655178161,0.2877877559560743,-1.5631982736121797,-2.0081513637326145,0.0023980838431653592,0.8150433560517357,11.694010522378292,5.726221729849384,16.474886676905992,2.528951913119787
B0055,49,21,4.0,2572.36,1.0776844021506693,0.5388422010753346,End_of_Life,3.388212777111266,2.4902199266036034,4.205811869776469,0.3139641851010035,-1.6102431965480546,-1.9904514839017242,0.002398063198427925,0.7797945506041651,12.02595112446758,5.897932892357624,18.429839421941313,3.0973356355253867
B0055,53,22,4.0,2697.75,1.1981714734535907,0.5990857367267953,End_of_Life,3.3833310240018224,2.49591717391522,4.185284066167707,0.2860347513001209,-1.6643817613294818,-1.9908816662096405,0.002352701454129226,0.7331448790847558,11.847288624466861,5.492060015387616,16.79121110894689,2.6252290340445708
B0055,57,23,4.0,2683.406,1.1625381552680927,0.5812690776340463,End_of_Life,3.406033299298373,2.493901769830843,4.196690472475704,0.28547512039381645,-1.629380871239606,-1.991512324127019,0.004242287144730349,0.764542046340226,11.64238700767333,5.668092553976134,16.558207457541112,2.5012765572377935
B0055,59,24,4.0,2646.156,1.1556827465844224,0.5778413732922112,End_of_Life,3.395122860818019,2.4906658427202095,4.205348595061986,0.2963181438303511,-1.6480629343875914,-1.9910584967879559,0.0009821633720412404,0.7484116429732414,11.772012658338625,5.429660968759904,16.176716026227933,2.6596163030570974
B0055,61,25,4.0,2593.531,1.137444098422356,0.568722049211178,End_of_Life,3.3678744885149583,2.491266216084571,4.205552375701064,0.31575312601265604,-1.6963503354994716,-1.9907463266064145,0.0033936943173849647,0.7034309829029365,11.983454214473863,5.220369333730443,18.28920429337146,3.0191968442030404
B0055,63,26,4.0,2604.125,1.1126375352125493,0.5563187676062746,End_of_Life,3.3809383898685605,2.4927607047506055,4.2052142034116535,0.3157708739311922,-1.647762002114427,-1.9907919913750125,0.0015718230358572533,0.74874304672988,11.908597488676612,4.059057953389152,18.65863623047158,3.229453935353556
B0055,65,27,4.0,2588.594,1.098656067845981,0.5493280339229905,End_of_Life,3.41469739374783,2.4866262339494316,4.205763745942962,0.2963546781225514,-1.6019969747290892,-1.9910078690421877,0.0031390475211930235,0.786646864981709,11.5894392622721,6.012193151140061,16.83473057053666,2.552852785841974
B0055,69,28,4.0,2579.203,1.0985302758884639,0.5492651379442319,End_of_Life,3.41231159843661,2.495104294734825,4.198995746839671,0.2926237134351847,-1.607009362096321,-1.990345948099886,0.0034818707960933533,0.7825522441817525,11.629714317449922,5.870935139797071,16.756789919207705,2.550774048766994
B0055,71,29,4.0,2555.453,1.1029370400968537,0.5514685200484268,End_of_Life,3.4043822939909396,2.4877631392866095,4.2061133400646735,0.29732321010378493,-1.627589670095513,-1.991281599746559,0.002056850447977168,0.7661908509227637,11.647248561632294,5.731201872960767,16.24699765148442,2.6053738541980964
B0055,73,30,4.0,2525.609,1.0949644922735318,0.5474822461367659,End_of_Life,3.3673428364678033,2.4978675843051477,4.20656078786278,0.32392118316465396,-1.6825636345526909,-1.9916328373941734,0.002145295788926216,0.7168259148762317,12.022205345514335,5.019667115044019,19.129984857149818,3.2803378857690633
B0055,75,31,4.0,2536.172,1.0890679714830998,0.5445339857415499,End_of_Life,3.4104196380737455,2.482550786926367,4.205789072356055,0.29643227219872664,-1.612755670182398,-1.9905681770945947,0.004899228081757289,0.7782332221480913,11.542224902228241,5.933226299085981,16.36765160927189,2.602422185911785
B0055,77,32,4.0,2536.204,1.073323391636053,0.5366616958180265,End_of_Life,3.387548379409374,2.498794021092515,4.2064686981546116,0.3190447504179192,-1.6303240143418964,-1.990833007177876,0.0021630836415904744,0.7636423541075025,11.825965633220362,5.1441555273213835,18.15665009637772,3.1775915046729137
B0055,81,33,4.0,2488.86,1.095373856745309,0.5476869283726545,End_of_Life,3.3533445639000172,2.4986675609061084,4.19878751718924,0.32766339384607546,-1.71799533716817,-1.9908529262444918,0.0028822715331249327,0.6810068165167038,12.03863906152037,5.434214970889567,18.80550760238104,3.1980104935849516
B0055,83,34,4.0,2518.547,1.0639517466243125,0.5319758733121562,End_of_Life,3.403128476363774,2.495967983888696,4.205549436509086,0.309330899369744,-1.6148091574306578,-1.9905437809371158,0.0037963361825877474,0.7765346833682716,11.59317451081218,6.196484124316794,17.559578387097904,2.8552556184841427
B0055,85,35,4.0,2485.766,1.085798072407703,0.5428990362038515,End_of_Life,3.3737196134296283,2.494521891499824,4.206680085108051,0.3201980160449753,-1.6806946415000543,-1.9908289073916383,0.0028915382938365887,0.7190372206205318,11.87359860158602,5.53725249055581,17.467083355342886,2.963035851134736
B0055,87,36,4.0,2506.718,1.0588748965507557,0.5294374482753779,End_of_Life,3.382746702873388,2.4940939052144744,4.206242808359698,0.3246071198592737,-1.63831200906344,-1.99092503062938,0.002690101463594906,0.7571077831475941,11.809310238880515,5.005149643020689,18.49462899513655,3.2489776559270185
B0055,89,37,4.0,2459.297,1.0813260035191288,0.5406630017595644,End_of_Life,3.3641919383896957,2.488192777263103,4.2065015265299825,0.32616924640088885,-1.7019108237148655,-1.990154379954445,0.0015151692121164566,0.6979601907746283,11.933034010302555,5.491386768106055,17.91164881741511,3.0336890890171424
B0055,93,38,4.0,2488.734,1.061601862588323,0.5308009312941615,End_of_Life,3.408219619852174,2.4835904274919676,4.198066617715753,0.3013905532403462,-1.6137161861379503,-1.9913019551390152,0.0040899056863324505,0.777402517551808,11.53732922797716,5.963161321140903,16.71929796179109,2.572161285757655
B0055,95,39,4.0,2491.375,1.0593920670581127,0.5296960335290564,End_of_Life,3.3720438606583496,2.494836964233761,4.2069940867465805,0.3304645102510814,-1.6587094218378893,-1.9913493608624204,0.0019834896350736176,0.7391842109182021,11.942237573488166,4.189009368019207,18.743872075423457,3.3455506493598706
B0055,97,40,4.0,2467.328,1.0742513141424725,0.5371256570712363,End_of_Life,3.3954495279595993,2.495294559262084,4.206185443933068,0.30722686554591916,-1.6449474011417666,-1.9913634315445174,0.002745366756406395,0.7514192673320161,11.654440484569944,5.793714360247393,16.07532193134441,2.69732648668327
B0055,99,41,4.0,2466.125,1.0405614734131499,0.5202807367065749,End_of_Life,3.3886471333647554,2.493930027919102,4.206494698836393,0.3232128003672389,-1.6341793441136752,-1.9918655941270953,0.0029433881304167116,0.7605824074710157,11.722702041818202,6.251113028855723,18.1055360480279,3.052122602293879
B0055,101,42,4.0,2459.3129999999946,1.0575656535324895,0.5287828267662448,End_of_Life,3.356819503345258,2.4968794236107965,4.204041730199119,0.3378602090850083,-1.6871055404907072,-1.9909179006012372,0.0021348260516324564,0.7120115049885383,12.13910591187991,5.116748649373631,19.22539590220654,3.428833232542394
B0055,105,43,4.0,2559.125,1.0983528970914622,0.5491764485457311,End_of_Life,3.38173030037378,2.4980844986118784,4.186445589660851,0.312900079069697,-1.6534663598224018,-1.9901698852064906,0.002755423962147508,0.7429092308711092,11.725785170275977,6.011078978848951,17.79698901775945,2.7902015010072607
B0055,109,44,4.0,2534.156,1.109758993739737,0.5548794968698685,End_of_Life,3.332585578324588,2.497690135885909,4.198472809564929,0.3449380384430549,-1.746935874580489,-1.9895632028305585,0.0016337951411109601,0.6480733402111697,12.14093273670559,5.0168057145921106,19.90310164984231,3.4924202707497165
B0055,111,45,4.0,2521.985,1.0793315779206873,0.5396657889603437,End_of_Life,3.415794800601349,2.495812780943487,4.205147121886639,0.29835378669631357,-1.6100189784192438,-1.9901409410080384,0.004130213749464718,0.7798544905489379,11.32244979928203,6.003174490550036,16.28428434167548,2.5122878444657846
B0055,113,46,4.0,2503.172,1.0716159094756148,0.5358079547378074,End_of_Life,3.364395338116308,2.497968365806555,4.207061766566151,0.33561928279399733,-1.6797818306005563,-1.9907075911289933,0.002432517572816215,0.7194380941818624,11.899725740614363,4.366396831280806,18.858200111612096,3.3446015346406353
B0055,115,47,4.0,2474.344,1.0746464211019797,0.5373232105509899,End_of_Life,3.3556150350421454,2.4948503148658077,4.206586679847002,0.3387484913336178,-1.703206082949298,-1.990485251168809,0.002028357396596529,0.6963819651032561,11.9698483506891,5.206133332056047,19.26539604228336,3.3640497611015827
B0055,117,48,4.0,2349.64,1.08643683065179,0.543218415325895,End_of_Life,3.2813552523710348,2.497025585392751,4.136062355148983,0.33058711653487755,-1.8582921214004526,-1.9905983386514206,0.0024999061899320407,0.49047655667151874,11.944879920447905,5.259112558612603,19.91574517945343,3.525964697095964
B0055,121,49,4.0,2560.688,1.1340138347387958,0.5670069173693979,End_of_Life,3.3340325216514985,2.497531566741249,4.194893964041484,0.34110837020703416,-1.7577069451672969,-1.9908092541495774,0.002519103874975884,0.6359188853517025,12.028925123088165,5.216087256419887,19.74476118019262,3.406380418436327
B0055,123,50,4.0,2522.375,1.1176964717951587,0.5588482358975794,End_of_Life,3.355658576925396,2.4925446639956585,4.205199298124983,0.33208609115409526,-1.7278318736099232,-1.9908548428883859,0.0030767238763984594,0.6701747691078578,11.71503135296823,5.744165438234034,18.239458117812696,3.081867087540905
B0055,125,51,4.0,2488.719,1.1046468529644289,0.5523234264822144,End_of_Life,3.353357049023896,2.497355535023157,4.205853256210238,0.3344219087730131,-1.7321258947169127,-1.9913602598228906,0.000617235797214376,0.6654552259172485,11.810607676487715,5.507329315542777,19.14324542302631,3.196546813497694
B0055,127,52,4.0,2474.844,1.089700148407426,0.544850074203713,End_of_Life,3.356165416087441,2.4960054501777855,4.205832053797409,0.33417902098881413,-1.720909576078404,-1.9907888064016417,0.0030356138462177395,0.6778647472642211,11.765625767571137,5.573561761773879,18.957146305546704,3.175664278120072
B0055,129,53,4.0,2473.875,1.075533547538172,0.537766773769086,End_of_Life,3.3655236596965747,2.4945789390502733,4.205960258814088,0.33151505432326267,-1.6928963609340808,-1.9902664303029933,0.0013938634104431844,0.7065574475536123,11.666664960009529,5.471875013474925,18.569611226697234,3.1202662236315195
B0055,133,54,4.0,2495.5,1.0609866776144368,0.5304933388072184,End_of_Life,3.3657531038090425,2.497451626540361,4.1982654098780685,0.33496278072732794,-1.6674344219063135,-1.991098985092008,0.0018782138053998615,0.730926278120175,11.708939176253061,4.7559665018276,18.389604150481873,3.1983734906219574
B0055,135,55,4.0,2481.078,1.0518218041615568,0.5259109020807784,End_of_Life,3.3849405998756663,2.494771530909891,4.2067134175295635,0.32738031168005555,-1.6377223794615257,-1.9906339241312179,0.0022043450938765085,0.7571969144908214,11.450092345609722,4.341162665276274,17.859841515218953,3.0862333334300334
B0055,137,56,4.0,2460.125,1.0553857898132757,0.5276928949066378,End_of_Life,3.410105370394735,2.4850759949386982,4.206861671465562,0.30388528829775435,-1.614385286745976,-1.990683911752466,0.002824902307260808,0.7769057780218275,11.131625464424475,6.07471040588154,15.816276936907297,2.452846854106245
B0055,139,57,4.0,2440.547,1.0533102333691788,0.5266551166845894,End_of_Life,3.3607031370514133,2.4972833794296387,4.203250203022516,0.33811375555112344,-1.6847849277248685,-1.9905747713276665,0.0005137994958183908,0.7146386680619967,11.738832332367679,5.569532980827864,18.755426828419857,3.170612984646416
B0055,141,58,4.0,2449.922,1.0315365260084348,0.5157682630042174,End_of_Life,3.3928240190547645,2.4994934553850463,4.206868467936627,0.32261825603171135,-1.620409812946121,-1.9902463993398893,0.0017702403766918838,0.7716606029311995,11.33070420089266,4.361361037075223,17.253309886018204,2.996474076461073
B0055,145,59,4.0,2408.781,1.0533401053259415,0.5266700526629707,End_of_Life,3.3379943082200825,2.496397324750552,4.199652821200027,0.34608533508209605,-1.7350634493263108,-1.9905716899988277,0.0022491755572575105,0.6622541387357191,11.71743632355557,5.751869487900278,19.044660235871767,3.1971528853087925
B0055,147,60,4.0,2442.547,1.0317876798810788,0.5158938399405394,End_of_Life,3.383748883671106,2.4985913567786335,4.206354715936561,0.32886092701681163,-1.6355169727932202,-1.992243974592476,0.0012301642827289246,0.7591648469298936,11.448023523006356,4.340189960269769,17.632782962314124,3.0124871199527234
B0055,149,61,4.0,2420.671,1.0354207912157296,0.5177103956078648,End_of_Life,3.4034852057714984,2.4793908002585576,4.207116858721508,0.3096593358233388,-1.6207746296063927,-1.9907853647960991,0.002702113344043858,0.771874821272831,11.113362092407373,6.143775309699732,15.652866929465386,2.509167550856306
B0055,151,62,4.0,2409.906,1.0322251791310608,0.5161125895655304,End_of_Life,3.3488479010139836,2.495919101086891,4.203805356740808,0.3479332431101262,-1.695046194498669,-1.9905834799687467,0.002552305176569588,0.7046220326871002,11.759912549960136,5.571328973227946,18.851175405607993,3.280024010404949
B0055,153,63,4.0,2416.672,1.011543397303472,0.505771698651736,End_of_Life,3.400337322032958,2.487748902505861,4.206451344410812,0.31862769609022773,-1.607752495748955,-1.9921786004311486,0.002093066028179172,0.7819114914322921,11.095152329208846,4.968805766113298,16.682382112943166,2.8553577731481257
B0055,157,64,4.0,2395.75,1.0413760568150228,0.5206880284075114,End_of_Life,3.3343052776040634,2.496210707787105,4.199840856194157,0.3511414396822035,-1.7288529172580396,-1.989844699379149,0.0027024064178281233,0.6690352331274062,11.855416870953551,5.660378328396747,19.331265935552995,3.388920741247988
B0055,159,65,4.0,2410.688,1.02174193386881,0.510870966934405,End_of_Life,3.3786546268712,2.499306018937951,4.2063630059831265,0.3319883749830057,-1.6438464708058846,-1.9901768106891886,0.0023935756065588424,0.751727274265483,11.501464461877692,4.351576620593823,17.796486773673443,3.039878942025438
B0055,161,66,4.0,2402.125,1.0133135547969283,0.5066567773984642,End_of_Life,3.413323315609648,2.4951311923995756,4.206927414011855,0.30527411734297094,-1.5920409233304795,-1.9908037123676519,0.003121649212801672,0.7938019644548423,10.922543090852551,5.971615781064481,15.641866781260571,2.622970739859023
B0055,163,67,4.0,2355.265,1.0299942559626907,0.5149971279813453,End_of_Life,3.3358445561886736,2.498865224973231,4.202275822485786,0.348423593489392,-1.731928125216886,-1.9894496431673538,0.002294340587262567,0.6652390863484429,11.679121657086682,5.84288321199093,18.475017780285615,3.19980897339935
B0055,165,68,4.0,2396.719,1.0189349807814327,0.5094674903907164,End_of_Life,3.3537094650205534,2.499842473941914,4.20659875616185,0.3482557664764969,-1.6777504908523246,-1.990447808855782,0.0010294081398047924,0.7211098949660671,11.716719550648065,5.307125762559343,18.598567041058164,3.2480167174212347
B0055,169,69,4.0,2442.344,1.0290879520854017,0.5145439760427009,End_of_Life,3.3664574186515495,2.4984245148092805,4.18778132479275,0.33185971744202014,-1.6531774202404774,-1.9897273979460819,0.0010693248909807431,0.7429545013727615,11.332026451776493,4.793714682634252,17.70296113245331,3.1116445886827973
B0055,173,70,4.0,2444.703,1.0567629241900045,0.5283814620950023,End_of_Life,3.319131030823727,2.498165502515704,4.19944321827157,0.36092155043436136,-1.748766373641858,-1.990141425142264,0.0024530517649134905,0.6462040465459429,11.967823512320054,5.442704349708029,19.648490501323845,3.530492095660385
B0055,175,71,4.0,2412.25,1.0291668536316647,0.5145834268158324,End_of_Life,3.4032103094968886,2.4838403700559373,4.205593767786481,0.31189454471540395,-1.6200178882302807,-1.989425250782484,0.0020891871811015822,0.7717150479053472,11.015449770252141,5.773805005802396,16.178060673787062,2.725558163477088
B0055,177,72,4.0,2403.234,1.0321298444901021,0.5160649222450511,End_of_Life,3.343831990901096,2.4989275943849365,4.202887645707948,0.35168109057043534,-1.703990940961131,-1.990115909060455,0.0019185498554081589,0.6952747000499542,11.818028778074435,5.4874434269864585,18.88644438182567,3.324797767814455
B0055,179,73,4.0,2361.047,1.0409230283951276,0.5204615141975638,End_of_Life,3.3724641292622257,2.497716849078165,4.206513407222774,0.32443755558352716,-1.6883184479362592,-1.9926058063871193,0.0025736712210441123,0.7109745090990802,11.295282200562326,6.0802173107416,16.020151248713987,2.7672285379962114
B0055,181,74,4.0,2392.468,1.011161098766987,0.5055805493834935,End_of_Life,3.3553714698756965,2.497475666164784,4.203597448523021,0.3503080857134127,-1.671488542905288,-1.990141813358955,0.001607454953908494,0.7268184956728719,11.589249198689654,5.0497804571681195,18.292174814306744,3.171394283373781
B0055,185,75,4.0,2373.89,1.0337876112911784,0.5168938056455892,End_of_Life,3.3279855680794297,2.499631738732727,4.19879054583806,0.3546558711728678,-1.7381151009412772,-1.9898349315374122,0.003180119190623848,0.6585090715910039,11.857143843844957,5.684780648332787,19.26049129848449,3.4270417153795543
B0055,187,76,4.0,2383.234,1.003994224020383,0.5019971120101915,End_of_Life,3.380340612404249,2.4996111983697316,4.206474987547079,0.3339867619268136,-1.6383784100519558,-1.9899806169770806,0.0025505804709288443,0.7562960966542742,11.276289724634314,4.098023303253593,17.24384546974176,2.970382181107972
B0055,189,77,4.0,2342.453,1.0334195479955004,0.5167097739977502,End_of_Life,3.3795059063602477,2.4972946109355068,4.2039065137519716,0.3204047117456141,-1.6720302030703613,-1.9903659110556822,0.0030844110871244283,0.7265847236076537,11.220787392479364,6.154043751745358,15.900824096276386,2.6586559876044906
B0055,191,78,4.0,2359.296,1.0098936564116459,0.5049468282058229,End_of_Life,3.3419486124359232,2.4950143445404667,4.203458601351602,0.3539971938677014,-1.7040964736723387,-1.9909373483293218,0.0010004868661221261,0.6951983378739578,11.759447806620914,5.071936740792496,18.94850032004803,3.3030981378672126
B0055,193,79,4.0,2345.453,1.0126262447940628,0.5063131223970314,End_of_Life,3.3994343538904057,2.496127080556164,4.206479388387375,0.31024375417536965,-1.6294399730001765,-1.9905020947903442,0.0021262594521734104,0.7643444628877581,10.988248985047367,6.25364067071202,14.95747625778177,2.5709163173235043
B0055,197,80,4.0,2360.172,0.9948742055727694,0.4974371027863847,End_of_Life,3.3674537565378784,2.498292598142556,4.200091561431062,0.34234339293011984,-1.6515379727772603,-1.9896459798711281,0.0030464662893548806,0.7449123038184704,11.355681286808547,3.8800548728711344,17.70459844093717,3.05568578644725
B0055,199,81,4.0,2315.407,1.0240799556179332,0.5120399778089666,End_of_Life,3.3529430513041807,2.4995493131113817,4.203624990778383,0.3359645384072646,-1.7174483877318063,-1.9914645709614993,0.0026884006882836316,0.6814078370687556,11.443287391092776,6.148340867351155,16.746714545942115,2.9364685695355837
B0055,201,82,4.0,2322.156,1.0208889510043027,0.5104444755021513,End_of_Life,3.313138824967226,2.4954991257797223,4.203121026339225,0.36208927224920723,-1.7693261826528028,-1.9904890532016015,0.001793189622113827,0.6215234244600532,11.785825239943042,5.787016143586005,19.201273298790156,3.3989003621906444
B0055,203,83,4.0,2327.1570000000065,1.016100815944114,0.508050407972057,End_of_Life,3.331207681083792,2.495394779769103,4.206360725269558,0.3549501292430389,-1.7382171562180337,-1.9905162279081983,0.0015693472491334572,0.6587380274526659,11.72640480534808,5.641238888974559,18.921215014535083,3.366995837896018
B0055,205,84,4.0,2335.0,0.9987875345106277,0.49939376725531387,End_of_Life,3.361184494584018,2.4987692806726884,4.206662505631524,0.34332207124289327,-1.6759841309858239,-1.9908925129030703,0.0017426438602133527,0.7229587329726403,11.472788708066494,4.756256149278372,17.83845317353606,3.0989226851186773
B0055,209,85,4.0,2329.375,1.0158868294923784,0.5079434147461892,End_of_Life,3.317225424194071,2.4984561833393784,4.198906004577256,0.35988995189383566,-1.7579493131782606,-1.9908017427512699,0.003523581504106927,0.6356401839136591,11.802235485150675,5.698404620370843,19.413252469388496,3.4276867091620025
B0055,211,86,4.0,2333.875,0.9963437517762594,0.4981718758881297,End_of_Life,3.367194898395345,2.495225392424711,4.2063268655944,0.3415747537618278,-1.6637548048231783,-1.9912354426427308,0.0027219090378690844,0.734277452376012,11.363194027921853,4.512189814493232,17.555469742468727,3.016549460071111
B0055,213,87,4.0,2317.453,1.0053777381419529,0.5026888690709764,End_of_Life,3.394889434849019,2.48261274521935,4.207127040760322,0.31582795427375754,-1.6389209925149488,-1.990118242201512,0.002504889844859552,0.7560533754111907,10.949818258159802,6.211606004685817,15.18160164516741,2.481871150371355
B0055,215,88,4.0,2295.109,1.009132291002791,0.5045661455013954,End_of_Life,3.310050856120256,2.497894652809196,4.202430409703646,0.3625147700792263,-1.7742280928785608,-1.9906537053207962,0.0002211101454508054,0.6154130110849073,11.706437723845246,5.940874439372288,19.119001932657707,3.3912615700643864
B0055,217,89,4.0,2326.657,0.9984581240784203,0.49922906203921014,End_of_Life,3.3458687278652697,2.498867447840723,4.206373386837717,0.3534179081372692,-1.6962395390509193,-1.9910685168887923,0.0025384475979368173,0.7032662327667708,11.583533228310797,5.136537248585617,18.259385299695204,3.2145519019598003
B0055,221,90,4.0,2479.297,1.0892389324114138,0.5446194662057069,End_of_Life,3.2453384054657453,2.4949438751160398,4.181574605333568,0.37487511114976213,-1.8679808387813042,-1.9898551893530099,0.0019286316389317579,0.47186121715842827,11.961499960858754,5.168854919273502,20.334330441428275,3.8240678095895952
B0055,225,91,4.0,2463.578,1.0793936031703524,0.5396968015851762,End_of_Life,3.3032859676964024,2.4992245281158842,4.194441045655941,0.36402578259200197,-1.7868262879672983,-1.989802834953792,0.0016730136650589132,0.5987254888758139,11.522596039987194,5.778759295022704,18.82433959610769,3.2881197046237696
B0055,227,92,4.0,2458.812,1.032614295314224,0.516307147657112,End_of_Life,3.3954172971180325,2.4924954873857694,4.204880578247997,0.3261311793195783,-1.61471261152207,-1.9903326153853467,0.002139916671343318,0.7758697286253718,10.721858182752005,4.90935771345217,16.215064274032724,2.7789777224129564
B0055,229,93,4.0,2400.672,1.0498572649026638,0.5249286324513319,End_of_Life,3.319390417324327,2.495661665849974,4.202840264863921,0.36194522013923747,-1.7601408237271083,-1.9905492967668528,0.002168404320786899,0.6326786057427117,11.4115438943797,5.843736618132186,18.624861324787787,3.1844026321506176
B0055,231,94,4.0,2396.407,1.0453902697248563,0.5226951348624281,End_of_Life,3.3844424778085065,2.4989003291461986,4.205754690488186,0.3189401600956423,-1.6551157920024593,-1.98999253160494,0.00148484171966717,0.7420653362362046,10.810513729948518,6.247749132704212,15.137573162785118,2.6415789353287003
B0055,233,95,4.0,2392.375,1.0001607736713514,0.5000803868356757,End_of_Life,3.396001919549735,2.489889091081545,4.207084563921945,0.3269419999216195,-1.6115078715312525,-1.9901197988107224,0.001818040379714602,0.7783937137456597,10.714176302518482,4.553234100913507,16.113386903826303,2.744535557863033
B0055,237,96,4.0,2373.687,1.0084094786878157,0.5042047393439079,End_of_Life,3.4091500642055776,2.4987682908191466,4.198111672339926,0.30578531902155176,-1.5964976013167924,-1.9897475031713532,0.0030381689253116237,0.7900273778291405,10.478734086554464,5.225750777207206,14.510272258578619,2.5608553014330013
B0055,239,97,4.0,2385.922,1.003655158082039,0.5018275790410195,End_of_Life,3.318069571504016,2.4975933279193185,4.203133911551857,0.37264595281522145,-1.724633006126093,-1.9897262444197574,0.0058359026979377645,0.6731734600032646,11.577446477629389,5.149777395390148,18.79688115527297,3.353899401239483
B0055,241,98,4.0,2345.0,1.0285269676595319,0.5142634838297659,End_of_Life,3.3705488423522825,2.495932540383024,4.206432255358412,0.3294357889931685,-1.6761541599227183,-1.9919373010273946,0.0019369491435675373,0.7223303190906033,10.889278314878903,6.180586109765796,15.51511607516065,2.6540265512651326
B0055,243,99,4.0,2363.047000000006,0.9816844358987022,0.4908422179493511,End_of_Life,3.3580320611343826,2.493973960448579,4.203481073295822,0.35450646484053827,-1.6566423606087433,-1.9911024104896387,0.0015022496896493647,0.7401594792842283,11.125862267460422,4.230529685833689,17.410882869971065,3.010610297169957
B0055,245,100,4.0,2316.687,1.0127121434171131,0.5063560717085566,End_of_Life,3.3305932142592156,2.4945849403498523,4.20306302939134,0.3544660331951375,-1.7366403960823258,-1.9901681479381788,0.0025435201299524074,0.6602216283169237,11.180258248103398,6.030631603343591,17.541633082707207,3.0135639712555946
B0055,249,101,4.0,2322.0,1.0201379996149256,0.5100689998074628,End_of_Life,3.345081227582777,2.4970956728658367,4.197674431245264,0.3433097852247729,-1.7132159087232541,-1.9909302972480336,0.003379120713201461,0.6856523280344881,11.102809730123198,6.114851213625412,16.68412644043965,2.8529057920043237
B0055,251,102,4.0,2357.687,0.9907591663373165,0.49537958316865827,End_of_Life,3.3411218242164646,2.496842059818817,4.20280430699626,0.3621242309098048,-1.6853564371512757,-1.9899104414591309,0.00158467980649915,0.713565710124502,11.412927585025809,4.9486562512902355,18.127312484256297,3.166392141535127
B0056,1,1,4.0,2660.313,0.7852781208785192,0.3926390604392596,End_of_Life,3.2954766160397124,2.689656173110366,3.8387228819147694,0.33043605374045604,-1.082554743304369,-1.998659884695217,0.00462355755384501,0.99226175368053,9.97935642991351,6.293379384392066,15.737541036017063,2.732953998663117
B0056,5,2,4.0,2826.0,1.3443555553017368,0.6721777776508684,End_of_Life,3.278114932402385,2.6867752955314015,4.14918086948454,0.2406697098351623,-1.7199163116216973,-1.9959503490046473,0.007492651555555156,0.6853517781176997,11.067443145348815,5.134434306769039,14.09017680302044,1.8829938721301849
B0056,7,3,4.0,2818.578,1.317502710734752,0.658751355367376,End_of_Life,3.3106158390566507,2.698313212370538,4.17533419262966,0.2580328389156521,-1.690515546033322,-1.996169566048845,0.0027426893502046456,0.7152818394922457,10.889462468094056,6.309523595846732,14.9073664521439,2.0022342606588506
B0056,9,4,4.0,2713.812,1.2973654679476911,0.6486827339738456,End_of_Life,3.3172843725733268,2.692589583576849,4.1774698147911185,0.24599775990392256,-1.7267083547233482,-1.9963377667707867,0.0042138769813703505,0.6788410321074708,10.764459531712715,5.211287405874109,14.04619289990165,1.871874508229322
B0056,11,5,4.0,2786.578,1.263960414854898,0.631980207427449,End_of_Life,3.344030455029123,2.6980823652266586,4.177333358996554,0.26228994115736326,-1.6420112923998627,-1.9969110305254822,0.002802622353711036,0.7595416428512403,10.655748964418308,6.178935155399547,14.458798502682042,1.8633198216552784
B0056,13,6,4.0,2667.89,1.2589496187032136,0.6294748093516068,End_of_Life,3.336353669510842,2.699291592092144,4.178105672730461,0.24914499682715635,-1.7046338232855287,-1.9971248669228028,0.0032332126433805056,0.7017682297133819,10.604398240583924,5.39439129102979,13.79068771013097,1.81377392051934
B0056,17,7,4.0,2530.172,1.2806197690202599,0.6403098845101299,End_of_Life,3.3009005971377725,2.6902918098264004,4.169426750713255,0.24237182934522122,-1.8247670015083761,-1.997374519568108,0.0034146019954467703,0.5544256454128829,10.747618198190096,4.426819588312324,14.881216824496482,2.1521255151516834
B0056,19,8,4.0,2446.062,1.2572786868607095,0.6286393434303548,End_of_Life,3.3051103949821674,2.6937716432028966,4.178499777464705,0.23928273106341477,-1.8506548604930126,-1.9974455810197207,0.0059064642800569726,0.514425213101953,10.642275000961929,5.312147533516523,14.283153326557814,1.9919595268399712
B0056,21,9,4.0,2713.25,1.2226260041048898,0.6113130020524449,End_of_Life,3.367107139335169,2.6912557599593363,4.178690194193401,0.2555736823307046,-1.6314150295742418,-1.997549921598698,0.0010713774774085663,0.7681830914488058,10.449432487805073,5.6515867328868215,13.246258812265461,1.7230574349112924
B0056,23,10,4.0,2676.578,1.2292772249257495,0.6146386124628748,End_of_Life,3.350670766767032,2.6988155601873713,4.178597106977031,0.2635951982627007,-1.6616088416098966,-1.9978221218978043,0.002705670324145628,0.742437195667316,10.535109718676143,5.220334657606481,14.784638313108044,2.285451078198176
B0056,25,11,4.0,2394.734,1.2275780135689456,0.6137890067844728,End_of_Life,3.316178080747263,2.698364593875605,4.179016949083667,0.2403547020050779,-1.8455069420958794,-1.9994834284107947,0.0038419532959405828,0.5230488504861671,10.596589405147554,5.570469230692195,13.967206000860527,1.9205156879491034
B0056,29,12,4.0,2673.0,1.2133872888296768,0.6066936444148384,End_of_Life,3.3637533511944144,2.690491235069901,4.170255325585353,0.2621986512278043,-1.6426461298564279,-1.9966769679348086,0.0031136212733109377,0.7587893996338476,10.518875176620943,6.084434485536904,14.101837412639979,1.780721270309553
B0056,31,13,4.0,2619.578,1.230223614493081,0.6151118072465405,End_of_Life,3.3457364832275633,2.6953260271003012,4.1791853671260935,0.2619990062763345,-1.6956317121625684,-1.9987446420077772,0.0034177533469387255,0.7105868479547959,10.55326910161315,4.921795521823371,15.014735099158155,2.094964464621407
B0056,33,14,4.0,2640.016,1.1927530108462678,0.5963765054231339,End_of_Life,3.373106355519255,2.6910057831221796,4.179445713445421,0.26224660712031783,-1.6346840292281264,-1.9966704026697317,0.0022451805638626404,0.7656396779079818,10.414707663905276,6.116609695035815,13.814334631047263,1.7548037383881836
B0056,35,15,4.0,2621.187,1.1867106635987799,0.5933553317993899,End_of_Life,3.3697897239570302,2.6980104623652483,4.1797547856645245,0.2660452864601704,-1.6381228999586526,-1.9977703823836157,0.003265384293219798,0.7626629542136719,10.394183210718758,6.316690675392846,14.167557089207039,1.8912508974912896
B0056,37,16,4.0,2616.453,1.1914875140242167,0.5957437570121084,End_of_Life,3.362330412062295,2.6918100210263542,4.179854576648961,0.27059610268872,-1.6445053548128659,-1.9965481247661316,0.003058827895983811,0.757578857248843,10.441904510807989,6.052444172595308,14.498480751440637,2.100037511719366
B0056,41,17,4.0,2565.109,1.214178606017816,0.607089303008908,End_of_Life,3.3440747440292173,2.6994455277907243,4.171853041375375,0.2623622446965389,-1.7073520267726885,-1.9978026678137102,0.0037009288855311237,0.6988152714745359,10.556505695788386,4.304297219399819,14.957470899011563,2.2563723849095036
B0056,43,18,4.0,2532.531,1.2094387558721402,0.6047193779360701,End_of_Life,3.344993026252808,2.6974370448855804,4.179639783717689,0.26278558498298,-1.7217523886019717,-1.9976555316387106,0.0031589619453270775,0.6841230129983644,10.536326582207261,5.2130809352754035,15.001521036754518,2.165241962638171
B0056,45,19,4.0,2556.593,1.207072299940321,0.6035361499701605,End_of_Life,3.350361911675404,2.687185471488668,4.180054992180052,0.26454898419391637,-1.704181930358103,-1.9970386663902506,0.004127489510337556,0.7021493570194728,10.495199596430949,5.597688862446929,14.338173356663557,1.954395829206111
B0056,47,20,4.0,2577.891,1.162961249391913,0.5814806246959565,End_of_Life,3.37818787285201,2.687470388534462,4.174069945070663,0.2626816076229987,-1.6317327720996542,-1.9977714431306908,0.0015311077226198234,0.7676398617012635,10.301909086360435,6.078427429770419,13.436612124692124,1.746003799847931
B0056,49,21,4.0,2572.36,1.17887968705904,0.58943984352952,End_of_Life,3.3620625284471575,2.699656546174108,4.180243969445706,0.2710822596638294,-1.654732613269804,-1.9978617916136059,0.00312076972910479,0.7490372283372981,10.453998023862313,5.116793486932669,14.639269846531356,2.2586547809805237
B0056,53,22,4.0,2697.75,1.2945104146044433,0.6472552073022216,End_of_Life,3.346029829980996,2.6854368250416094,4.160878235645104,0.25223087756675433,-1.7304356189135515,-1.9980492124102964,0.0022851607635622087,0.6741770450285536,10.390292640584766,5.8914322039769536,13.577353530338334,1.7879224521193753
B0056,57,23,4.0,2683.406,1.2602567563003473,0.6301283781501736,End_of_Life,3.3654291392154736,2.690427787524509,4.170401928183799,0.2570884377780715,-1.69638971406972,-1.9972356722093,0.003737113994385007,0.7096153248475006,10.290310895798491,6.05311982524561,13.568274326866668,1.7523449583492647
B0056,59,24,4.0,2646.156,1.2408721291565108,0.6204360645782554,End_of_Life,3.3689721031647792,2.6939728433831345,4.179668272690069,0.2564693332634003,-1.691874172061947,-1.9980211141662234,0.00326017540583509,0.7145806117906573,10.263087503889402,5.823430858098223,13.222923404873027,1.7261689791506059
B0056,61,25,4.0,2593.531,1.252197340273113,0.6260986701365565,End_of_Life,3.3465295769688743,2.6814059367851253,4.179757059071528,0.26338880441204326,-1.7414082441068879,-1.9972921065349984,0.006011420763952128,0.6627372070463456,10.400005286038288,5.53869752832389,14.117236767649958,1.9272932846908035
B0056,63,26,4.0,2604.125,1.2279025700477384,0.6139512850238692,End_of_Life,3.352812339869088,2.6953073659972815,4.179381275805115,0.2686348992247735,-1.7007572591990598,-1.9976401134443396,0.0024761417614236657,0.7058715546291761,10.409833153074386,3.424938930685151,14.72590749283402,2.3154889035263233
B0056,65,27,4.0,2588.594,1.1917170308946994,0.5958585154473497,End_of_Life,3.3743035968482755,2.6879523256297095,4.179761909304835,0.2679276654999349,-1.6642520477871068,-1.9963245471931028,0.0033035605274213033,0.7400604832484015,10.249617197163523,6.350021063353402,13.782905674311685,1.8094356024582312
B0056,69,28,4.0,2579.203,1.1858570240011006,0.5929285120005503,End_of_Life,3.3764282291064944,2.696650296000414,4.1722589361250195,0.2624905553677743,-1.661218424865919,-1.9964370552261024,0.002000661552491185,0.742568961066869,10.237028804942252,6.212494977901734,13.53465268656202,1.7581896154420031
B0056,71,29,4.0,2555.453,1.1840938286611427,0.5920469143305713,End_of_Life,3.375019443182964,2.6832104765994735,4.180576245666881,0.2619822612773073,-1.6741395350666333,-1.9977877783000189,0.0022855211247853973,0.7311265495012575,10.198234922837491,6.0965420969346615,12.997563677985067,1.739874894920152
B0056,73,30,4.0,2525.609,1.2059829135917657,0.6029914567958828,End_of_Life,3.3500962120625943,2.6972876615572554,4.180487517962948,0.26954535147882325,-1.7210677294448378,-1.9977122672890135,0.003005807874759347,0.6848772363691439,10.430944576015767,5.21139627291658,14.907548086849499,2.2231240047850083
B0056,75,31,4.0,2536.172,1.165428493679393,0.5827142468396965,End_of_Life,3.379062729502439,2.683737907365728,4.18039553298969,0.2637630918834548,-1.660218253465555,-1.9993057278946789,0.00328579435797788,0.7439447190406479,10.139534423823738,6.255965125187059,13.20576446654183,1.7943949876326855
B0056,77,32,4.0,2536.204,1.1790060613193858,0.5895030306596929,End_of_Life,3.3612064036489087,2.69363443342256,4.180559366384886,0.27385827908438826,-1.6771366747493928,-1.997237284045861,0.004119745725457791,0.7287061411693163,10.308440154694576,4.4365741892222275,14.51158708545384,2.3255091526982334
B0056,81,33,4.0,2488.86,1.2013113747183153,0.6006556873591576,End_of_Life,3.3463562838477823,2.6943722854819816,4.172113004233132,0.26728664947542286,-1.7399898086415906,-1.997516578108804,0.0027730294767697185,0.6641109018991618,10.36840954285901,5.843254805327094,14.30233008977442,1.9746685805834283
B0056,83,34,4.0,2518.547,1.165597803317432,0.582798901658716,End_of_Life,3.368266919681875,2.688897787724772,4.1803733533670036,0.27392202658203635,-1.6716395639461556,-1.9971577867500607,0.002741835798032498,0.7334059099026025,10.204673365751807,5.851530999861755,14.15321706372225,2.089784100256181
B0056,85,35,4.0,2485.766,1.180303335055002,0.590151667527501,End_of_Life,3.3594964247247177,2.6882331708894665,4.180733041897962,0.2680709443326805,-1.7116000565977858,-1.9983317324781575,0.002720171710297806,0.695015931801608,10.315613775538878,5.91378656366684,13.855287867564956,1.8587955152693743
B0056,87,36,4.0,2506.718,1.1658134189695046,0.5829067094847523,End_of_Life,3.3615676241747825,2.6894590778726095,4.180279081248084,0.27631780411430423,-1.6774896727466349,-1.9970287986633812,0.004518606860273736,0.7282196574695047,10.276786926763112,4.3836329327866945,14.492855960891132,2.3323959640532568
B0056,89,37,4.0,2459.297,1.1763960515773761,0.5881980257886881,End_of_Life,3.355757582090394,2.6894641263415138,4.180999495499183,0.2697188222729828,-1.7243823805848957,-1.9978411043695115,0.0023823699703963467,0.6814260453529685,10.32641766409495,5.890742770262958,14.065463723343733,1.8717428479776226
B0056,93,38,4.0,2488.734,1.1458325512940766,0.5729162756470383,End_of_Life,3.377027547912211,2.6842747820981163,4.172470795694908,0.26833955692446115,-1.6629834811063648,-1.996969373310469,0.001708317666861657,0.7411218388706683,10.173012177291527,6.294398176572229,13.412858944276625,1.7549928955294558
B0056,95,39,4.0,2491.375,1.167557759980296,0.583778879990148,End_of_Life,3.357651728668808,2.6890536637756743,4.181062785086551,0.276953254931386,-1.689827294587583,-1.9983414092740532,0.004102243517915476,0.716758527087206,10.35991803443565,3.4706366198583978,14.606103880190119,2.291359522916569
B0056,97,40,4.0,2467.328,1.145636654711916,0.572818327355958,End_of_Life,3.3773583743313456,2.697570405713833,4.181144967626914,0.26446236566661097,-1.6766143500201733,-1.9966505293094987,0.0016751730449656892,0.728840437155552,10.160882493726476,6.181852228029927,13.208123302069437,1.7389638201230446
B0056,99,41,4.0,2466.125,1.1443667002824445,0.5721833501412222,End_of_Life,3.365617870156837,2.6861014784430512,4.1812569980664405,0.27862734844335435,-1.6751510777905991,-1.9978856754777936,0.0014068645796714747,0.7301859259425323,10.194404833993097,5.4282756124962095,14.33986737197622,2.1694042274613614
B0056,101,42,4.0,2459.3129999999946,1.1605177686388095,0.5802588843194048,End_of_Life,3.356825640396486,2.6984158813975863,4.1812189705553315,0.27658052742643363,-1.7007993161787647,-1.9982856792977777,0.004230727665957885,0.7053858749022611,10.45640074188921,5.462658317326679,14.869194370874,2.1960186935756205
B0056,105,43,4.0,2559.125,1.2272013042602479,0.6136006521301239,End_of_Life,3.3493744607237104,2.6966170938157865,4.162741220330822,0.2692651964637035,-1.7280902642659892,-1.997330304637193,0.003805828399631711,0.6761960767938636,10.313619268601707,6.346473966012052,14.255223899564948,1.95274995024109
B0056,109,44,4.0,2534.156,1.2454797202045476,0.6227398601022738,End_of_Life,3.337826170095946,2.6938401614375964,4.171908005371084,0.2709023559744499,-1.7697668005317093,-1.998225530162105,0.002153107022071395,0.6287209415332063,10.450923975542697,5.330043312887019,15.145967765545794,2.1928701714298198
B0056,111,45,4.0,2521.985,1.1722288849037228,0.5861144424518614,End_of_Life,3.379813223194436,2.694145271746648,4.1801184107331695,0.2669612504335651,-1.6776635778147013,-1.9969891662839134,0.0032148263578494797,0.7275716738702058,10.066401247840554,6.34658464709465,13.36575567843813,1.7968779783932727
B0056,113,46,4.0,2503.172,1.1953514999944956,0.5976757499972478,End_of_Life,3.3529139626798687,2.6949310922042096,4.180978585892375,0.27557296578680607,-1.7206408430840376,-1.9973637724789681,0.004309671698146423,0.6853280794363212,10.43749851062521,4.116504475200627,14.761564527480054,2.249916792418798
B0056,115,47,4.0,2474.344,1.1919514716203925,0.5959757358101962,End_of_Life,3.3506050479395064,2.698968781686075,4.180622872978541,0.27497025095442224,-1.7353946887212042,-1.99808080514684,0.0014162939162654454,0.6694499850726775,10.413907415221043,5.58901887421474,14.927522519928406,2.207961648370017
B0056,117,48,4.0,2349.64,1.2296223665252586,0.6148111832626293,End_of_Life,3.282678428854045,2.69347301500386,4.109379346813982,0.2516938902103491,-1.8819520327756425,-1.9983807330397183,0.003967090750038093,0.4575018958265354,10.513733364328893,5.665521103919391,15.38684146714604,2.274320343012154
B0056,121,49,4.0,2560.688,1.2774519419396988,0.6387259709698494,End_of_Life,3.33124930750755,2.6975073541494394,4.169898025659996,0.26906760789329265,-1.7966492983038744,-1.99817268738769,0.003111801736522392,0.5946061213163549,10.477654553290117,5.573068872747025,15.06186195706642,2.1639099361895733
B0056,123,50,4.0,2522.375,1.2433879751668584,0.6216939875834292,End_of_Life,3.3452443163116463,2.68847764541694,4.18030832398499,0.26817676817378056,-1.7761136080338402,-1.997470740297483,0.0019168976886098721,0.6216062377038105,10.317281833213249,6.1258339997928415,14.19417584217932,1.9788313509775854
B0056,125,51,4.0,2488.719,1.230802542912592,0.615401271456296,End_of_Life,3.341356791517586,2.695809647268888,4.1803883737342336,0.2714583836438256,-1.7812712509429693,-1.9980970694464455,0.0023496058284812097,0.6152575782624347,10.380685727786513,5.9005666328317705,14.670219241896355,2.074307306615073
B0056,127,52,4.0,2474.844,1.2162358534094664,0.6081179267047332,End_of_Life,3.3435875505910966,2.6988862295180773,4.180539223969872,0.2726439971777136,-1.770178297141129,-1.997256112978706,0.002604524251048801,0.6288358640225858,10.36448134266215,5.903527281130212,14.756439650219583,2.0965077254251128
B0056,129,53,4.0,2473.875,1.2088335726499548,0.6044167863249774,End_of_Life,3.3430796751998537,2.6881817818985594,4.180613197410378,0.2763347155367749,-1.7603312590728741,-1.9977292149583488,0.0022368027077908914,0.6408330560853068,10.418606978035179,5.8489381468345405,15.074941469247383,2.203435529492685
B0056,133,54,4.0,2495.5,1.1946181162240357,0.5973090581120178,End_of_Life,3.3475631632118508,2.693866336049454,4.171995741541347,0.2775866936273226,-1.725357477499951,-1.9968867131079737,0.003408454728853423,0.6800795949701856,10.467474839092922,4.845099517773972,14.772345213065618,2.2254048176342174
B0056,135,55,4.0,2481.078,1.1734248134794991,0.5867124067397496,End_of_Life,3.3573308617480517,2.692863343941837,4.1804813286233875,0.2787969241710015,-1.704918486361954,-1.9974954691900964,0.0050053835732870745,0.7016573383479876,10.24758606535621,3.7289128574514243,14.624267787138265,2.3379574438257986
B0056,137,56,4.0,2460.125,1.1404596305913128,0.5702298152956564,End_of_Life,3.382778882292665,2.6912645328393867,4.181058054860729,0.2662099147229219,-1.6737250543608966,-1.9970688320372325,0.0021237016379272995,0.7315193224074926,10.06027633089391,6.373094745752049,12.974017575008304,1.7684257132140286
B0056,139,57,4.0,2440.547,1.1821716406845988,0.5910858203422994,End_of_Life,3.3460645335108428,2.6880196285337377,4.18149130108492,0.2796471293814751,-1.7445639059237337,-1.9973808016244434,0.0028396049015322698,0.6591352981595573,10.46181981941412,5.9342957335594395,14.962343761280408,2.2164414148451197
B0056,141,58,4.0,2449.922,1.1480663382055174,0.5740331691027587,End_of_Life,3.3641915924918147,2.6997902360046213,4.180595098911064,0.276938300874108,-1.6890678369808096,-1.9972649359124228,0.004453955815376903,0.7174376784399409,10.21776828052081,3.743950457401352,14.288936379622093,2.3064608655212244
B0056,145,59,4.0,2408.781,1.1825381935034152,0.5912690967517076,End_of_Life,3.340090097397974,2.6973629105606647,4.173047661044039,0.27535021142800925,-1.7678866953516275,-1.99737218946031,0.0025138288953142672,0.6316696115900047,10.382854030148234,6.114072720010311,14.731654795183925,2.10137637295411
B0056,147,60,4.0,2442.547,1.1552092862846601,0.5776046431423301,End_of_Life,3.35648490646885,2.691300691707842,4.180864505746636,0.2806893489455186,-1.704950103976557,-1.9971710052373428,0.003503138394184616,0.7017121001886977,10.344585715881983,4.3307844113005975,14.530184451529058,2.2042621594444602
B0056,149,61,4.0,2420.671,1.1216816712671696,0.5608408356335848,End_of_Life,3.3822432790887755,2.689936372979849,4.181146414659693,0.2677710361006256,-1.6727370538477788,-1.9985618755593446,0.0011679771768980246,0.7324888459293667,10.028217431506214,6.442077206808246,12.920963346782584,1.8011188332421615
B0056,151,62,4.0,2409.906,1.162666262561457,0.5813331312807285,End_of_Life,3.3475849268060007,2.6913240152919484,4.181695073360697,0.2814916097185332,-1.7375416574771907,-1.9981998904229497,0.00264165567867052,0.6672677184686923,10.497532395250285,5.941505902318034,14.975497658516607,2.220199595066808
B0056,153,63,4.0,2416.672,1.124695615744926,0.562347807872463,End_of_Life,3.368899621618762,2.686923064348457,4.180846468482689,0.2786472341157916,-1.6790843732728173,-1.996923639616402,0.0020681754728745635,0.7267665020655576,10.078456668334661,4.463108983552895,14.006665059857033,2.2807480285239494
B0056,157,64,4.0,2395.75,1.1664177948797931,0.5832088974398966,End_of_Life,3.340217809060051,2.6874437664677444,4.17358432175774,0.2808815806304089,-1.7528301920007388,-1.9980323886030191,0.004809081870485311,0.6496940845719951,10.437586290235986,6.0438417076765605,15.065495014920012,2.236883340196635
B0056,159,65,4.0,2410.688,1.1346745156379465,0.5673372578189733,End_of_Life,3.3606706640426602,2.699800435335948,4.181103233539769,0.2804565487716261,-1.696361090547745,-1.998026842266808,0.0032740801973608043,0.7100015406657084,10.327680053270171,4.395353055146922,14.438517748547323,2.167098689174217
B0056,161,66,4.0,2402.125,1.1012231317092755,0.5506115658546378,End_of_Life,3.384477709863685,2.6979607095711318,4.181672942091641,0.269937503959716,-1.6547810696984198,-1.9970444217112648,0.0021371517886426402,0.7483127593796477,9.931318938388468,5.467033052002404,13.194289211464435,2.0811348525879074
B0056,163,67,4.0,2355.265,1.1560733948472832,0.5780366974236416,End_of_Life,3.3408256322235093,2.6834783907862354,4.181798435766776,0.2798906082605489,-1.7665140217971276,-1.9970743538086633,0.004151596839191963,0.6329450855191023,10.341385046767083,6.1840581710617695,14.482501609291248,2.0909836635178647
B0056,165,68,4.0,2396.719,1.1385609898764002,0.5692804949382001,End_of_Life,3.3541889238828593,2.6996190068902637,4.181361272735532,0.2834236927656701,-1.7114334458397396,-1.9974408693161616,0.002092852003481399,0.6945050696037549,10.494744894336083,5.706523784496858,14.720749328790644,2.16872936937074
B0056,169,69,4.0,2442.344,1.1757265448773706,0.5878632724386853,End_of_Life,3.340961153961277,2.689809371052332,4.16432577440784,0.2795654204830287,-1.7341386416649764,-1.9965313509817573,0.003644382669835134,0.6696971591946906,10.206418347273608,4.307718499726119,14.529077890794348,2.4301606643474796
B0056,173,70,4.0,2444.703,1.1969385632452556,0.5984692816226278,End_of_Life,3.3371235826921466,2.688916524535636,4.172633979258993,0.28166336782143175,-1.76327611270095,-1.9980007270295648,0.0034020074710463446,0.6369934601299085,10.592911474763564,5.891844878630556,15.244128605525713,2.2622358252869956
B0056,175,71,4.0,2412.25,1.1267457988726266,0.5633728994363133,End_of_Life,3.376237517393404,2.698695743312111,4.180507540870247,0.27153530893713784,-1.684432789415394,-1.9963931274279254,0.0023369148883525415,0.7212002503724861,9.984423245892257,5.246700336751547,13.512900564234096,2.1270791022892537
B0056,177,72,4.0,2403.234,1.1601031368559531,0.5800515684279766,End_of_Life,3.348647645780763,2.697889593175275,4.181900407397767,0.282755970870213,-1.7382277088571685,-1.9973201800320188,0.003982198012653288,0.6662243314936535,10.532756069231716,5.874849632040624,14.862132323599853,2.196946469299716
B0056,179,73,4.0,2361.047,1.1361458729690275,0.5680729364845137,End_of_Life,3.3622424767286905,2.6959933200185318,4.181297616479253,0.2696197836505513,-1.7328967687649997,-1.9964731697990847,0.0025962369202408423,0.671802871537545,10.144690849516095,6.410388406245794,13.378405270944848,1.9027123720115144
B0056,181,74,4.0,2392.468,1.1397253894261876,0.5698626947130938,End_of_Life,3.351293107048021,2.6955474945092024,4.181657232676167,0.2869446981497813,-1.7156881587629869,-1.9984147436126416,0.003762616671280899,0.6902663867750726,10.418716582380117,5.384732504738278,14.806201026240293,2.1781428664311315
B0056,185,75,4.0,2373.89,1.1560010024767575,0.5780005012383788,End_of_Life,3.3414098071318334,2.699727848412594,4.172972784971319,0.28118900645467,-1.7530374056679272,-1.997322036385649,0.0023322700554823887,0.649112029120143,10.532972017810645,6.101848075316235,15.144104218787898,2.2611820174745114
B0056,187,76,4.0,2383.234,1.126818619026835,0.5634093095134175,End_of_Life,3.35783559274309,2.695330424081241,4.1813161057402795,0.2839458865064775,-1.702815564152015,-1.9984597486368612,0.00334779226087087,0.7031612869387792,10.294250246042282,4.084166515359861,14.39832488350013,2.194608583279388
B0056,189,77,4.0,2342.453,1.116688355680394,0.558344177840197,End_of_Life,3.36675593545663,2.6854130230502054,4.18166924078605,0.27126350979516034,-1.7175512283850776,-1.9966874158615942,0.002503704200398194,0.688365818017957,10.050387765399135,6.429628140459934,13.069857113335045,1.8223647941653454
B0056,191,78,4.0,2359.296,1.1330613197666846,0.5665306598833423,End_of_Life,3.3487514550466417,2.690400334997493,4.182044120407073,0.28613014622166955,-1.7291690081472486,-1.996813128658143,0.0040630626732428244,0.6761515140852604,10.472005861254317,5.451623395786474,14.625776758086843,2.149600889311617
B0056,193,79,4.0,2345.453,1.0893839897995972,0.5446919948997986,End_of_Life,3.3810092385566413,2.6887925590382147,4.1815714469098,0.2695905282139237,-1.6749388332386832,-1.996118783382572,0.002560199583590897,0.7301310263545467,9.909401931448466,6.11049109042055,12.585237711150564,1.8695400455354179
B0056,197,80,4.0,2360.172,1.1120836459259367,0.5560418229629683,End_of_Life,3.3564306318997588,2.6988640537115023,4.174449328074176,0.28556358013617056,-1.6967956767696222,-1.9966626412426898,0.002608922279820595,0.7090932970394812,10.24276059598256,3.4788322528195716,14.409091639662265,2.1972468521682833
B0056,199,81,4.0,2315.407,1.1279950254648337,0.5639975127324168,End_of_Life,3.3508758903963662,2.680924614006194,4.181914870814706,0.2762146513933564,-1.753415191734097,-1.9961541065626969,0.00379564458548321,0.6485956257620181,10.216290881964335,6.434721330714935,13.639615611059915,1.9523945225245651
B0056,201,82,4.0,2322.156,1.1386774565024178,0.5693387282512089,End_of_Life,3.338909543714827,2.689418119708915,4.181346159150703,0.2847115744091645,-1.764019308767849,-1.996805159927613,0.00418200341485172,0.6363810398459651,10.357968672788793,6.134456958282581,14.880692487289394,2.1678100508347953
B0056,203,83,4.0,2327.1570000000065,1.1271136962200643,0.5635568481100321,End_of_Life,3.346321199511455,2.6980519577561664,4.181554177966883,0.2840696779600663,-1.743062159577205,-1.9972871538382806,0.0029903163385119596,0.6608528469948578,10.4126408516178,6.005594338757506,14.94384328293818,2.222307599409444
B0056,205,84,4.0,2335.0,1.1101508869653747,0.5550754434826873,End_of_Life,3.3538216131821788,2.690667005796631,4.181615967935099,0.2868781703390774,-1.7115530017171725,-1.9961673384143372,0.003119233572589619,0.6945624641757348,10.355563284677743,5.030235174367,14.509690908147519,2.1286185050123327
B0056,209,85,4.0,2329.375,1.1344632260422465,0.5672316130211232,End_of_Life,3.339346853440726,2.690672584400043,4.173516161117117,0.28505438686930396,-1.7522810293736757,-1.9977234858011128,0.0023584820069415644,0.6501279226561886,10.41665753464741,6.089161695473585,15.062267575750978,2.2159315778032074
B0056,211,86,4.0,2333.875,1.108458756302863,0.5542293781514315,End_of_Life,3.3536514376808864,2.6895747540556276,4.181332312389274,0.2880447706071628,-1.710215261310459,-1.9961257474747869,0.002140403483466704,0.6958432103407081,10.301294534772044,4.585621214546927,14.468947045350122,2.168997640055755
B0056,213,87,4.0,2317.453,1.0768220870214844,0.5384110435107422,End_of_Life,3.38120127228625,2.6850453196446673,4.181999698138027,0.27247353078545455,-1.6752482242752484,-1.9962061010235705,0.0036343746368092777,0.729604456216638,9.91165771895873,6.429515302198803,12.508239840028546,1.783070801631076
B0056,215,88,4.0,2295.109,1.128398212919817,0.5641991064599085,End_of_Life,3.3368543585349384,2.68848533115398,4.182136607973574,0.2860513176813407,-1.7684173466123287,-1.9970699490401762,0.003862086414045893,0.6307569738710207,10.349022787330426,6.296641349264367,14.887028438704053,2.2040322709254796
B0056,217,89,4.0,2326.657,1.1066350346531368,0.5533175173265684,End_of_Life,3.3522604662249167,2.695941959305812,4.18160323028519,0.2893760174940273,-1.7117088970464227,-1.9963789398934428,0.002565747184077122,0.6943388139815072,10.403963430415772,5.538086495831655,14.643769942307397,2.1423771504609785
B0056,221,90,4.0,2479.297,1.271609072217319,0.6358045361086595,End_of_Life,3.3018532294003613,2.6936113374580533,4.160391647622785,0.27632633539183066,-1.8436644323324185,-1.996869636138654,0.00328173182579884,0.5248386182636431,10.672589964446292,5.589404852949979,15.536147821768504,2.3709989233227398
B0056,225,91,4.0,2463.578,1.2415767175377967,0.6207883587688984,End_of_Life,3.3271853602584223,2.6975058053441106,4.171177372817309,0.27737273066194157,-1.812029971968896,-1.9961823426458583,0.0016095782865167322,0.5728749940345974,10.38887188704922,6.1485646534721585,14.710321906861783,2.147882640036275
B0056,227,92,4.0,2458.812,1.174652904422814,0.587326452211407,End_of_Life,3.357838197685972,2.6996810856937454,4.179908499745383,0.2811048217073636,-1.7201885508327548,-1.9964302092493789,0.0036524763126088177,0.6853914975620392,10.084749408390376,4.640489034391772,14.282705134297458,2.343304383719336
B0056,229,93,4.0,2400.672,1.1989389885187762,0.5994694942593881,End_of_Life,3.3341676075284923,2.6932891744671807,4.1812209027547125,0.28203641203709495,-1.7962378329894884,-1.9977799006968677,0.002788806490179839,0.5951835074630681,10.365887906876877,6.218879927153501,14.735427526864724,2.1269795589972595
B0056,231,94,4.0,2396.407,1.1461398965188563,0.5730699482594281,End_of_Life,3.3656652776557863,2.680335373836448,4.180715020333036,0.27082081791890916,-1.7222270467266643,-1.9975262926757336,0.002119394116944386,0.6834854919418496,10.019608551209917,6.178865544940476,12.986214565204863,1.9723177536773049
B0056,233,95,4.0,2392.375,1.129224378671885,0.5646121893359425,End_of_Life,3.365125158092583,2.695500756668203,4.181433629004157,0.28165609930226293,-1.6995424040803295,-1.9976460055724077,0.0021600123104716196,0.7065914760360994,10.060030313914345,4.377429194705951,14.020906563644125,2.266461551153564
B0056,237,96,4.0,2373.687,1.1103432888019913,0.5551716444009956,End_of_Life,3.3750175764348014,2.6916361141573137,4.173658812188033,0.2714036359768261,-1.6857958238112818,-1.9965283091685107,0.0015880325830457864,0.7195910987129577,9.894806886286887,5.017513490360806,13.158594712143497,2.169684772729232
B0056,239,97,4.0,2385.922,1.153909472897475,0.5769547364487375,End_of_Life,3.344781159371398,2.6977127849492053,4.1820632868427365,0.2892630103679967,-1.7402948082227618,-1.997780645919671,0.002783530386806481,0.6635920400096352,10.535153782453834,5.572372622031885,14.942021026324584,2.21744456297761
B0056,241,98,4.0,2345.0,1.1302191455340138,0.5651095727670069,End_of_Life,3.3605010057610825,2.687276744661873,4.18182200740338,0.2735917348844776,-1.7346003290908105,-1.99655615549846,0.0037933599919961363,0.6700274602146197,10.116013026114192,6.4855111247248995,13.316711053744784,1.9253088562556073
B0056,243,99,4.0,2363.047000000006,1.1258719408034097,0.5629359704017048,End_of_Life,3.3538264483941607,2.6980124491519586,4.1819501512020345,0.2880139132438153,-1.7146209406772344,-1.9963875537113744,0.0038585927044938136,0.6912905665881304,10.332244370257053,4.439395603649657,14.612810892917661,2.1938973208312773
B0056,245,100,4.0,2316.687,1.1430108283920968,0.5715054141960484,End_of_Life,3.341678704653779,2.6927360739353285,4.181791330814548,0.2807079189267692,-1.774352624864773,-1.9966683821433666,0.003194009163889744,0.623435983601741,10.278021353580035,6.342042334381916,14.205466297575018,2.0878126526739784
B0056,249,101,4.0,2322.0,1.1372731775310292,0.5686365887655146,End_of_Life,3.3456418542105237,2.6899104032044447,4.173014294511639,0.2771440564752702,-1.7619972814702227,-1.9964442856948763,0.002816327829988007,0.6383060395440465,10.263503141787313,6.423916307174514,13.862516639323271,1.9934602029547672
B0056,251,102,4.0,2357.687,1.1290590137779504,0.5645295068889752,End_of_Life,3.3496423795442105,2.6950189281281465,4.181882887350109,0.29046280726574775,-1.7226331709023301,-1.9969949900194384,0.0030133855931726477,0.6830165241311364,10.452748281670244,5.330925832926126,14.899199505524647,2.1649781669232877
